customerID,gender,SeniorCitizen,Partner,Dependents,tenure,PhoneService,MultipleLines,InternetService,OnlineSecurity,OnlineBackup,DeviceProtection,TechSupport,StreamingTV,StreamingMovies,Contract,PaperlessBilling,PaymentMethod,MonthlyCharges,TotalCharges,SupportTickets6mo,Churn
CUST-10000,Male,0,No,No,22,No,No phone service,DSL,Yes,No,Yes,No,No,Yes,Two year,No,Electronic check,54.71,1186.46,1,No
CUST-10001,Female,0,No,No,68,No,No phone service,DSL,Yes,No,Yes,Yes,Yes,No,Month-to-month,Yes,Electronic check,60.16,4101.45,0,No
CUST-10002,Male,0,No,No,29,Yes,Yes,Fiber optic,Yes,Yes,Yes,No,No,Yes,One year,No,Electronic check,98.64,2840.83,0,No
CUST-10003,Male,0,Yes,Yes,6,Yes,No,Fiber optic,Yes,No,No,Yes,Yes,Yes,Month-to-month,No,Credit card (automatic),97.07,581.05,1,No
CUST-10004,Male,0,No,Yes,8,Yes,Yes,DSL,No,Yes,No,No,Yes,No,Two year,Yes,Bank transfer (automatic),53.95,415.72,0,No
CUST-10005,Female,0,Yes,Yes,72,Yes,No,No,No internet service,No internet service,No internet service,No internet service,No internet service,No internet service,Month-to-month,Yes,Mailed check,20.13,1422.12,0,No
CUST-10006,Male,1,Yes,Yes,14,No,No phone service,DSL,Yes,Yes,Yes,No,Yes,Yes,Two year,No,Credit card (automatic),72.14,1003.24,0,No
CUST-10007,Male,0,No,No,10,Yes,No,Fiber optic,Yes,No,No,No,Yes,Yes,Month-to-month,Yes,Electronic check,92.79,930.72,0,Yes
CUST-10008,Male,0,No,No,58,Yes,Yes,Fiber optic,No,Yes,No,No,Yes,Yes,Month-to-month,Yes,Bank transfer (automatic),84.54,4905.2,0,Yes
CUST-10009,Female,0,No,Yes,10,Yes,Yes,DSL,Yes,No,Yes,Yes,Yes,Yes,Month-to-month,No,Electronic check,61.74,600.1,0,No
CUST-10010,Male,0,Yes,Yes,32,Yes,No,Fiber optic,No,No,Yes,No,No,Yes,Month-to-month,Yes,Electronic check,83.65,2660.1,3,Yes
CUST-10011,Male,0,Yes,Yes,32,Yes,Yes,DSL,Yes,No,No,No,Yes,Yes,Month-to-month,Yes,Credit card (automatic),54.06,1742.06,0,Yes
CUST-10012,Male,0,Yes,No,45,Yes,No,DSL,No,Yes,No,Yes,No,No,Month-to-month,Yes,Bank transfer (automatic),61.35,2740.98,2,Yes
CUST-10013,Male,0,Yes,No,9,Yes,Yes,DSL,Yes,No,No,Yes,Yes,Yes,One year,Yes,Electronic check,61.99,561.51,1,No
CUST-10014,Female,0,Yes,No,12,Yes,No,Fiber optic,Yes,Yes,No,No,Yes,Yes,Month-to-month,Yes,Electronic check,93.78,1099.74,1,Yes
CUST-10015,Male,0,Yes,No,14,Yes,No,DSL,No,No,Yes,No,Yes,Yes,Month-to-month,Yes,Mailed check,60.21,829.41,3,Yes
CUST-10016,Female,0,Yes,No,12,Yes,Yes,Fiber optic,No,No,Yes,Yes,Yes,No,Month-to-month,Yes,Bank transfer (automatic),85.39,977.2,1,No
CUST-10017,Female,0,No,No,43,Yes,No,DSL,No,No,No,Yes,No,Yes,One year,No,Electronic check,59.0,2540.39,0,No
CUST-10018,Female,0,Yes,Yes,32,Yes,No,DSL,Yes,No,Yes,No,Yes,Yes,Month-to-month,Yes,Bank transfer (automatic),67.66,2157.96,2,No
CUST-10019,Male,0,No,No,36,Yes,Yes,No,No internet service,No internet service,No internet service,No internet service,No internet service,No internet service,One year,No,Credit card (automatic),18.0,635.29,0,No
CUST-10020,Female,0,Yes,Yes,5,No,No phone service,No,No internet service,No internet service,No internet service,No internet service,No internet service,No internet service,Month-to-month,Yes,Electronic check,18.42,114.23,0,No
CUST-10021,Male,0,No,No,29,Yes,Yes,DSL,No,Yes,No,No,Yes,Yes,Month-to-month,Yes,Credit card (automatic),54.88,1573.42,2,No
CUST-10022,Female,0,No,Yes,65,Yes,No,Fiber optic,No,Yes,Yes,No,No,No,Month-to-month,No,Electronic check,81.73,5327.47,3,Yes
CUST-10023,Female,0,Yes,No,72,Yes,Yes,Fiber optic,Yes,Yes,Yes,No,No,No,Two year,Yes,Bank transfer (automatic),88.17,6352.24,0,No
CUST-10024,Female,0,No,Yes,17,Yes,Yes,DSL,No,Yes,Yes,No,Yes,Yes,Month-to-month,Yes,Credit card (automatic),82.66,1433.43,0,Yes
CUST-10025,Female,0,Yes,No,46,No,No phone service,Fiber optic,Yes,Yes,No,No,Yes,No,Month-to-month,Yes,Mailed check,87.3,4046.59,0,No
CUST-10026,Female,1,No,No,12,Yes,Yes,No,No internet service,No internet service,No internet service,No internet service,No internet service,No internet service,One year,Yes,Electronic check,19.4,218.43,1,No
CUST-10027,Female,0,Yes,No,6,Yes,No,Fiber optic,No,No,No,No,No,Yes,Month-to-month,Yes,Credit card (automatic),70.1,433.64,2,Yes
CUST-10028,Female,0,No,No,6,Yes,No,Fiber optic,No,Yes,No,No,No,No,One year,Yes,Electronic check,73.65,488.01,0,Yes
CUST-10029,Female,0,Yes,No,59,Yes,No,Fiber optic,Yes,No,Yes,No,Yes,No,Two year,Yes,Mailed check,86.63,5120.8,0,No
CUST-10030,Male,0,Yes,No,18,Yes,Yes,Fiber optic,No,No,Yes,Yes,No,No,Two year,No,Mailed check,76.1,1361.83,0,No
CUST-10031,Male,0,No,No,15,Yes,No,Fiber optic,No,Yes,No,Yes,Yes,Yes,Month-to-month,No,Mailed check,95.4,1398.0,5,Yes
CUST-10032,Female,0,Yes,Yes,42,Yes,Yes,Fiber optic,Yes,No,No,No,No,Yes,Month-to-month,Yes,Mailed check,79.87,3313.26,1,No
CUST-10033,Female,0,No,No,7,Yes,Yes,Fiber optic,No,No,Yes,No,No,Yes,Two year,No,Mailed check,84.24,557.64,1,No
CUST-10034,Female,0,Yes,No,35,Yes,No,DSL,Yes,No,No,Yes,Yes,Yes,Month-to-month,Yes,Electronic check,62.67,2240.48,5,No
CUST-10035,Male,0,No,No,21,Yes,Yes,Fiber optic,No,No,No,No,Yes,Yes,Month-to-month,Yes,Bank transfer (automatic),82.25,1726.26,0,No
CUST-10036,Female,0,Yes,No,72,Yes,No,Fiber optic,No,No,Yes,No,No,Yes,Month-to-month,No,Electronic check,79.94,5759.2,3,No
CUST-10037,Male,1,No,No,17,Yes,Yes,DSL,Yes,Yes,No,Yes,Yes,No,Month-to-month,Yes,Electronic check,73.41,1234.68,1,No
CUST-10038,Male,0,No,No,22,Yes,Yes,Fiber optic,No,No,Yes,No,Yes,No,Two year,Yes,Mailed check,81.2,1795.93,0,Yes
CUST-10039,Male,0,Yes,No,6,Yes,No,No,No internet service,No internet service,No internet service,No internet service,No internet service,No internet service,One year,Yes,Mailed check,18.0,104.92,0,No
CUST-10040,Male,0,Yes,No,72,Yes,No,No,No internet service,No internet service,No internet service,No internet service,No internet service,No internet service,Month-to-month,Yes,Electronic check,18.79,1328.9,0,Yes
CUST-10041,Male,1,Yes,Yes,18,Yes,Yes,No,No internet service,No internet service,No internet service,No internet service,No internet service,No internet service,Two year,Yes,Mailed check,18.0,286.56,1,No
CUST-10042,Female,0,No,Yes,72,Yes,Yes,DSL,No,No,No,No,No,Yes,Month-to-month,No,Mailed check,52.0,3699.96,2,No
CUST-10043,Female,0,Yes,No,4,Yes,Yes,Fiber optic,No,Yes,No,No,No,No,Two year,Yes,Mailed check,82.44,318.31,1,No
CUST-10044,Female,0,Yes,No,30,Yes,Yes,DSL,No,No,No,Yes,No,No,Month-to-month,Yes,Bank transfer (automatic),51.69,1541.0,1,No
CUST-10045,Female,0,Yes,No,72,No,No phone service,Fiber optic,No,No,No,No,Yes,Yes,Month-to-month,Yes,Credit card (automatic),82.36,5940.61,1,Yes
CUST-10046,Female,0,Yes,Yes,14,Yes,Yes,Fiber optic,No,Yes,No,No,No,No,Month-to-month,No,Mailed check,77.43,1111.7,1,Yes
CUST-10047,Male,0,No,No,29,Yes,No,No,No internet service,No internet service,No internet service,No internet service,No internet service,No internet service,Month-to-month,Yes,Bank transfer (automatic),18.0,501.57,1,Yes
CUST-10048,Female,0,No,No,60,Yes,Yes,No,No internet service,No internet service,No internet service,No internet service,No internet service,No internet service,Month-to-month,Yes,Electronic check,18.0,1067.94,3,No
CUST-10049,Female,0,No,No,18,Yes,No,DSL,No,Yes,No,No,No,No,Month-to-month,No,Bank transfer (automatic),53.12,992.23,1,No
CUST-10050,Male,0,No,No,6,Yes,Yes,DSL,No,Yes,No,Yes,No,No,Two year,Yes,Bank transfer (automatic),54.86,356.6,0,No
CUST-10051,Female,0,No,No,16,Yes,No,No,No internet service,No internet service,No internet service,No internet service,No internet service,No internet service,Two year,Yes,Bank transfer (automatic),30.54,450.59,0,No
CUST-10052,Male,0,Yes,Yes,31,Yes,Yes,No,No internet service,No internet service,No internet service,No internet service,No internet service,No internet service,One year,Yes,Credit card (automatic),27.22,875.68,1,No
CUST-10053,Female,0,Yes,No,30,Yes,Yes,Fiber optic,No,No,No,No,No,Yes,Two year,Yes,Electronic check,71.73,2134.75,0,Yes
CUST-10054,Male,0,No,No,40,Yes,No,Fiber optic,Yes,Yes,No,No,No,Yes,Two year,Yes,Mailed check,82.89,3306.65,1,No
CUST-10055,Female,1,No,No,12,Yes,Yes,Fiber optic,No,Yes,No,Yes,No,No,One year,Yes,Electronic check,74.19,901.45,1,Yes
CUST-10056,Female,0,No,Yes,72,No,No phone service,Fiber optic,No,Yes,No,No,No,Yes,Month-to-month,Yes,Bank transfer (automatic),77.2,5545.89,1,No
CUST-10057,Male,0,Yes,No,12,Yes,Yes,DSL,Yes,No,No,Yes,No,No,Two year,No,Credit card (automatic),54.72,641.11,0,No
CUST-10058,Male,0,Yes,Yes,26,Yes,No,Fiber optic,Yes,No,No,Yes,Yes,Yes,One year,Yes,Mailed check,93.42,2414.75,0,No
CUST-10059,Male,1,Yes,No,31,Yes,No,Fiber optic,No,No,No,Yes,Yes,No,Month-to-month,Yes,Mailed check,80.39,2514.4,1,No
CUST-10060,Male,0,No,Yes,29,Yes,No,DSL,No,No,No,Yes,No,No,Month-to-month,No,Bank transfer (automatic),60.72,1745.14,2,Yes
CUST-10061,Male,0,No,Yes,9,Yes,Yes,No,No internet service,No internet service,No internet service,No internet service,No internet service,No internet service,Month-to-month,Yes,Electronic check,24.66,213.62,3,No
CUST-10062,Male,0,No,Yes,61,Yes,No,DSL,Yes,No,No,No,Yes,No,Two year,Yes,Electronic check,58.47,3565.26,2,Yes
CUST-10063,Male,0,Yes,Yes,16,Yes,No,Fiber optic,No,No,No,Yes,No,No,One year,Yes,Mailed check,78.13,1214.13,1,No
CUST-10064,Male,0,No,Yes,33,Yes,Yes,Fiber optic,No,No,No,No,Yes,No,Two year,No,Mailed check,65.27,2156.02,3,No
CUST-10065,Female,0,Yes,No,29,No,No phone service,Fiber optic,Yes,No,Yes,Yes,No,Yes,One year,No,Mailed check,80.29,2348.68,1,No
CUST-10066,Female,0,Yes,Yes,28,Yes,No,DSL,No,Yes,Yes,Yes,No,Yes,Month-to-month,Yes,Electronic check,66.9,1870.99,1,Yes
CUST-10067,Male,1,No,No,5,Yes,No,Fiber optic,No,Yes,No,Yes,No,Yes,One year,No,Mailed check,90.99,443.43,0,No
CUST-10068,Female,0,Yes,Yes,14,Yes,No,DSL,No,No,Yes,No,Yes,No,Month-to-month,Yes,Credit card (automatic),53.43,726.38,1,Yes
CUST-10069,Female,0,Yes,No,33,Yes,Yes,Fiber optic,Yes,Yes,No,No,No,No,Month-to-month,Yes,Electronic check,82.93,2725.88,2,No
CUST-10070,Female,0,No,No,5,Yes,No,DSL,Yes,No,Yes,Yes,Yes,Yes,Two year,Yes,Bank transfer (automatic),76.22,374.9,0,No
CUST-10071,Female,0,No,Yes,20,Yes,No,DSL,Yes,No,No,Yes,Yes,No,One year,No,Bank transfer (automatic),66.65,1304.43,0,No
CUST-10072,Male,0,Yes,No,27,Yes,No,No,No internet service,No internet service,No internet service,No internet service,No internet service,No internet service,Two year,Yes,Credit card (automatic),18.0,463.02,1,No
CUST-10073,Female,0,No,Yes,39,Yes,No,Fiber optic,No,Yes,No,Yes,No,Yes,Month-to-month,No,Bank transfer (automatic),85.45,3315.52,1,Yes
CUST-10074,Male,0,Yes,No,26,Yes,No,DSL,No,No,Yes,Yes,Yes,No,One year,No,Bank transfer (automatic),59.63,1522.25,0,No
CUST-10075,Female,1,No,No,21,Yes,No,No,No internet service,No internet service,No internet service,No internet service,No internet service,No internet service,Month-to-month,Yes,Bank transfer (automatic),18.0,378.77,4,Yes
CUST-10076,Female,1,No,Yes,30,Yes,No,DSL,No,Yes,No,No,Yes,No,Month-to-month,Yes,Electronic check,56.77,1712.97,2,No
CUST-10077,Female,0,No,No,20,Yes,Yes,DSL,No,Yes,No,No,No,Yes,Month-to-month,Yes,Bank transfer (automatic),50.41,995.62,1,Yes
CUST-10078,Male,0,No,Yes,11,Yes,Yes,DSL,No,No,No,Yes,Yes,Yes,One year,Yes,Mailed check,68.15,739.89,2,No
CUST-10079,Female,1,Yes,No,16,Yes,No,Fiber optic,No,Yes,No,No,Yes,Yes,Month-to-month,Yes,Mailed check,86.0,1390.21,2,Yes
CUST-10080,Male,0,Yes,No,33,Yes,No,Fiber optic,No,No,Yes,Yes,No,No,Month-to-month,No,Electronic check,79.96,2634.43,0,Yes
CUST-10081,Female,1,Yes,No,21,No,No phone service,DSL,Yes,No,No,No,Yes,No,One year,No,Electronic check,47.65,1015.61,1,No
CUST-10082,Male,0,Yes,No,72,Yes,No,DSL,Yes,Yes,No,No,Yes,Yes,One year,Yes,Electronic check,60.7,4338.16,0,No
CUST-10083,Female,0,No,Yes,8,Yes,No,Fiber optic,Yes,Yes,Yes,No,No,No,Month-to-month,No,Bank transfer (automatic),91.71,733.79,2,No
CUST-10084,Male,0,Yes,Yes,32,Yes,No,Fiber optic,Yes,No,Yes,No,Yes,Yes,Month-to-month,No,Credit card (automatic),110.95,3567.6,2,Yes
CUST-10085,Male,0,Yes,Yes,36,Yes,No,No,No internet service,No internet service,No internet service,No internet service,No internet service,No internet service,Two year,Yes,Electronic check,23.85,910.24,0,No
CUST-10086,Female,0,Yes,No,26,No,No phone service,Fiber optic,No,No,No,No,No,Yes,Two year,Yes,Electronic check,74.15,1955.14,0,No
CUST-10087,Male,0,No,Yes,19,No,No phone service,Fiber optic,No,No,No,No,No,No,Month-to-month,Yes,Credit card (automatic),66.72,1255.56,0,No
CUST-10088,Female,0,Yes,No,24,Yes,No,Fiber optic,No,No,No,No,No,Yes,Month-to-month,Yes,Bank transfer (automatic),69.74,1641.12,1,Yes
CUST-10089,Female,0,No,No,24,Yes,Yes,Fiber optic,No,Yes,Yes,Yes,No,No,One year,Yes,Credit card (automatic),78.59,1879.85,0,No
CUST-10090,Female,0,Yes,Yes,69,Yes,Yes,Fiber optic,No,Yes,Yes,No,Yes,No,Month-to-month,No,Electronic check,88.17,6105.61,0,No
CUST-10091,Female,1,Yes,No,4,Yes,Yes,DSL,Yes,No,No,No,Yes,No,Month-to-month,Yes,Credit card (automatic),56.47,206.62,1,No
CUST-10092,Female,0,No,No,11,Yes,No,Fiber optic,Yes,No,Yes,No,Yes,No,Month-to-month,No,Credit card (automatic),82.64,904.97,0,No
CUST-10093,Female,0,No,No,30,Yes,Yes,Fiber optic,No,No,Yes,Yes,No,Yes,Month-to-month,Yes,Electronic check,86.17,2568.28,1,No
CUST-10094,Female,0,No,No,51,Yes,Yes,DSL,Yes,Yes,No,No,Yes,No,One year,Yes,Electronic check,62.58,3190.11,3,No
CUST-10095,Female,0,No,No,12,Yes,Yes,Fiber optic,No,No,Yes,No,No,Yes,Month-to-month,No,Electronic check,72.32,872.54,1,No
CUST-10096,Female,1,Yes,No,9,Yes,No,Fiber optic,Yes,No,No,Yes,No,No,Month-to-month,Yes,Electronic check,86.02,789.88,1,Yes
CUST-10097,Female,0,Yes,No,22,No,No phone service,DSL,Yes,No,No,No,Yes,No,Two year,No,Credit card (automatic),63.27,1372.49,1,No
CUST-10098,Female,0,No,No,11,Yes,Yes,DSL,Yes,No,Yes,Yes,No,No,Two year,Yes,Mailed check,61.6,693.38,0,No
CUST-10099,Male,0,Yes,Yes,22,Yes,No,DSL,Yes,Yes,No,No,No,No,Two year,No,Bank transfer (automatic),65.84,1451.74,0,No
CUST-10100,Male,0,No,No,11,Yes,Yes,Fiber optic,No,No,No,Yes,Yes,Yes,Month-to-month,Yes,Credit card (automatic),89.55,962.32,1,No
CUST-10101,Female,0,No,Yes,39,Yes,Yes,Fiber optic,No,No,Yes,No,No,No,Month-to-month,Yes,Mailed check,83.79,3272.54,4,Yes
CUST-10102,Female,1,Yes,Yes,12,Yes,No,Fiber optic,No,No,No,No,No,Yes,Month-to-month,No,Bank transfer (automatic),74.57,895.71,0,Yes
CUST-10103,Female,0,No,No,4,No,No phone service,DSL,No,No,Yes,Yes,No,No,Month-to-month,No,Electronic check,61.05,260.37,0,No
CUST-10104,Female,0,Yes,No,39,Yes,No,Fiber optic,No,No,Yes,No,No,No,Month-to-month,Yes,Mailed check,76.91,2984.22,2,Yes
CUST-10105,Female,0,Yes,No,24,Yes,No,DSL,No,No,Yes,Yes,No,Yes,Two year,No,Credit card (automatic),57.54,1365.44,0,No
CUST-10106,Female,0,Yes,Yes,17,Yes,Yes,DSL,No,No,No,No,Yes,No,Two year,No,Electronic check,54.28,895.58,3,No
CUST-10107,Female,0,No,No,18,Yes,No,Fiber optic,Yes,No,No,No,No,Yes,Two year,Yes,Mailed check,86.33,1513.84,0,No
CUST-10108,Female,0,Yes,No,27,Yes,Yes,Fiber optic,No,Yes,Yes,Yes,No,No,One year,Yes,Credit card (automatic),86.85,2339.64,0,No
CUST-10109,Male,0,No,Yes,9,Yes,No,Fiber optic,No,Yes,No,No,Yes,No,One year,Yes,Bank transfer (automatic),80.64,721.11,0,Yes
CUST-10110,Female,0,No,No,6,Yes,No,DSL,Yes,No,Yes,Yes,No,Yes,One year,Yes,Bank transfer (automatic),72.73,401.08,0,No
CUST-10111,Male,0,No,No,12,Yes,Yes,Fiber optic,No,Yes,Yes,Yes,Yes,No,Two year,Yes,Credit card (automatic),86.86,1053.37,2,Yes
CUST-10112,Female,0,No,No,19,Yes,Yes,Fiber optic,No,Yes,Yes,No,No,No,One year,No,Electronic check,77.69,1488.88,0,Yes
CUST-10113,Female,0,Yes,Yes,11,Yes,No,Fiber optic,No,No,Yes,No,Yes,Yes,Month-to-month,No,Bank transfer (automatic),84.59,893.3,0,No
CUST-10114,Male,0,Yes,Yes,69,Yes,Yes,DSL,Yes,Yes,No,No,Yes,No,Month-to-month,Yes,Credit card (automatic),59.86,4119.27,2,No
CUST-10115,Female,1,Yes,No,12,Yes,No,Fiber optic,No,Yes,No,No,Yes,Yes,One year,Yes,Electronic check,80.79,979.5,1,No
CUST-10116,Male,0,No,No,25,Yes,Yes,Fiber optic,No,No,No,Yes,Yes,No,Month-to-month,No,Mailed check,75.88,1903.49,0,Yes
CUST-10117,Female,0,No,No,34,Yes,Yes,No,No internet service,No internet service,No internet service,No internet service,No internet service,No internet service,Two year,Yes,Mailed check,23.7,789.0,0,No
CUST-10118,Female,0,No,Yes,55,Yes,No,No,No internet service,No internet service,No internet service,No internet service,No internet service,No internet service,One year,Yes,Electronic check,18.07,1018.62,1,No
CUST-10119,Male,0,No,No,72,No,No phone service,No,No internet service,No internet service,No internet service,No internet service,No internet service,No internet service,One year,No,Mailed check,18.0,1261.07,0,No
CUST-10120,Female,0,No,No,72,Yes,No,Fiber optic,Yes,Yes,No,Yes,No,No,Month-to-month,No,Bank transfer (automatic),87.01,6252.27,1,No
CUST-10121,Male,0,Yes,Yes,54,No,No phone service,No,No internet service,No internet service,No internet service,No internet service,No internet service,No internet service,Month-to-month,No,Credit card (automatic),23.21,1272.93,1,No
CUST-10122,Female,0,No,No,48,Yes,No,DSL,Yes,No,No,Yes,No,Yes,Month-to-month,No,Bank transfer (automatic),65.33,3137.99,1,No
CUST-10123,Male,0,No,No,10,Yes,Yes,DSL,No,No,No,No,No,Yes,One year,No,Credit card (automatic),60.15,591.85,0,Yes
CUST-10124,Male,0,Yes,Yes,36,Yes,Yes,Fiber optic,No,No,Yes,Yes,Yes,No,Month-to-month,Yes,Electronic check,84.84,3093.91,4,Yes
CUST-10125,Female,0,No,Yes,20,Yes,No,No,No internet service,No internet service,No internet service,No internet service,No internet service,No internet service,Two year,Yes,Electronic check,18.11,352.68,1,No
CUST-10126,Female,0,Yes,No,20,Yes,Yes,Fiber optic,No,Yes,Yes,Yes,No,No,One year,Yes,Credit card (automatic),89.83,1763.11,0,No
CUST-10127,Male,0,No,No,17,Yes,Yes,DSL,No,Yes,Yes,Yes,No,Yes,One year,Yes,Credit card (automatic),67.23,1116.96,1,No
CUST-10128,Female,1,No,No,9,Yes,Yes,Fiber optic,No,No,Yes,No,Yes,No,Two year,Yes,Electronic check,80.1,751.47,0,Yes
CUST-10129,Female,0,No,No,15,Yes,No,DSL,No,No,No,No,No,No,Two year,Yes,Bank transfer (automatic),45.35,648.38,0,No
CUST-10130,Female,0,Yes,Yes,11,Yes,No,Fiber optic,No,Yes,Yes,Yes,No,Yes,Month-to-month,Yes,Mailed check,94.48,1063.19,3,Yes
CUST-10131,Male,0,No,No,4,Yes,No,DSL,No,No,No,No,No,No,Two year,Yes,Mailed check,48.26,185.34,1,No
CUST-10132,Male,1,No,No,61,Yes,No,DSL,No,No,Yes,No,No,Yes,Month-to-month,Yes,Credit card (automatic),56.87,3508.13,2,Yes
CUST-10133,Male,0,Yes,Yes,25,Yes,Yes,DSL,Yes,Yes,Yes,No,Yes,No,Month-to-month,Yes,Bank transfer (automatic),59.35,1495.74,1,No
CUST-10134,Male,0,No,No,26,Yes,No,Fiber optic,Yes,Yes,No,No,No,Yes,Month-to-month,No,Electronic check,88.68,2306.62,1,Yes
CUST-10135,Male,0,No,Yes,23,Yes,Yes,Fiber optic,No,Yes,No,Yes,Yes,No,One year,No,Electronic check,76.04,1712.35,0,No
CUST-10136,Male,0,No,Yes,51,Yes,Yes,DSL,Yes,No,No,No,No,No,Month-to-month,No,Electronic check,47.73,2421.78,3,No
CUST-10137,Male,0,Yes,Yes,27,No,No phone service,Fiber optic,Yes,Yes,Yes,No,Yes,No,One year,Yes,Bank transfer (automatic),89.65,2440.35,3,No
CUST-10138,Male,0,No,Yes,63,Yes,No,Fiber optic,No,No,Yes,Yes,Yes,No,One year,Yes,Mailed check,83.76,5315.91,0,No
CUST-10139,Male,0,No,No,39,Yes,No,No,No internet service,No internet service,No internet service,No internet service,No internet service,No internet service,One year,Yes,Credit card (automatic),24.32,916.54,0,No
CUST-10140,Female,0,Yes,No,13,Yes,No,No,No internet service,No internet service,No internet service,No internet service,No internet service,No internet service,Month-to-month,No,Credit card (automatic),18.0,217.38,3,No
CUST-10141,Male,1,Yes,No,56,Yes,No,DSL,Yes,No,No,No,No,No,Two year,No,Electronic check,57.65,3203.39,1,No
CUST-10142,Female,0,No,No,31,Yes,No,DSL,Yes,Yes,No,No,No,Yes,One year,Yes,Bank transfer (automatic),56.48,1752.75,0,No
CUST-10143,Female,0,No,No,23,Yes,No,DSL,No,Yes,Yes,No,Yes,Yes,Month-to-month,No,Mailed check,71.89,1667.35,0,Yes
CUST-10144,Female,0,No,No,47,Yes,No,Fiber optic,No,Yes,Yes,No,No,No,Two year,Yes,Electronic check,91.69,4300.24,1,No
CUST-10145,Male,0,Yes,No,25,Yes,Yes,Fiber optic,Yes,Yes,Yes,Yes,Yes,No,Month-to-month,Yes,Mailed check,91.41,2281.12,2,No
CUST-10146,Male,1,Yes,No,41,Yes,Yes,DSL,No,No,No,No,Yes,No,Month-to-month,No,Credit card (automatic),48.47,2003.12,1,No
CUST-10147,Male,0,Yes,No,8,Yes,No,No,No internet service,No internet service,No internet service,No internet service,No internet service,No internet service,One year,Yes,Mailed check,19.9,168.42,0,No
CUST-10148,Male,0,Yes,No,25,Yes,Yes,Fiber optic,No,Yes,No,No,No,Yes,Month-to-month,Yes,Bank transfer (automatic),83.12,2050.91,0,Yes
CUST-10149,Female,0,No,Yes,14,Yes,Yes,Fiber optic,Yes,No,No,Yes,No,No,Month-to-month,Yes,Mailed check,80.67,1106.55,0,Yes
CUST-10150,Male,0,No,No,72,Yes,Yes,Fiber optic,No,No,No,No,No,Yes,Two year,No,Mailed check,76.1,5495.56,1,No
CUST-10151,Male,0,No,No,60,Yes,No,Fiber optic,Yes,No,No,No,Yes,No,Month-to-month,Yes,Credit card (automatic),82.43,4949.05,2,No
CUST-10152,Male,0,Yes,No,29,Yes,No,Fiber optic,No,No,No,No,No,Yes,Month-to-month,Yes,Credit card (automatic),71.42,2082.77,1,Yes
CUST-10153,Male,0,No,Yes,56,Yes,Yes,No,No internet service,No internet service,No internet service,No internet service,No internet service,No internet service,One year,No,Electronic check,22.12,1202.84,1,No
CUST-10154,Male,0,Yes,No,14,Yes,No,DSL,No,Yes,No,Yes,No,Yes,One year,Yes,Electronic check,66.1,944.31,0,No
CUST-10155,Female,0,Yes,No,17,Yes,No,Fiber optic,Yes,No,Yes,No,No,No,One year,Yes,Mailed check,84.24,1419.85,0,No
CUST-10156,Male,1,No,Yes,3,Yes,Yes,DSL,Yes,Yes,No,No,No,No,Two year,Yes,Electronic check,63.26,199.51,1,No
CUST-10157,Female,0,No,No,39,Yes,No,Fiber optic,No,Yes,Yes,No,No,Yes,Month-to-month,No,Bank transfer (automatic),82.58,3218.72,1,Yes
CUST-10158,Male,0,No,Yes,2,Yes,No,Fiber optic,No,Yes,No,Yes,Yes,No,One year,Yes,Electronic check,92.71,205.08,0,Yes
CUST-10159,Female,0,Yes,No,15,Yes,No,DSL,No,No,Yes,No,Yes,No,One year,No,Credit card (automatic),62.62,947.69,1,No
CUST-10160,Male,0,No,No,8,Yes,Yes,DSL,No,No,Yes,No,No,Yes,Month-to-month,No,Bank transfer (automatic),53.39,418.47,5,Yes
CUST-10161,Male,0,No,No,50,Yes,Yes,DSL,Yes,Yes,Yes,Yes,Yes,Yes,Two year,No,Electronic check,78.22,3896.51,2,No
CUST-10162,Female,0,No,No,72,Yes,No,Fiber optic,No,No,Yes,No,No,No,Two year,Yes,Mailed check,68.42,4926.34,0,No
CUST-10163,Female,0,Yes,No,44,Yes,No,Fiber optic,No,No,Yes,Yes,No,No,Month-to-month,No,Electronic check,78.33,3435.96,0,No
CUST-10164,Female,0,No,Yes,39,Yes,Yes,No,No internet service,No internet service,No internet service,No internet service,No internet service,No internet service,One year,No,Electronic check,18.0,736.3,1,No
CUST-10165,Male,0,No,Yes,29,Yes,Yes,DSL,No,No,Yes,No,No,No,One year,Yes,Bank transfer (automatic),51.52,1471.68,0,No
CUST-10166,Female,1,No,Yes,27,Yes,No,DSL,No,No,Yes,No,Yes,Yes,Month-to-month,Yes,Mailed check,56.12,1516.86,3,Yes
CUST-10167,Male,0,Yes,Yes,12,Yes,Yes,Fiber optic,No,No,Yes,No,No,No,Two year,No,Bank transfer (automatic),70.97,834.42,0,No
CUST-10168,Male,0,Yes,No,5,Yes,No,DSL,Yes,No,No,No,No,Yes,One year,Yes,Mailed check,53.13,292.99,1,No
CUST-10169,Female,0,Yes,No,27,Yes,No,DSL,No,Yes,Yes,Yes,No,No,One year,Yes,Electronic check,55.2,1508.15,0,No
CUST-10170,Female,0,Yes,Yes,32,Yes,Yes,Fiber optic,No,Yes,Yes,Yes,No,Yes,Month-to-month,No,Mailed check,88.02,2780.84,1,Yes
CUST-10171,Male,0,No,Yes,31,Yes,Yes,No,No internet service,No internet service,No internet service,No internet service,No internet service,No internet service,Month-to-month,No,Bank transfer (automatic),28.99,901.24,1,No
CUST-10172,Male,0,Yes,No,35,Yes,No,No,No internet service,No internet service,No internet service,No internet service,No internet service,No internet service,Month-to-month,Yes,Electronic check,18.0,632.48,1,No
CUST-10173,Female,0,Yes,No,42,Yes,No,DSL,No,Yes,No,Yes,Yes,Yes,One year,Yes,Bank transfer (automatic),73.31,3070.31,0,No
CUST-10174,Female,0,Yes,No,26,Yes,No,DSL,No,No,No,No,No,No,One year,No,Electronic check,46.46,1210.61,1,No
CUST-10175,Female,0,Yes,No,11,Yes,No,Fiber optic,Yes,Yes,Yes,No,Yes,No,Month-to-month,No,Electronic check,94.52,1050.98,1,No
CUST-10176,Male,0,Yes,No,34,Yes,Yes,Fiber optic,No,No,Yes,Yes,No,Yes,Month-to-month,No,Mailed check,85.02,2898.36,1,No
CUST-10177,Male,1,No,Yes,40,Yes,No,Fiber optic,No,No,No,No,No,Yes,Month-to-month,No,Mailed check,69.21,2732.81,2,Yes
CUST-10178,Male,0,No,No,19,Yes,No,Fiber optic,No,No,Yes,Yes,No,Yes,One year,No,Bank transfer (automatic),95.13,1763.04,0,No
CUST-10179,Male,0,Yes,Yes,40,Yes,Yes,DSL,No,No,No,No,Yes,No,One year,No,Mailed check,45.59,1755.38,0,No
CUST-10180,Male,0,Yes,Yes,27,No,No phone service,DSL,No,Yes,No,Yes,Yes,No,Month-to-month,Yes,Electronic check,62.83,1688.82,2,No
CUST-10181,Male,0,Yes,Yes,9,Yes,No,No,No internet service,No internet service,No internet service,No internet service,No internet service,No internet service,Month-to-month,Yes,Bank transfer (automatic),22.02,181.34,0,No
CUST-10182,Female,0,Yes,No,72,Yes,No,Fiber optic,Yes,Yes,No,No,No,Yes,Month-to-month,Yes,Mailed check,76.9,5537.37,2,No
CUST-10183,Male,0,No,No,18,Yes,No,No,No internet service,No internet service,No internet service,No internet service,No internet service,No internet service,Month-to-month,Yes,Electronic check,18.0,309.91,3,No
CUST-10184,Male,0,No,Yes,10,Yes,Yes,Fiber optic,No,No,No,No,No,Yes,One year,Yes,Credit card (automatic),78.51,777.47,0,No
CUST-10185,Male,0,No,No,14,No,No phone service,Fiber optic,No,No,Yes,No,No,No,Month-to-month,Yes,Electronic check,77.49,1082.43,2,Yes
CUST-10186,Female,0,No,No,1,Yes,No,DSL,No,No,Yes,No,No,No,Month-to-month,No,Credit card (automatic),50.84,6.09,2,Yes
CUST-10187,Male,0,Yes,No,20,Yes,No,Fiber optic,Yes,No,Yes,No,Yes,Yes,One year,No,Electronic check,95.33,1921.93,1,No
CUST-10188,Male,0,No,Yes,62,Yes,No,No,No internet service,No internet service,No internet service,No internet service,No internet service,No internet service,Two year,Yes,Mailed check,20.09,1240.88,0,No
CUST-10189,Female,0,No,No,29,Yes,No,DSL,No,No,No,No,Yes,Yes,Two year,Yes,Credit card (automatic),52.06,1481.25,2,No
CUST-10190,Male,0,No,No,12,Yes,Yes,DSL,Yes,Yes,No,No,No,Yes,Two year,Yes,Bank transfer (automatic),65.01,773.05,1,Yes
CUST-10191,Male,1,Yes,Yes,24,No,No phone service,Fiber optic,No,No,Yes,No,Yes,Yes,One year,No,Electronic check,78.88,1866.72,0,No
CUST-10192,Male,1,No,Yes,24,Yes,Yes,Fiber optic,No,Yes,Yes,No,Yes,No,One year,Yes,Bank transfer (automatic),83.47,2012.61,0,No
CUST-10193,Male,0,No,Yes,19,Yes,Yes,Fiber optic,Yes,No,No,No,No,Yes,One year,No,Electronic check,85.65,1635.21,1,No
CUST-10194,Male,0,No,Yes,48,No,No phone service,Fiber optic,No,No,Yes,Yes,Yes,No,Two year,Yes,Mailed check,90.37,4334.67,0,No
CUST-10195,Female,0,Yes,No,32,Yes,No,Fiber optic,No,No,Yes,No,No,Yes,Two year,Yes,Bank transfer (automatic),83.36,2663.96,0,No
CUST-10196,Female,1,No,No,10,Yes,Yes,Fiber optic,Yes,No,No,Yes,No,Yes,Month-to-month,Yes,Mailed check,96.05,981.52,1,No
CUST-10197,Female,1,No,No,47,Yes,Yes,Fiber optic,Yes,Yes,No,Yes,No,Yes,Month-to-month,Yes,Electronic check,93.07,4389.88,5,Yes
CUST-10198,Male,0,No,Yes,58,No,No phone service,DSL,No,No,No,Yes,No,No,Month-to-month,No,Mailed check,50.28,2880.79,0,No
CUST-10199,Male,0,No,No,33,Yes,Yes,DSL,No,No,Yes,No,Yes,No,One year,No,Electronic check,63.23,2072.53,1,No
CUST-10200,Male,0,No,No,20,Yes,Yes,Fiber optic,No,No,Yes,No,No,No,One year,Yes,Mailed check,78.29,1577.89,0,Yes
CUST-10201,Female,0,Yes,No,16,No,No phone service,Fiber optic,No,Yes,No,Yes,No,Yes,Two year,No,Mailed check,86.44,1402.7,0,No
CUST-10202,Male,0,No,No,71,Yes,Yes,No,No internet service,No internet service,No internet service,No internet service,No internet service,No internet service,Month-to-month,Yes,Bank transfer (automatic),22.97,1674.29,3,Yes
CUST-10203,Male,1,Yes,Yes,31,Yes,Yes,Fiber optic,No,Yes,Yes,No,No,No,Month-to-month,Yes,Mailed check,84.21,2624.1,0,No
CUST-10204,Female,0,No,No,26,Yes,No,Fiber optic,No,Yes,Yes,Yes,Yes,No,Two year,No,Electronic check,89.93,2300.31,1,No
CUST-10205,Male,0,Yes,No,8,Yes,No,DSL,Yes,No,No,No,No,Yes,Month-to-month,Yes,Credit card (automatic),50.72,398.78,2,No
CUST-10206,Female,1,No,No,11,Yes,Yes,Fiber optic,Yes,Yes,No,No,No,Yes,Month-to-month,Yes,Bank transfer (automatic),85.65,957.8,6,Yes
CUST-10207,Female,0,No,No,6,Yes,No,DSL,No,No,No,Yes,No,Yes,One year,Yes,Electronic check,68.42,373.73,0,No
CUST-10208,Female,0,No,Yes,20,Yes,No,Fiber optic,No,Yes,Yes,Yes,Yes,Yes,Month-to-month,Yes,Credit card (automatic),108.24,2170.8,1,No
CUST-10209,Male,0,No,Yes,15,Yes,No,DSL,No,Yes,No,Yes,No,Yes,Month-to-month,Yes,Credit card (automatic),58.88,869.48,1,Yes
CUST-10210,Male,0,No,No,27,Yes,No,DSL,No,No,No,No,No,No,Month-to-month,No,Electronic check,43.02,1171.07,0,No
CUST-10211,Male,0,No,No,53,Yes,No,Fiber optic,No,No,Yes,Yes,No,Yes,Month-to-month,Yes,Bank transfer (automatic),87.78,4668.11,1,Yes
CUST-10212,Male,0,Yes,No,40,Yes,No,DSL,Yes,No,No,No,Yes,No,One year,Yes,Mailed check,54.58,2161.21,0,No
CUST-10213,Male,0,Yes,Yes,46,Yes,No,Fiber optic,No,Yes,No,No,Yes,No,Month-to-month,Yes,Electronic check,89.66,4157.87,2,Yes
CUST-10214,Male,0,Yes,No,52,Yes,Yes,Fiber optic,No,Yes,Yes,Yes,No,No,Month-to-month,Yes,Electronic check,86.54,4460.65,2,No
CUST-10215,Male,0,Yes,No,12,Yes,No,No,No internet service,No internet service,No internet service,No internet service,No internet service,No internet service,Month-to-month,No,Mailed check,18.65,234.79,3,No
CUST-10216,Female,0,No,No,18,Yes,No,DSL,No,No,No,Yes,Yes,No,One year,No,Electronic check,50.24,928.77,0,No
CUST-10217,Male,0,No,Yes,16,Yes,No,DSL,No,No,Yes,No,No,No,Month-to-month,No,Credit card (automatic),60.04,964.88,0,Yes
CUST-10218,Female,0,No,Yes,42,Yes,Yes,Fiber optic,No,No,No,No,Yes,Yes,Month-to-month,Yes,Electronic check,80.81,3377.81,2,Yes
CUST-10219,Male,0,Yes,No,8,Yes,No,DSL,No,No,No,No,No,No,Month-to-month,No,Credit card (automatic),46.94,370.97,2,No
CUST-10220,Male,0,Yes,No,64,Yes,Yes,No,No internet service,No internet service,No internet service,No internet service,No internet service,No internet service,Month-to-month,Yes,Credit card (automatic),23.7,1490.39,1,No
CUST-10221,Male,0,No,No,17,Yes,Yes,DSL,No,No,No,Yes,No,Yes,Month-to-month,Yes,Bank transfer (automatic),56.41,943.92,1,No
CUST-10222,Female,0,No,No,9,Yes,No,Fiber optic,No,No,Yes,No,Yes,No,Month-to-month,No,Electronic check,79.26,709.46,0,Yes
CUST-10223,Female,0,Yes,No,18,Yes,No,DSL,No,No,No,Yes,Yes,Yes,Two year,Yes,Bank transfer (automatic),60.93,1099.42,0,No
CUST-10224,Female,0,No,Yes,19,Yes,Yes,Fiber optic,Yes,No,No,Yes,No,Yes,Two year,Yes,Mailed check,90.14,1708.93,2,No
CUST-10225,Female,1,No,Yes,21,Yes,No,No,No internet service,No internet service,No internet service,No internet service,No internet service,No internet service,One year,No,Bank transfer (automatic),24.18,515.81,0,No
CUST-10226,Male,0,Yes,Yes,22,Yes,Yes,Fiber optic,No,No,Yes,No,Yes,No,Month-to-month,No,Electronic check,68.49,1508.07,1,Yes
CUST-10227,Female,0,No,No,52,Yes,No,Fiber optic,No,No,No,No,Yes,No,One year,Yes,Credit card (automatic),75.9,3938.3,0,No
CUST-10228,Male,0,Yes,No,31,Yes,Yes,DSL,Yes,Yes,No,Yes,No,No,Month-to-month,No,Electronic check,63.73,1993.0,1,No
CUST-10229,Male,0,No,No,9,Yes,No,No,No internet service,No internet service,No internet service,No internet service,No internet service,No internet service,One year,No,Bank transfer (automatic),25.94,229.72,0,No
CUST-10230,Female,0,Yes,Yes,18,Yes,Yes,Fiber optic,No,No,No,Yes,No,No,Month-to-month,No,Credit card (automatic),80.48,1423.26,2,Yes
CUST-10231,Female,0,Yes,No,15,Yes,Yes,DSL,No,Yes,Yes,Yes,No,No,Two year,Yes,Bank transfer (automatic),65.25,980.21,1,No
CUST-10232,Female,0,No,No,26,No,No phone service,DSL,No,No,Yes,Yes,No,Yes,Two year,No,Electronic check,64.67,1644.7,0,No
CUST-10233,Female,0,Yes,No,23,Yes,No,DSL,Yes,No,No,No,No,No,Month-to-month,No,Electronic check,59.33,1337.67,1,No
CUST-10234,Female,0,No,Yes,72,Yes,No,DSL,No,Yes,Yes,No,Yes,No,Month-to-month,No,Mailed check,73.33,5299.99,4,No
CUST-10235,Female,0,Yes,No,46,No,No phone service,No,No internet service,No internet service,No internet service,No internet service,No internet service,No internet service,One year,No,Electronic check,18.0,871.4,0,No
CUST-10236,Female,0,Yes,No,37,Yes,No,Fiber optic,No,No,No,No,Yes,Yes,Month-to-month,Yes,Electronic check,85.38,3174.3,0,No
CUST-10237,Female,1,Yes,No,2,Yes,No,DSL,No,No,No,No,No,Yes,Two year,Yes,Electronic check,43.99,101.76,0,No
CUST-10238,Male,0,No,No,44,Yes,Yes,Fiber optic,No,No,No,Yes,Yes,No,Month-to-month,No,Bank transfer (automatic),86.55,3811.97,1,No
CUST-10239,Female,0,No,Yes,4,Yes,No,Fiber optic,Yes,Yes,Yes,No,Yes,Yes,Month-to-month,Yes,Electronic check,95.54,355.34,0,No
CUST-10240,Female,0,Yes,No,17,Yes,No,DSL,No,No,No,No,Yes,No,One year,Yes,Credit card (automatic),58.12,1011.84,0,No
CUST-10241,Male,0,No,No,18,Yes,No,DSL,No,No,Yes,No,No,No,Month-to-month,No,Mailed check,49.65,893.1,2,No
CUST-10242,Female,0,No,No,50,Yes,No,DSL,No,Yes,No,Yes,Yes,Yes,Month-to-month,Yes,Bank transfer (automatic),63.94,3178.72,0,Yes
CUST-10243,Male,0,No,No,10,Yes,No,Fiber optic,Yes,Yes,No,Yes,Yes,No,One year,Yes,Electronic check,88.4,914.7,0,Yes
CUST-10244,Male,0,No,Yes,21,Yes,No,Fiber optic,Yes,No,Yes,No,No,No,One year,Yes,Credit card (automatic),85.5,1836.99,1,No
CUST-10245,Female,0,No,Yes,7,Yes,Yes,No,No internet service,No internet service,No internet service,No internet service,No internet service,No internet service,One year,No,Electronic check,20.46,100.68,1,No
CUST-10246,Male,0,No,No,35,Yes,Yes,Fiber optic,No,No,No,No,Yes,No,One year,No,Electronic check,77.81,2740.46,0,No
CUST-10247,Male,0,Yes,Yes,17,Yes,No,Fiber optic,Yes,No,Yes,No,No,Yes,Month-to-month,No,Electronic check,82.2,1399.72,1,No
CUST-10248,Male,1,Yes,No,28,Yes,No,No,No internet service,No internet service,No internet service,No internet service,No internet service,No internet service,Month-to-month,Yes,Electronic check,20.98,596.85,0,No
CUST-10249,Male,0,Yes,Yes,1,Yes,No,Fiber optic,No,Yes,Yes,No,No,No,Month-to-month,No,Mailed check,84.09,115.55,3,Yes
CUST-10250,Female,0,Yes,Yes,9,Yes,No,Fiber optic,Yes,No,Yes,No,No,No,Two year,Yes,Bank transfer (automatic),92.79,844.07,0,No
CUST-10251,Male,0,No,No,28,No,No phone service,Fiber optic,No,No,No,Yes,No,No,Month-to-month,Yes,Electronic check,68.68,1921.34,1,Yes
CUST-10252,Female,0,Yes,Yes,39,Yes,No,Fiber optic,No,No,No,No,Yes,Yes,Month-to-month,Yes,Bank transfer (automatic),81.92,3175.22,0,No
CUST-10253,Male,0,Yes,No,64,Yes,Yes,Fiber optic,No,No,Yes,Yes,Yes,Yes,Two year,No,Bank transfer (automatic),88.13,5640.2,1,Yes
CUST-10254,Male,0,No,No,58,Yes,No,Fiber optic,Yes,Yes,Yes,No,Yes,Yes,Two year,Yes,Credit card (automatic),97.89,5687.2,0,No
CUST-10255,Male,0,Yes,No,15,Yes,No,Fiber optic,No,Yes,No,No,No,No,Two year,No,Electronic check,77.68,1123.98,2,No
CUST-10256,Male,0,Yes,No,27,Yes,Yes,Fiber optic,No,No,No,No,No,No,Month-to-month,Yes,Electronic check,76.34,2047.68,3,Yes
CUST-10257,Female,0,Yes,Yes,42,Yes,No,No,No internet service,No internet service,No internet service,No internet service,No internet service,No internet service,One year,Yes,Electronic check,18.79,789.61,1,No
CUST-10258,Female,0,No,No,31,Yes,Yes,Fiber optic,Yes,Yes,Yes,No,No,Yes,Month-to-month,No,Mailed check,96.3,2975.75,1,Yes
CUST-10259,Male,1,Yes,No,18,Yes,No,DSL,No,Yes,No,No,Yes,No,Two year,Yes,Mailed check,62.66,1160.33,1,No
CUST-10260,Male,0,Yes,No,28,Yes,Yes,Fiber optic,No,No,Yes,No,Yes,Yes,Month-to-month,No,Mailed check,81.5,2252.58,4,Yes
CUST-10261,Female,0,No,No,61,Yes,No,No,No internet service,No internet service,No internet service,No internet service,No internet service,No internet service,Month-to-month,Yes,Electronic check,18.0,1057.7,0,Yes
CUST-10262,Male,0,No,No,24,Yes,Yes,Fiber optic,No,No,No,Yes,No,No,Month-to-month,No,Bank transfer (automatic),68.75,1690.26,2,Yes
CUST-10263,Male,0,No,No,36,Yes,Yes,DSL,Yes,No,Yes,Yes,No,Yes,Month-to-month,No,Electronic check,61.95,2227.56,1,No
CUST-10264,Male,0,No,No,30,Yes,Yes,No,No internet service,No internet service,No internet service,No internet service,No internet service,No internet service,One year,Yes,Mailed check,19.56,568.41,1,No
CUST-10265,Female,0,Yes,Yes,14,Yes,No,Fiber optic,No,Yes,No,No,No,No,Two year,Yes,Electronic check,77.74,1110.06,0,No
CUST-10266,Female,0,Yes,Yes,50,Yes,No,No,No internet service,No internet service,No internet service,No internet service,No internet service,No internet service,One year,No,Bank transfer (automatic),18.0,892.69,0,No
CUST-10267,Female,0,Yes,No,24,No,No phone service,DSL,Yes,No,No,No,No,No,Month-to-month,No,Bank transfer (automatic),57.69,1382.27,2,No
CUST-10268,Male,0,Yes,Yes,18,No,No phone service,No,No internet service,No internet service,No internet service,No internet service,No internet service,No internet service,Two year,Yes,Bank transfer (automatic),28.65,515.79,1,Yes
CUST-10269,Male,0,Yes,Yes,29,Yes,Yes,DSL,No,No,No,No,No,Yes,Month-to-month,No,Credit card (automatic),49.03,1443.29,1,No
CUST-10270,Female,0,Yes,Yes,54,Yes,Yes,Fiber optic,No,No,No,Yes,No,No,Month-to-month,No,Bank transfer (automatic),68.67,3710.45,2,No
CUST-10271,Female,0,No,No,28,Yes,Yes,Fiber optic,No,No,No,No,Yes,No,Month-to-month,Yes,Electronic check,80.05,2262.88,1,Yes
CUST-10272,Female,0,No,No,28,Yes,Yes,Fiber optic,No,Yes,Yes,Yes,No,Yes,Month-to-month,Yes,Electronic check,92.65,2610.1,0,Yes
CUST-10273,Female,0,Yes,No,35,Yes,Yes,Fiber optic,No,No,Yes,Yes,No,No,Month-to-month,No,Credit card (automatic),76.66,2660.57,2,Yes
CUST-10274,Male,0,No,No,41,Yes,Yes,Fiber optic,Yes,No,Yes,Yes,No,No,Month-to-month,No,Credit card (automatic),95.16,3907.09,2,Yes
CUST-10275,Female,0,Yes,No,20,Yes,No,DSL,Yes,Yes,Yes,No,No,Yes,Two year,No,Bank transfer (automatic),63.38,1251.73,2,No
CUST-10276,Male,1,Yes,No,22,No,No phone service,Fiber optic,Yes,Yes,No,No,No,No,Two year,Yes,Bank transfer (automatic),86.05,1907.85,0,No
CUST-10277,Female,0,No,No,19,Yes,No,Fiber optic,No,Yes,Yes,No,Yes,Yes,Month-to-month,No,Electronic check,89.88,1703.35,0,No
CUST-10278,Male,0,Yes,No,35,Yes,No,Fiber optic,No,Yes,No,No,No,Yes,Month-to-month,No,Credit card (automatic),85.41,2987.62,1,No
CUST-10279,Female,0,Yes,No,24,Yes,Yes,DSL,No,No,No,No,Yes,No,Month-to-month,Yes,Electronic check,47.18,1100.91,1,No
CUST-10280,Female,0,Yes,No,25,Yes,Yes,DSL,No,No,No,No,No,No,Month-to-month,No,Mailed check,49.47,1227.27,2,Yes
CUST-10281,Female,0,No,No,26,Yes,Yes,Fiber optic,Yes,No,Yes,Yes,Yes,Yes,Month-to-month,No,Mailed check,94.18,2416.26,0,No
CUST-10282,Female,1,No,No,8,Yes,No,Fiber optic,Yes,Yes,Yes,No,Yes,Yes,Month-to-month,Yes,Mailed check,105.47,821.64,2,Yes
CUST-10283,Male,1,Yes,No,39,Yes,No,No,No internet service,No internet service,No internet service,No internet service,No internet service,No internet service,One year,No,Mailed check,21.29,821.83,0,No
CUST-10284,Female,0,No,No,19,Yes,Yes,DSL,No,No,Yes,No,Yes,Yes,One year,No,Mailed check,54.53,1051.59,1,No
CUST-10285,Male,0,No,No,24,Yes,Yes,No,No internet service,No internet service,No internet service,No internet service,No internet service,No internet service,Month-to-month,Yes,Mailed check,18.77,415.91,0,No
CUST-10286,Male,0,No,No,17,Yes,No,No,No internet service,No internet service,No internet service,No internet service,No internet service,No internet service,One year,No,Mailed check,19.31,296.22,1,Yes
CUST-10287,Male,0,No,No,10,Yes,No,DSL,No,No,No,No,No,Yes,One year,No,Electronic check,43.21,448.9,0,No
CUST-10288,Male,1,Yes,No,28,Yes,Yes,Fiber optic,No,No,No,No,Yes,Yes,Month-to-month,Yes,Bank transfer (automatic),86.33,2421.37,3,Yes
CUST-10289,Female,0,Yes,No,33,Yes,Yes,Fiber optic,Yes,Yes,Yes,Yes,Yes,Yes,Month-to-month,Yes,Credit card (automatic),106.46,3531.73,3,No
CUST-10290,Male,0,No,No,72,Yes,No,Fiber optic,No,No,No,No,No,No,Two year,Yes,Mailed check,62.12,4482.21,1,No
CUST-10291,Male,1,No,No,16,Yes,No,Fiber optic,No,No,Yes,No,Yes,No,One year,Yes,Bank transfer (automatic),83.72,1347.83,0,No
CUST-10292,Male,0,No,No,43,Yes,No,Fiber optic,Yes,No,No,Yes,No,No,Month-to-month,No,Mailed check,75.41,3234.97,0,No
CUST-10293,Female,0,No,No,19,Yes,Yes,DSL,No,No,No,No,No,Yes,One year,Yes,Electronic check,49.18,913.06,0,No
CUST-10294,Female,1,No,No,46,Yes,No,DSL,Yes,Yes,Yes,Yes,No,No,Month-to-month,No,Mailed check,63.9,2960.24,2,No
CUST-10295,Female,0,No,No,37,Yes,Yes,DSL,No,Yes,No,No,Yes,No,One year,No,Electronic check,54.25,2013.3,2,No
CUST-10296,Female,0,No,No,16,Yes,No,Fiber optic,Yes,Yes,No,No,No,No,Month-to-month,Yes,Bank transfer (automatic),77.7,1257.71,0,No
CUST-10297,Male,0,No,Yes,9,Yes,Yes,DSL,No,No,No,Yes,No,No,Month-to-month,Yes,Mailed check,55.97,540.84,2,No
CUST-10298,Male,0,No,No,7,Yes,Yes,No,No internet service,No internet service,No internet service,No internet service,No internet service,No internet service,One year,Yes,Electronic check,23.79,160.68,0,No
CUST-10299,Female,0,Yes,No,49,Yes,No,Fiber optic,No,No,Yes,Yes,No,Yes,One year,Yes,Mailed check,88.68,4355.24,1,No
CUST-10300,Male,0,Yes,No,12,No,No phone service,Fiber optic,Yes,No,No,No,No,Yes,Month-to-month,Yes,Credit card (automatic),77.86,941.97,0,Yes
CUST-10301,Male,1,No,No,48,Yes,No,No,No internet service,No internet service,No internet service,No internet service,No internet service,No internet service,Month-to-month,Yes,Mailed check,22.43,1089.49,4,No
CUST-10302,Male,0,No,Yes,25,Yes,No,DSL,Yes,Yes,Yes,No,No,No,Month-to-month,Yes,Credit card (automatic),61.5,1554.19,2,No
CUST-10303,Female,0,No,No,20,No,No phone service,DSL,Yes,No,No,No,Yes,No,Month-to-month,Yes,Credit card (automatic),55.89,1090.18,2,No
CUST-10304,Female,0,No,No,41,Yes,No,No,No internet service,No internet service,No internet service,No internet service,No internet service,No internet service,Month-to-month,No,Bank transfer (automatic),22.31,914.49,2,No
CUST-10305,Male,0,Yes,Yes,19,Yes,Yes,Fiber optic,Yes,No,Yes,Yes,No,No,One year,Yes,Credit card (automatic),87.69,1652.62,1,No
CUST-10306,Female,0,Yes,No,38,Yes,No,DSL,No,Yes,No,Yes,No,No,Month-to-month,Yes,Mailed check,62.82,2371.84,2,No
CUST-10307,Female,0,No,No,16,Yes,No,DSL,No,No,No,No,No,Yes,One year,No,Mailed check,54.28,887.35,1,Yes
CUST-10308,Female,0,Yes,No,61,Yes,No,No,No internet service,No internet service,No internet service,No internet service,No internet service,No internet service,One year,Yes,Credit card (automatic),26.21,1615.17,0,No
CUST-10309,Female,0,Yes,Yes,14,Yes,Yes,Fiber optic,Yes,No,Yes,No,No,Yes,Month-to-month,Yes,Mailed check,83.74,1157.74,1,Yes
CUST-10310,Female,0,Yes,No,39,Yes,Yes,DSL,Yes,No,No,No,No,Yes,One year,No,Electronic check,65.0,2531.84,0,No
CUST-10311,Male,0,Yes,No,53,Yes,Yes,No,No internet service,No internet service,No internet service,No internet service,No internet service,No internet service,Two year,No,Electronic check,18.99,1033.8,0,No
CUST-10312,Female,0,No,Yes,0,Yes,Yes,Fiber optic,Yes,Yes,No,No,No,Yes,Month-to-month,Yes,Bank transfer (automatic),92.69,,0,Yes
CUST-10313,Male,0,Yes,Yes,36,Yes,No,No,No internet service,No internet service,No internet service,No internet service,No internet service,No internet service,Two year,Yes,Mailed check,23.56,854.66,0,No
CUST-10314,Male,0,No,Yes,14,No,No phone service,DSL,Yes,No,Yes,Yes,Yes,No,One year,Yes,Electronic check,68.98,982.26,0,No
CUST-10315,Female,0,Yes,No,41,Yes,No,Fiber optic,No,No,Yes,No,Yes,Yes,One year,Yes,Credit card (automatic),87.18,3588.15,0,No
CUST-10316,Male,0,No,Yes,30,Yes,Yes,DSL,Yes,No,No,No,Yes,Yes,Month-to-month,No,Mailed check,72.27,2152.11,1,No
CUST-10317,Male,0,Yes,Yes,35,No,No phone service,Fiber optic,No,Yes,Yes,Yes,Yes,No,One year,Yes,Mailed check,101.21,3591.43,1,No
CUST-10318,Male,0,No,No,24,Yes,No,DSL,Yes,Yes,No,No,Yes,No,Month-to-month,Yes,Electronic check,62.75,1523.22,0,Yes
CUST-10319,Female,0,No,No,56,Yes,Yes,DSL,Yes,No,Yes,No,No,No,One year,No,Electronic check,57.23,3216.16,0,No
CUST-10320,Female,0,Yes,No,7,No,No phone service,DSL,Yes,Yes,No,Yes,Yes,No,Two year,No,Electronic check,63.32,463.9,0,No
CUST-10321,Male,0,No,No,52,Yes,No,DSL,Yes,No,No,No,No,Yes,Month-to-month,No,Mailed check,51.18,2669.18,2,No
CUST-10322,Female,0,No,Yes,16,Yes,Yes,No,No internet service,No internet service,No internet service,No internet service,No internet service,No internet service,Month-to-month,Yes,Bank transfer (automatic),18.35,292.28,3,No
CUST-10323,Female,0,Yes,No,4,Yes,Yes,DSL,Yes,Yes,Yes,No,Yes,Yes,Month-to-month,Yes,Bank transfer (automatic),72.47,275.01,0,No
CUST-10324,Female,0,Yes,Yes,26,Yes,No,Fiber optic,No,No,No,No,Yes,Yes,Month-to-month,Yes,Electronic check,85.38,2195.88,1,Yes
CUST-10325,Female,0,No,No,15,Yes,Yes,Fiber optic,No,No,Yes,No,No,No,Two year,No,Credit card (automatic),85.71,1262.68,1,No
CUST-10326,Male,0,No,No,34,Yes,Yes,Fiber optic,No,No,No,Yes,No,No,Month-to-month,No,Electronic check,65.15,2229.47,3,No
CUST-10327,Male,0,Yes,Yes,37,Yes,Yes,Fiber optic,No,No,Yes,No,Yes,No,Month-to-month,Yes,Electronic check,75.0,2805.27,1,No
CUST-10328,Female,0,Yes,No,22,Yes,No,Fiber optic,Yes,No,Yes,No,Yes,Yes,Month-to-month,Yes,Credit card (automatic),94.41,2058.12,3,Yes
CUST-10329,Female,0,No,No,36,No,No phone service,No,No internet service,No internet service,No internet service,No internet service,No internet service,No internet service,Two year,Yes,Electronic check,18.0,638.89,1,No
CUST-10330,Male,0,No,Yes,31,Yes,No,Fiber optic,Yes,Yes,No,No,Yes,No,Month-to-month,Yes,Bank transfer (automatic),92.81,2873.78,0,Yes
CUST-10331,Male,0,No,No,26,Yes,No,No,No internet service,No internet service,No internet service,No internet service,No internet service,No internet service,Two year,No,Electronic check,24.75,673.54,0,No
CUST-10332,Female,0,Yes,No,22,Yes,No,Fiber optic,Yes,No,No,No,No,Yes,One year,Yes,Electronic check,84.75,1871.17,0,No
CUST-10333,Male,0,No,No,17,Yes,No,Fiber optic,Yes,No,No,No,Yes,Yes,Two year,Yes,Bank transfer (automatic),79.76,1369.87,0,No
CUST-10334,Female,1,Yes,No,72,Yes,Yes,Fiber optic,No,Yes,Yes,No,Yes,No,Month-to-month,No,Electronic check,81.43,5890.94,0,No
CUST-10335,Female,0,Yes,No,25,Yes,No,DSL,Yes,No,Yes,No,No,No,Month-to-month,Yes,Electronic check,61.64,1526.91,1,No
CUST-10336,Male,1,No,Yes,32,Yes,Yes,DSL,No,No,No,No,No,No,Month-to-month,Yes,Mailed check,35.52,1149.07,1,No
CUST-10337,Male,0,No,Yes,40,Yes,No,Fiber optic,No,No,No,No,No,No,Month-to-month,Yes,Electronic check,71.73,2877.19,0,No
CUST-10338,Female,0,Yes,No,20,Yes,No,Fiber optic,No,No,Yes,No,No,Yes,One year,No,Credit card (automatic),77.64,1558.43,0,Yes
CUST-10339,Female,0,Yes,Yes,34,Yes,Yes,Fiber optic,No,Yes,Yes,No,Yes,No,Month-to-month,Yes,Credit card (automatic),80.48,2726.82,0,No
CUST-10340,Male,1,No,No,72,Yes,No,DSL,Yes,Yes,No,No,No,No,Month-to-month,Yes,Bank transfer (automatic),55.03,3982.79,0,No
CUST-10341,Female,0,No,No,14,Yes,Yes,Fiber optic,No,Yes,No,Yes,No,Yes,One year,Yes,Electronic check,100.18,1402.87,0,No
CUST-10342,Male,0,No,Yes,72,Yes,No,No,No internet service,No internet service,No internet service,No internet service,No internet service,No internet service,Month-to-month,Yes,Mailed check,21.73,1573.52,2,No
CUST-10343,Female,0,No,Yes,42,Yes,No,Fiber optic,No,No,Yes,No,Yes,No,Month-to-month,Yes,Bank transfer (automatic),84.68,3581.55,1,No
CUST-10344,Male,0,Yes,No,16,Yes,No,DSL,No,Yes,No,No,No,No,Month-to-month,No,Electronic check,49.09,748.78,2,No
CUST-10345,Male,0,No,No,13,No,No phone service,Fiber optic,No,No,Yes,No,Yes,Yes,One year,Yes,Electronic check,91.7,1173.86,0,No
CUST-10346,Male,0,No,No,72,Yes,Yes,No,No internet service,No internet service,No internet service,No internet service,No internet service,No internet service,Month-to-month,Yes,Credit card (automatic),26.36,1886.86,2,No
CUST-10347,Female,0,No,No,49,Yes,No,No,No internet service,No internet service,No internet service,No internet service,No internet service,No internet service,One year,No,Mailed check,20.01,973.74,1,No
CUST-10348,Female,0,No,Yes,23,Yes,No,No,No internet service,No internet service,No internet service,No internet service,No internet service,No internet service,Month-to-month,Yes,Bank transfer (automatic),18.0,407.12,2,No
CUST-10349,Male,0,No,No,17,Yes,No,DSL,No,No,No,No,Yes,No,Month-to-month,Yes,Electronic check,52.67,903.19,0,No
CUST-10350,Female,0,Yes,Yes,16,Yes,No,Fiber optic,No,No,Yes,No,Yes,No,Two year,No,Bank transfer (automatic),85.52,1362.84,0,No
CUST-10351,Male,0,Yes,No,22,Yes,Yes,No,No internet service,No internet service,No internet service,No internet service,No internet service,No internet service,One year,Yes,Electronic check,22.63,498.42,0,No
CUST-10352,Male,1,No,No,24,Yes,No,DSL,No,No,No,No,No,No,One year,No,Credit card (automatic),43.06,1068.07,0,No
CUST-10353,Female,0,Yes,No,29,Yes,Yes,DSL,No,No,No,No,Yes,Yes,One year,Yes,Electronic check,59.56,1724.7,1,No
CUST-10354,Female,0,Yes,No,11,Yes,No,DSL,No,Yes,Yes,Yes,Yes,No,Month-to-month,No,Credit card (automatic),65.88,703.4,1,Yes
CUST-10355,Male,0,No,No,15,No,No phone service,No,No internet service,No internet service,No internet service,No internet service,No internet service,No internet service,Two year,No,Mailed check,27.45,425.14,1,No
CUST-10356,Female,0,No,No,21,Yes,No,Fiber optic,No,No,No,No,No,Yes,One year,Yes,Bank transfer (automatic),75.82,1596.69,1,Yes
CUST-10357,Female,0,Yes,No,72,Yes,No,No,No internet service,No internet service,No internet service,No internet service,No internet service,No internet service,One year,Yes,Credit card (automatic),18.0,1356.2,0,No
CUST-10358,Male,0,No,No,31,Yes,Yes,DSL,Yes,Yes,Yes,No,No,Yes,Two year,Yes,Electronic check,71.09,2193.76,0,No
CUST-10359,Male,0,No,No,8,Yes,Yes,Fiber optic,No,No,Yes,No,Yes,No,Month-to-month,No,Electronic check,82.49,671.95,2,Yes
CUST-10360,Female,0,No,No,12,Yes,Yes,DSL,No,Yes,No,No,No,No,One year,Yes,Credit card (automatic),49.36,594.13,1,Yes
CUST-10361,Male,0,No,Yes,72,Yes,No,DSL,No,No,No,No,No,No,Two year,No,Mailed check,44.84,3246.22,2,No
CUST-10362,Male,0,Yes,Yes,56,Yes,Yes,Fiber optic,Yes,Yes,No,Yes,No,Yes,Month-to-month,No,Bank transfer (automatic),85.61,4786.23,0,No
CUST-10363,Female,0,Yes,Yes,19,Yes,No,Fiber optic,Yes,Yes,No,No,No,No,Month-to-month,Yes,Electronic check,76.48,1485.11,1,Yes
CUST-10364,Male,1,Yes,No,36,Yes,No,Fiber optic,No,Yes,No,No,No,Yes,One year,Yes,Bank transfer (automatic),77.96,2797.44,0,Yes
CUST-10365,Male,0,No,Yes,33,Yes,No,No,No internet service,No internet service,No internet service,No internet service,No internet service,No internet service,Month-to-month,Yes,Electronic check,23.64,836.44,0,No
CUST-10366,Female,0,No,No,25,Yes,No,DSL,Yes,Yes,No,No,Yes,Yes,Two year,No,Bank transfer (automatic),70.04,1733.48,1,Yes
CUST-10367,Female,0,No,No,13,Yes,Yes,DSL,No,No,Yes,No,Yes,Yes,Month-to-month,Yes,Electronic check,55.11,698.89,2,Yes
CUST-10368,Male,0,No,Yes,5,Yes,No,Fiber optic,No,No,No,No,No,Yes,One year,Yes,Mailed check,74.48,337.3,0,No
CUST-10369,Male,0,No,No,46,Yes,No,No,No internet service,No internet service,No internet service,No internet service,No internet service,No internet service,Month-to-month,Yes,Electronic check,20.81,1005.47,3,No
CUST-10370,Female,0,No,Yes,34,Yes,Yes,No,No internet service,No internet service,No internet service,No internet service,No internet service,No internet service,Month-to-month,Yes,Bank transfer (automatic),24.27,836.9,1,No
CUST-10371,Female,0,Yes,No,13,Yes,No,Fiber optic,Yes,Yes,Yes,Yes,No,No,Two year,Yes,Electronic check,79.52,1055.27,0,No
CUST-10372,Female,0,Yes,No,54,Yes,No,Fiber optic,No,Yes,No,No,Yes,No,One year,No,Mailed check,73.95,3984.95,1,No
CUST-10373,Female,0,No,No,70,Yes,No,DSL,Yes,No,No,No,No,No,Month-to-month,No,Bank transfer (automatic),47.15,3292.76,1,No
CUST-10374,Male,0,Yes,Yes,30,No,No phone service,DSL,Yes,No,No,No,Yes,No,Month-to-month,No,Electronic check,43.72,1346.56,1,Yes
CUST-10375,Female,0,Yes,No,25,Yes,No,Fiber optic,No,No,Yes,No,No,Yes,One year,No,Credit card (automatic),87.45,2199.68,1,No
CUST-10376,Female,0,No,No,7,Yes,No,No,No internet service,No internet service,No internet service,No internet service,No internet service,No internet service,Two year,No,Bank transfer (automatic),21.34,198.82,0,No
CUST-10377,Male,0,Yes,No,22,Yes,No,Fiber optic,Yes,No,Yes,No,Yes,Yes,One year,Yes,Bank transfer (automatic),95.54,2151.43,2,Yes
CUST-10378,Female,0,No,No,11,Yes,No,Fiber optic,No,No,No,Yes,No,No,One year,No,Electronic check,72.45,803.9,0,No
CUST-10379,Male,0,Yes,Yes,23,No,No phone service,Fiber optic,No,Yes,Yes,Yes,No,Yes,Month-to-month,Yes,Bank transfer (automatic),93.38,2170.63,1,No
CUST-10380,Female,0,Yes,No,51,Yes,Yes,Fiber optic,Yes,No,Yes,Yes,No,Yes,Two year,Yes,Electronic check,93.3,4720.57,0,No
CUST-10381,Female,0,Yes,No,39,Yes,Yes,No,No internet service,No internet service,No internet service,No internet service,No internet service,No internet service,One year,Yes,Credit card (automatic),18.14,716.42,0,No
CUST-10382,Female,0,No,Yes,55,Yes,Yes,Fiber optic,No,Yes,Yes,Yes,No,No,Month-to-month,Yes,Electronic check,91.75,5036.59,4,Yes
CUST-10383,Male,0,Yes,No,21,No,No phone service,DSL,No,No,No,No,Yes,No,Month-to-month,Yes,Electronic check,52.86,1112.53,1,No
CUST-10384,Male,0,No,No,8,Yes,Yes,No,No internet service,No internet service,No internet service,No internet service,No internet service,No internet service,One year,Yes,Electronic check,21.06,168.74,0,No
CUST-10385,Female,1,No,No,20,No,No phone service,Fiber optic,Yes,No,No,No,Yes,Yes,Two year,No,Credit card (automatic),85.24,1704.54,1,No
CUST-10386,Male,0,No,Yes,30,Yes,Yes,Fiber optic,Yes,Yes,No,Yes,No,Yes,One year,Yes,Bank transfer (automatic),88.45,2686.99,0,No
CUST-10387,Male,0,Yes,Yes,57,Yes,No,No,No internet service,No internet service,No internet service,No internet service,No internet service,No internet service,Two year,Yes,Electronic check,20.22,1156.38,2,No
CUST-10388,Male,0,Yes,No,45,Yes,Yes,DSL,Yes,Yes,Yes,No,No,No,Month-to-month,No,Credit card (automatic),63.69,2845.08,1,No
CUST-10389,Male,0,No,No,6,Yes,No,Fiber optic,No,No,No,No,Yes,Yes,One year,Yes,Electronic check,80.65,487.87,0,No
CUST-10390,Male,0,No,Yes,30,Yes,Yes,Fiber optic,No,No,Yes,Yes,No,Yes,Two year,Yes,Bank transfer (automatic),93.78,2807.24,0,No
CUST-10391,Male,1,No,No,50,Yes,No,Fiber optic,No,No,Yes,Yes,No,No,Month-to-month,No,Bank transfer (automatic),79.11,3978.28,1,Yes
CUST-10392,Female,1,Yes,Yes,60,Yes,Yes,No,No internet service,No internet service,No internet service,No internet service,No internet service,No internet service,Month-to-month,Yes,Credit card (automatic),23.64,1408.17,0,No
CUST-10393,Female,0,No,No,53,No,No phone service,Fiber optic,Yes,No,No,Yes,No,Yes,One year,Yes,Mailed check,80.46,4279.43,0,No
CUST-10394,Male,1,Yes,No,15,No,No phone service,Fiber optic,No,Yes,No,No,Yes,No,Two year,Yes,Mailed check,77.99,1177.1,1,No
CUST-10395,Female,1,Yes,No,15,Yes,No,No,No internet service,No internet service,No internet service,No internet service,No internet service,No internet service,Month-to-month,Yes,Bank transfer (automatic),18.0,280.18,0,Yes
CUST-10396,Female,0,Yes,No,72,Yes,No,DSL,Yes,No,No,Yes,No,Yes,Month-to-month,Yes,Mailed check,58.92,4220.21,0,No
CUST-10397,Female,1,Yes,No,18,Yes,No,Fiber optic,No,No,No,No,No,No,Month-to-month,Yes,Electronic check,76.39,1367.61,0,Yes
CUST-10398,Female,0,No,No,70,Yes,No,Fiber optic,Yes,No,No,Yes,No,Yes,Month-to-month,Yes,Bank transfer (automatic),81.12,5688.3,1,No
CUST-10399,Male,0,Yes,No,12,Yes,Yes,No,No internet service,No internet service,No internet service,No internet service,No internet service,No internet service,Month-to-month,Yes,Bank transfer (automatic),27.44,315.16,1,No
CUST-10400,Female,0,No,No,23,Yes,No,Fiber optic,No,Yes,Yes,Yes,Yes,No,One year,No,Mailed check,90.06,2089.97,0,No
CUST-10401,Female,0,Yes,Yes,3,Yes,Yes,Fiber optic,No,No,Yes,No,Yes,Yes,Two year,Yes,Electronic check,80.81,243.76,1,No
CUST-10402,Male,1,No,No,22,Yes,Yes,DSL,No,No,Yes,Yes,No,No,One year,No,Electronic check,55.67,1251.81,1,No
CUST-10403,Male,0,Yes,Yes,13,Yes,No,No,No internet service,No internet service,No internet service,No internet service,No internet service,No internet service,Month-to-month,Yes,Bank transfer (automatic),19.32,228.24,3,No
CUST-10404,Female,0,Yes,No,40,Yes,Yes,Fiber optic,No,No,No,No,Yes,Yes,Two year,No,Bank transfer (automatic),81.38,3284.41,1,No
CUST-10405,Female,0,Yes,Yes,39,Yes,No,Fiber optic,No,Yes,Yes,Yes,Yes,Yes,One year,Yes,Credit card (automatic),90.54,3529.24,1,No
CUST-10406,Female,1,Yes,No,35,Yes,Yes,DSL,No,Yes,No,No,Yes,No,Month-to-month,Yes,Bank transfer (automatic),55.57,1946.52,3,Yes
CUST-10407,Female,1,No,Yes,14,Yes,Yes,Fiber optic,No,No,No,Yes,Yes,No,Month-to-month,Yes,Bank transfer (automatic),73.44,1027.2,1,No
CUST-10408,Female,0,Yes,No,56,Yes,No,DSL,No,No,No,No,No,Yes,One year,No,Electronic check,48.21,2712.59,0,No
CUST-10409,Female,0,No,No,26,Yes,Yes,No,No internet service,No internet service,No internet service,No internet service,No internet service,No internet service,One year,Yes,Electronic check,18.0,429.93,1,No
CUST-10410,Male,0,Yes,No,42,Yes,No,No,No internet service,No internet service,No internet service,No internet service,No internet service,No internet service,One year,Yes,Bank transfer (automatic),18.0,751.68,1,No
CUST-10411,Female,0,No,No,53,Yes,No,DSL,No,No,No,No,No,Yes,Month-to-month,Yes,Electronic check,54.25,2843.74,1,No
CUST-10412,Female,0,No,No,28,Yes,Yes,Fiber optic,No,Yes,No,No,Yes,Yes,Two year,Yes,Credit card (automatic),93.35,2610.2,1,No
CUST-10413,Male,0,Yes,No,8,Yes,No,Fiber optic,No,No,Yes,No,No,No,Month-to-month,No,Credit card (automatic),76.97,615.31,1,Yes
CUST-10414,Male,0,Yes,No,31,Yes,No,No,No internet service,No internet service,No internet service,No internet service,No internet service,No internet service,One year,No,Mailed check,18.0,574.05,0,No
CUST-10415,Male,0,Yes,No,22,Yes,No,Fiber optic,No,No,Yes,Yes,Yes,No,One year,Yes,Mailed check,85.68,1912.02,0,No
CUST-10416,Male,0,No,Yes,12,Yes,Yes,No,No internet service,No internet service,No internet service,No internet service,No internet service,No internet service,Month-to-month,Yes,Mailed check,25.92,305.44,1,No
CUST-10417,Female,0,Yes,No,65,No,No phone service,Fiber optic,Yes,Yes,Yes,No,No,Yes,Month-to-month,Yes,Bank transfer (automatic),95.32,6160.87,2,Yes
CUST-10418,Female,0,No,No,20,Yes,No,DSL,No,Yes,No,Yes,No,No,Month-to-month,No,Bank transfer (automatic),67.61,1351.39,1,No
CUST-10419,Female,0,No,No,38,Yes,Yes,Fiber optic,Yes,No,No,Yes,No,No,Month-to-month,Yes,Electronic check,74.22,2784.52,1,Yes
CUST-10420,Female,0,No,No,44,Yes,No,Fiber optic,No,No,No,Yes,Yes,Yes,Month-to-month,Yes,Credit card (automatic),81.65,3554.08,3,Yes
CUST-10421,Female,0,No,No,31,Yes,No,DSL,No,No,No,No,No,No,One year,Yes,Bank transfer (automatic),49.03,1506.79,1,Yes
CUST-10422,Female,0,No,Yes,19,Yes,No,DSL,No,No,No,No,No,No,One year,Yes,Electronic check,46.14,842.86,1,No
CUST-10423,Male,0,Yes,No,7,No,No phone service,No,No internet service,No internet service,No internet service,No internet service,No internet service,No internet service,One year,No,Electronic check,18.0,103.16,0,No
CUST-10424,Female,0,No,No,34,Yes,No,Fiber optic,Yes,No,Yes,No,No,No,One year,Yes,Mailed check,77.4,2642.02,1,No
CUST-10425,Male,0,No,No,20,Yes,Yes,DSL,No,No,No,No,Yes,Yes,Two year,No,Electronic check,56.94,1125.13,1,No
CUST-10426,Male,0,Yes,No,72,Yes,No,No,No internet service,No internet service,No internet service,No internet service,No internet service,No internet service,Two year,Yes,Electronic check,21.38,1556.29,0,No
CUST-10427,Female,0,No,Yes,15,Yes,No,DSL,Yes,No,Yes,No,Yes,Yes,Month-to-month,No,Electronic check,69.53,1058.61,1,Yes
CUST-10428,Male,1,Yes,No,3,Yes,No,DSL,Yes,No,Yes,No,Yes,No,One year,Yes,Credit card (automatic),70.45,214.99,0,No
CUST-10429,Female,0,No,Yes,10,Yes,No,Fiber optic,No,No,Yes,No,Yes,No,Month-to-month,No,Electronic check,90.48,895.57,1,No
CUST-10430,Male,0,No,No,53,Yes,No,No,No internet service,No internet service,No internet service,No internet service,No internet service,No internet service,Month-to-month,Yes,Mailed check,18.0,960.48,1,No
CUST-10431,Female,1,Yes,No,45,Yes,No,Fiber optic,No,No,No,Yes,Yes,Yes,One year,No,Electronic check,89.5,4063.62,0,No
CUST-10432,Male,0,No,No,64,Yes,No,Fiber optic,No,Yes,No,Yes,Yes,No,Month-to-month,No,Bank transfer (automatic),83.82,5372.45,0,No
CUST-10433,Female,0,Yes,No,22,Yes,No,DSL,No,No,No,No,No,Yes,One year,Yes,Bank transfer (automatic),58.0,1274.16,1,No
CUST-10434,Female,0,Yes,No,41,Yes,Yes,Fiber optic,Yes,Yes,No,No,No,No,Month-to-month,Yes,Credit card (automatic),78.54,3218.77,5,Yes
CUST-10435,Female,0,Yes,Yes,30,Yes,No,Fiber optic,Yes,Yes,No,Yes,No,Yes,Month-to-month,No,Bank transfer (automatic),86.03,2583.07,1,No
CUST-10436,Female,0,No,No,16,Yes,No,No,No internet service,No internet service,No internet service,No internet service,No internet service,No internet service,Two year,Yes,Bank transfer (automatic),25.31,407.05,0,No
CUST-10437,Female,0,Yes,Yes,26,No,No phone service,Fiber optic,No,Yes,No,Yes,Yes,No,Month-to-month,No,Mailed check,93.16,2429.39,1,No
CUST-10438,Male,1,Yes,No,19,No,No phone service,DSL,No,Yes,No,Yes,No,No,Month-to-month,Yes,Bank transfer (automatic),51.97,955.94,0,No
CUST-10439,Male,1,No,Yes,62,Yes,No,Fiber optic,No,No,Yes,No,No,Yes,Month-to-month,Yes,Electronic check,86.14,5366.02,1,No
CUST-10440,Male,0,Yes,No,16,Yes,No,DSL,No,No,Yes,No,Yes,No,Two year,Yes,Bank transfer (automatic),50.85,812.66,0,No
CUST-10441,Female,0,Yes,Yes,68,Yes,Yes,No,No internet service,No internet service,No internet service,No internet service,No internet service,No internet service,Month-to-month,Yes,Electronic check,18.0,1247.06,0,No
CUST-10442,Male,0,Yes,No,15,Yes,No,DSL,No,No,Yes,Yes,No,No,Month-to-month,Yes,Credit card (automatic),46.53,650.33,0,No
CUST-10443,Female,1,Yes,No,19,Yes,Yes,DSL,No,Yes,No,No,No,Yes,One year,Yes,Mailed check,60.58,1114.1,0,No
CUST-10444,Female,1,Yes,No,27,Yes,No,Fiber optic,No,No,No,No,Yes,No,One year,No,Mailed check,77.35,2111.72,1,No
CUST-10445,Male,0,Yes,No,14,No,No phone service,DSL,Yes,No,No,Yes,Yes,Yes,Two year,No,Bank transfer (automatic),64.76,906.53,1,No
CUST-10446,Male,0,No,No,27,Yes,No,Fiber optic,No,No,Yes,No,Yes,Yes,Month-to-month,Yes,Bank transfer (automatic),84.83,2279.81,0,No
CUST-10447,Female,0,No,No,30,Yes,No,Fiber optic,No,No,Yes,No,No,No,Two year,Yes,Mailed check,76.41,2280.63,0,No
CUST-10448,Male,0,Yes,No,60,Yes,Yes,Fiber optic,No,No,No,Yes,No,No,Two year,No,Mailed check,76.25,4574.83,0,No
CUST-10449,Female,0,Yes,No,3,Yes,Yes,Fiber optic,Yes,No,Yes,No,Yes,Yes,Month-to-month,Yes,Electronic check,94.3,329.01,2,Yes
CUST-10450,Female,0,Yes,No,15,Yes,No,No,No internet service,No internet service,No internet service,No internet service,No internet service,No internet service,Month-to-month,No,Electronic check,18.0,213.24,2,No
CUST-10451,Female,0,No,Yes,72,Yes,No,Fiber optic,Yes,No,No,No,No,No,Two year,Yes,Electronic check,78.65,5640.21,1,No
CUST-10452,Female,0,Yes,No,19,No,No phone service,No,No internet service,No internet service,No internet service,No internet service,No internet service,No internet service,One year,No,Electronic check,20.3,364.73,0,Yes
CUST-10453,Female,0,Yes,No,19,No,No phone service,DSL,Yes,No,No,Yes,Yes,Yes,One year,No,Credit card (automatic),59.52,1155.67,2,No
CUST-10454,Male,1,No,Yes,14,Yes,No,DSL,No,No,Yes,Yes,Yes,No,One year,No,Bank transfer (automatic),71.05,1022.22,0,No
CUST-10455,Male,0,Yes,No,41,Yes,Yes,Fiber optic,No,Yes,Yes,Yes,No,Yes,One year,Yes,Electronic check,87.08,3566.56,3,No
CUST-10456,Female,0,Yes,No,6,Yes,Yes,DSL,No,No,No,Yes,No,Yes,Month-to-month,Yes,Electronic check,51.09,322.35,0,No
CUST-10457,Female,0,No,Yes,33,Yes,Yes,Fiber optic,No,No,Yes,Yes,Yes,No,Month-to-month,Yes,Mailed check,82.34,2705.97,0,No
CUST-10458,Male,0,No,No,72,Yes,Yes,No,No internet service,No internet service,No internet service,No internet service,No internet service,No internet service,One year,Yes,Mailed check,18.0,1321.7,0,No
CUST-10459,Male,0,Yes,No,5,Yes,Yes,Fiber optic,Yes,No,No,No,Yes,Yes,Month-to-month,Yes,Bank transfer (automatic),82.12,418.92,3,Yes
CUST-10460,Female,0,No,Yes,41,Yes,Yes,DSL,No,Yes,No,No,Yes,Yes,Month-to-month,No,Mailed check,59.15,2419.62,1,No
CUST-10461,Male,0,Yes,No,9,Yes,No,Fiber optic,Yes,No,No,No,No,No,One year,Yes,Credit card (automatic),78.77,660.35,1,No
CUST-10462,Female,0,No,No,35,Yes,No,DSL,No,No,No,Yes,Yes,No,Month-to-month,Yes,Electronic check,56.78,1980.05,2,Yes
CUST-10463,Male,0,No,Yes,33,Yes,No,Fiber optic,No,No,Yes,Yes,Yes,No,Month-to-month,Yes,Mailed check,81.64,2686.67,0,Yes
CUST-10464,Female,0,No,No,43,Yes,Yes,DSL,Yes,Yes,Yes,No,No,No,Two year,No,Credit card (automatic),64.47,2771.46,0,No
CUST-10465,Male,0,No,No,17,Yes,Yes,DSL,Yes,No,No,Yes,Yes,Yes,One year,No,Electronic check,73.09,1244.36,0,No
CUST-10466,Female,0,No,No,18,No,No phone service,DSL,No,Yes,No,No,No,No,Month-to-month,No,Mailed check,48.89,872.17,1,No
CUST-10467,Male,0,No,No,44,Yes,Yes,No,No internet service,No internet service,No internet service,No internet service,No internet service,No internet service,Two year,No,Electronic check,19.28,838.91,0,No
CUST-10468,Male,0,No,No,17,Yes,No,DSL,Yes,Yes,No,No,Yes,No,One year,No,Mailed check,59.51,1030.23,0,No
CUST-10469,Female,0,Yes,No,47,Yes,No,Fiber optic,Yes,Yes,No,No,Yes,No,Month-to-month,No,Electronic check,81.88,3816.29,3,Yes
CUST-10470,Male,0,Yes,Yes,2,No,No phone service,DSL,Yes,Yes,No,Yes,No,No,Month-to-month,Yes,Credit card (automatic),50.55,82.46,0,No
CUST-10471,Female,0,No,No,31,Yes,Yes,Fiber optic,No,Yes,Yes,No,Yes,Yes,Month-to-month,Yes,Credit card (automatic),90.43,2794.35,1,Yes
CUST-10472,Male,0,No,No,45,Yes,Yes,Fiber optic,Yes,No,No,No,No,Yes,Two year,Yes,Credit card (automatic),95.54,4280.83,1,No
CUST-10473,Female,0,Yes,Yes,22,Yes,Yes,Fiber optic,No,No,Yes,Yes,Yes,No,Month-to-month,No,Mailed check,85.06,1879.91,0,No
CUST-10474,Male,0,No,No,61,Yes,Yes,Fiber optic,Yes,Yes,No,Yes,Yes,No,One year,Yes,Credit card (automatic),86.14,5236.01,0,No
CUST-10475,Female,0,No,Yes,18,Yes,No,No,No internet service,No internet service,No internet service,No internet service,No internet service,No internet service,Two year,Yes,Bank transfer (automatic),23.14,406.62,0,No
CUST-10476,Male,1,No,No,30,Yes,Yes,DSL,No,No,No,No,No,Yes,Month-to-month,No,Mailed check,49.54,1502.75,2,No
CUST-10477,Female,0,No,No,50,Yes,No,DSL,No,No,No,No,Yes,Yes,Month-to-month,Yes,Electronic check,59.0,2965.67,1,Yes
CUST-10478,Male,0,Yes,No,10,Yes,Yes,No,No internet service,No internet service,No internet service,No internet service,No internet service,No internet service,Month-to-month,No,Bank transfer (automatic),21.99,216.52,0,Yes
CUST-10479,Female,0,Yes,Yes,53,Yes,No,No,No internet service,No internet service,No internet service,No internet service,No internet service,No internet service,Month-to-month,No,Bank transfer (automatic),18.73,991.11,1,No
CUST-10480,Female,0,Yes,No,33,Yes,Yes,Fiber optic,No,No,Yes,No,No,Yes,One year,No,Electronic check,81.6,2679.22,0,No
CUST-10481,Female,0,Yes,Yes,14,Yes,No,Fiber optic,No,Yes,No,No,No,Yes,One year,No,Mailed check,88.6,1259.19,1,No
CUST-10482,Male,0,No,No,25,Yes,Yes,DSL,Yes,Yes,No,No,No,Yes,Month-to-month,No,Credit card (automatic),60.79,1520.02,2,No
CUST-10483,Female,1,No,No,13,Yes,Yes,Fiber optic,No,No,No,No,No,Yes,Month-to-month,No,Electronic check,82.81,1089.18,1,No
CUST-10484,Male,0,No,No,39,Yes,No,DSL,No,Yes,No,Yes,No,Yes,Month-to-month,Yes,Electronic check,64.08,2501.22,1,No
CUST-10485,Female,0,No,No,21,Yes,No,No,No internet service,No internet service,No internet service,No internet service,No internet service,No internet service,Two year,No,Credit card (automatic),24.56,514.36,1,No
CUST-10486,Male,0,Yes,No,19,Yes,No,DSL,Yes,No,No,No,Yes,No,One year,No,Electronic check,59.53,1090.91,1,No
CUST-10487,Female,0,Yes,Yes,40,Yes,Yes,Fiber optic,Yes,No,No,No,No,No,One year,Yes,Credit card (automatic),74.18,2944.25,0,No
CUST-10488,Male,0,Yes,No,22,Yes,No,Fiber optic,No,No,Yes,No,Yes,No,Month-to-month,Yes,Bank transfer (automatic),87.61,1920.58,1,No
CUST-10489,Male,0,Yes,No,26,No,No phone service,Fiber optic,Yes,Yes,No,No,Yes,Yes,Month-to-month,Yes,Mailed check,94.3,2416.32,1,No
CUST-10490,Female,0,No,No,25,Yes,Yes,Fiber optic,Yes,No,No,Yes,No,Yes,Month-to-month,Yes,Electronic check,83.93,2082.1,1,Yes
CUST-10491,Male,0,Yes,Yes,3,Yes,No,No,No internet service,No internet service,No internet service,No internet service,No internet service,No internet service,Two year,Yes,Electronic check,18.0,57.94,0,No
CUST-10492,Male,1,Yes,No,8,Yes,No,Fiber optic,No,No,No,No,Yes,Yes,One year,No,Mailed check,84.88,650.28,1,No
CUST-10493,Female,1,Yes,No,15,Yes,No,No,No internet service,No internet service,No internet service,No internet service,No internet service,No internet service,One year,Yes,Bank transfer (automatic),18.0,286.76,0,No
CUST-10494,Male,0,No,No,16,Yes,Yes,DSL,Yes,Yes,No,No,Yes,No,One year,Yes,Mailed check,57.36,953.65,0,No
CUST-10495,Male,0,Yes,No,3,Yes,Yes,DSL,No,Yes,No,No,Yes,Yes,Month-to-month,Yes,Bank transfer (automatic),55.29,168.1,2,Yes
CUST-10496,Male,1,No,No,26,Yes,No,No,No internet service,No internet service,No internet service,No internet service,No internet service,No internet service,Month-to-month,Yes,Bank transfer (automatic),24.3,622.64,1,No
CUST-10497,Female,1,Yes,Yes,23,Yes,No,DSL,Yes,No,No,Yes,No,Yes,Month-to-month,Yes,Bank transfer (automatic),63.83,1483.32,2,No
CUST-10498,Male,0,No,Yes,28,Yes,Yes,Fiber optic,Yes,Yes,No,No,Yes,Yes,Month-to-month,Yes,Credit card (automatic),93.48,2629.51,0,No
CUST-10499,Female,0,Yes,No,20,Yes,No,Fiber optic,No,No,No,No,No,Yes,Month-to-month,No,Bank transfer (automatic),76.73,1522.69,1,No
CUST-10500,Male,0,No,No,67,Yes,Yes,Fiber optic,Yes,No,Yes,No,No,No,Month-to-month,No,Credit card (automatic),81.8,5469.5,2,No
CUST-10501,Male,0,No,No,36,Yes,No,Fiber optic,No,No,Yes,No,Yes,No,One year,No,Electronic check,89.27,3204.46,1,Yes
CUST-10502,Male,1,No,No,72,Yes,No,Fiber optic,No,No,No,No,No,Yes,Two year,Yes,Bank transfer (automatic),68.76,4970.01,1,No
CUST-10503,Female,0,No,No,10,Yes,No,No,No internet service,No internet service,No internet service,No internet service,No internet service,No internet service,Two year,No,Bank transfer (automatic),26.4,245.31,3,No
CUST-10504,Male,1,Yes,No,20,Yes,No,DSL,No,No,No,Yes,No,No,Month-to-month,No,Credit card (automatic),50.01,1008.75,1,No
CUST-10505,Male,0,Yes,No,16,Yes,No,Fiber optic,No,Yes,Yes,No,No,Yes,Month-to-month,No,Mailed check,95.2,1523.59,1,No
CUST-10506,Female,1,Yes,No,6,Yes,Yes,Fiber optic,Yes,No,Yes,No,Yes,No,One year,Yes,Electronic check,89.11,544.25,0,No
CUST-10507,Male,0,No,No,22,Yes,No,Fiber optic,No,No,Yes,Yes,No,No,Two year,Yes,Mailed check,85.81,1876.63,0,No
CUST-10508,Female,1,Yes,No,3,Yes,Yes,DSL,No,Yes,Yes,No,Yes,Yes,Two year,Yes,Electronic check,68.74,198.09,0,Yes
CUST-10509,Female,0,Yes,Yes,38,Yes,No,Fiber optic,No,No,No,No,No,No,Two year,No,Electronic check,65.08,2486.11,0,No
CUST-10510,Male,0,No,Yes,56,Yes,Yes,DSL,Yes,No,No,Yes,Yes,No,One year,No,Mailed check,61.86,3436.84,1,No
CUST-10511,Female,0,No,No,21,Yes,No,DSL,No,No,No,No,No,No,Month-to-month,Yes,Credit card (automatic),45.39,934.41,1,No
CUST-10512,Male,1,Yes,No,28,Yes,Yes,Fiber optic,Yes,No,Yes,Yes,Yes,No,Month-to-month,Yes,Electronic check,95.14,2610.63,2,Yes
CUST-10513,Female,0,No,No,57,Yes,Yes,DSL,No,Yes,Yes,Yes,Yes,Yes,Month-to-month,No,Electronic check,75.89,4354.71,3,No
CUST-10514,Female,1,No,No,12,No,No phone service,Fiber optic,No,No,Yes,No,Yes,No,One year,No,Credit card (automatic),86.35,1033.66,1,Yes
CUST-10515,Male,1,Yes,Yes,6,Yes,No,Fiber optic,No,Yes,Yes,Yes,No,Yes,Month-to-month,No,Electronic check,94.99,566.02,1,No
CUST-10516,Female,0,Yes,Yes,2,Yes,No,DSL,Yes,Yes,Yes,No,No,Yes,One year,No,Credit card (automatic),66.55,147.78,0,No
CUST-10517,Female,0,No,No,13,Yes,Yes,Fiber optic,Yes,No,No,No,No,No,One year,Yes,Electronic check,71.09,916.91,0,No
CUST-10518,Female,0,No,No,15,No,No phone service,No,No internet service,No internet service,No internet service,No internet service,No internet service,No internet service,Month-to-month,Yes,Mailed check,23.83,342.13,3,No
CUST-10519,Female,0,Yes,No,40,Yes,Yes,No,No internet service,No internet service,No internet service,No internet service,No internet service,No internet service,Two year,No,Electronic check,18.0,718.92,1,No
CUST-10520,Female,0,Yes,Yes,8,Yes,Yes,Fiber optic,No,No,No,No,Yes,Yes,Month-to-month,No,Credit card (automatic),83.2,683.62,3,Yes
CUST-10521,Male,0,No,No,6,Yes,No,DSL,No,No,Yes,Yes,Yes,No,Two year,No,Credit card (automatic),66.72,399.05,0,No
CUST-10522,Female,0,No,No,45,Yes,No,DSL,No,No,Yes,Yes,No,Yes,Two year,Yes,Credit card (automatic),63.63,2865.45,0,No
CUST-10523,Male,0,No,No,16,Yes,Yes,No,No internet service,No internet service,No internet service,No internet service,No internet service,No internet service,Month-to-month,Yes,Electronic check,18.0,276.37,1,No
CUST-10524,Female,0,Yes,No,28,Yes,Yes,Fiber optic,Yes,No,Yes,No,Yes,No,Month-to-month,Yes,Credit card (automatic),85.74,2398.32,0,Yes
CUST-10525,Male,0,Yes,Yes,42,Yes,Yes,DSL,Yes,Yes,No,No,No,No,Month-to-month,Yes,Credit card (automatic),56.23,2384.67,0,No
CUST-10526,Male,1,No,No,72,Yes,No,Fiber optic,Yes,Yes,No,No,Yes,No,One year,Yes,Mailed check,86.37,6199.05,1,No
CUST-10527,Female,0,Yes,No,33,No,No phone service,No,No internet service,No internet service,No internet service,No internet service,No internet service,No internet service,Month-to-month,No,Bank transfer (automatic),21.64,703.48,3,No
CUST-10528,Female,1,No,No,14,Yes,No,Fiber optic,No,No,No,Yes,No,No,Two year,No,Credit card (automatic),79.46,1145.48,0,Yes
CUST-10529,Female,0,No,No,45,Yes,No,Fiber optic,No,Yes,No,No,Yes,No,Month-to-month,Yes,Mailed check,79.49,3579.55,3,Yes
CUST-10530,Male,0,Yes,Yes,11,Yes,Yes,DSL,No,No,Yes,No,No,Yes,One year,Yes,Electronic check,59.28,622.1,3,No
CUST-10531,Female,0,No,No,56,Yes,No,Fiber optic,No,No,Yes,No,No,No,Two year,No,Credit card (automatic),78.11,4416.69,1,No
CUST-10532,Male,0,Yes,No,14,Yes,Yes,Fiber optic,No,No,Yes,No,No,Yes,One year,Yes,Mailed check,85.64,1178.72,0,No
CUST-10533,Male,0,No,Yes,9,Yes,No,Fiber optic,Yes,Yes,Yes,No,No,Yes,Month-to-month,No,Credit card (automatic),90.06,756.6,1,Yes
CUST-10534,Male,0,Yes,Yes,26,Yes,Yes,Fiber optic,No,Yes,No,Yes,No,No,One year,Yes,Mailed check,82.1,2122.18,0,No
CUST-10535,Female,0,Yes,No,33,Yes,Yes,Fiber optic,Yes,Yes,Yes,No,No,No,Month-to-month,Yes,Electronic check,84.39,2763.13,1,No
CUST-10536,Female,0,No,Yes,10,Yes,No,Fiber optic,No,Yes,No,Yes,No,Yes,Month-to-month,Yes,Mailed check,85.79,872.27,0,No
CUST-10537,Male,0,No,No,15,Yes,Yes,DSL,No,No,No,Yes,Yes,Yes,Month-to-month,Yes,Bank transfer (automatic),59.18,915.55,1,No
CUST-10538,Male,0,Yes,No,35,No,No phone service,No,No internet service,No internet service,No internet service,No internet service,No internet service,No internet service,Month-to-month,Yes,Electronic check,18.0,628.8,0,No
CUST-10539,Female,0,No,No,29,Yes,Yes,No,No internet service,No internet service,No internet service,No internet service,No internet service,No internet service,One year,No,Mailed check,27.37,802.57,1,No
CUST-10540,Male,0,Yes,No,34,Yes,No,Fiber optic,No,Yes,No,Yes,Yes,No,Month-to-month,No,Electronic check,88.93,3025.6,0,No
CUST-10541,Female,0,Yes,Yes,57,Yes,No,DSL,No,Yes,Yes,Yes,No,No,One year,No,Bank transfer (automatic),56.58,3250.9,1,No
CUST-10542,Male,0,Yes,Yes,31,Yes,Yes,DSL,No,No,No,No,Yes,No,Month-to-month,No,Credit card (automatic),49.84,1539.23,2,Yes
CUST-10543,Female,0,Yes,No,68,Yes,Yes,No,No internet service,No internet service,No internet service,No internet service,No internet service,No internet service,Month-to-month,Yes,Bank transfer (automatic),18.0,1192.52,4,No
CUST-10544,Male,1,Yes,No,47,Yes,No,No,No internet service,No internet service,No internet service,No internet service,No internet service,No internet service,Month-to-month,Yes,Bank transfer (automatic),20.43,956.68,0,No
CUST-10545,Female,0,Yes,No,16,Yes,No,DSL,No,No,Yes,Yes,No,No,Month-to-month,No,Mailed check,54.83,820.87,2,No
CUST-10546,Male,0,Yes,No,59,Yes,No,Fiber optic,No,Yes,No,Yes,Yes,No,Month-to-month,Yes,Mailed check,87.24,5132.66,1,Yes
CUST-10547,Female,0,Yes,Yes,30,Yes,No,Fiber optic,No,Yes,No,No,No,Yes,One year,No,Mailed check,71.64,2134.04,0,No
CUST-10548,Female,0,Yes,Yes,53,Yes,No,DSL,No,Yes,Yes,No,Yes,Yes,Two year,Yes,Bank transfer (automatic),58.77,3089.25,0,No
CUST-10549,Male,0,No,No,34,Yes,Yes,Fiber optic,No,No,No,Yes,Yes,No,Month-to-month,No,Credit card (automatic),80.34,2752.09,2,Yes
CUST-10550,Male,0,Yes,No,72,Yes,No,Fiber optic,No,No,Yes,Yes,No,No,Month-to-month,No,Bank transfer (automatic),84.93,6108.79,0,No
CUST-10551,Female,0,No,No,9,No,No phone service,DSL,Yes,No,Yes,Yes,No,No,Month-to-month,Yes,Credit card (automatic),61.89,566.57,3,No
CUST-10552,Male,0,No,Yes,21,Yes,No,DSL,No,Yes,Yes,No,Yes,No,Two year,Yes,Credit card (automatic),57.67,1206.74,0,No
CUST-10553,Female,0,No,Yes,39,Yes,No,DSL,No,Yes,Yes,Yes,Yes,No,One year,Yes,Electronic check,62.51,2441.89,0,No
CUST-10554,Male,0,No,No,28,Yes,No,No,No internet service,No internet service,No internet service,No internet service,No internet service,No internet service,Two year,No,Mailed check,26.22,713.87,0,No
CUST-10555,Female,0,No,No,11,Yes,Yes,Fiber optic,No,Yes,No,No,Yes,No,Month-to-month,No,Credit card (automatic),76.3,838.13,1,No
CUST-10556,Female,0,Yes,No,72,Yes,Yes,Fiber optic,Yes,No,No,Yes,No,No,Month-to-month,Yes,Credit card (automatic),82.35,5959.82,1,No
CUST-10557,Female,0,No,No,24,Yes,Yes,Fiber optic,Yes,No,Yes,No,No,Yes,Month-to-month,Yes,Mailed check,80.49,1906.64,0,No
CUST-10558,Female,0,No,No,49,Yes,No,No,No internet service,No internet service,No internet service,No internet service,No internet service,No internet service,Two year,No,Bank transfer (automatic),18.66,951.5,1,No
CUST-10559,Female,0,No,No,37,Yes,Yes,DSL,Yes,No,No,No,No,No,Month-to-month,No,Mailed check,54.69,2050.44,1,No
CUST-10560,Female,0,No,No,44,Yes,No,DSL,No,No,No,No,No,No,One year,Yes,Electronic check,38.27,1678.08,0,No
CUST-10561,Male,0,Yes,Yes,9,Yes,Yes,DSL,Yes,Yes,Yes,Yes,No,Yes,Month-to-month,No,Credit card (automatic),68.46,628.76,3,No
CUST-10562,Male,0,No,No,24,Yes,Yes,No,No internet service,No internet service,No internet service,No internet service,No internet service,No internet service,Month-to-month,Yes,Credit card (automatic),25.44,617.22,1,Yes
CUST-10563,Male,0,No,Yes,44,Yes,Yes,Fiber optic,No,Yes,No,No,Yes,Yes,Month-to-month,No,Mailed check,93.2,4077.37,6,Yes
CUST-10564,Female,0,Yes,Yes,49,Yes,No,No,No internet service,No internet service,No internet service,No internet service,No internet service,No internet service,One year,Yes,Electronic check,25.58,1258.74,0,No
CUST-10565,Female,0,Yes,Yes,46,Yes,No,DSL,No,No,No,Yes,No,No,Month-to-month,No,Credit card (automatic),52.46,2411.64,1,No
CUST-10566,Female,0,No,No,14,Yes,No,Fiber optic,No,No,Yes,Yes,Yes,No,Two year,No,Mailed check,77.68,1075.65,0,No
CUST-10567,Female,0,No,No,5,Yes,Yes,DSL,Yes,No,No,Yes,Yes,Yes,Month-to-month,Yes,Electronic check,63.11,331.64,1,No
CUST-10568,Male,0,No,Yes,8,Yes,No,Fiber optic,No,No,No,No,Yes,No,Month-to-month,Yes,Electronic check,77.75,607.04,2,Yes
CUST-10569,Male,1,No,No,25,Yes,No,DSL,No,Yes,Yes,No,Yes,No,Month-to-month,Yes,Electronic check,56.0,1388.26,1,Yes
CUST-10570,Female,0,Yes,No,27,Yes,No,Fiber optic,Yes,No,No,Yes,Yes,No,Two year,No,Bank transfer (automatic),81.01,2160.65,2,No
CUST-10571,Male,0,Yes,No,25,Yes,No,No,No internet service,No internet service,No internet service,No internet service,No internet service,No internet service,Month-to-month,No,Electronic check,26.01,641.39,2,No
CUST-10572,Male,1,Yes,No,9,Yes,Yes,No,No internet service,No internet service,No internet service,No internet service,No internet service,No internet service,Month-to-month,No,Electronic check,18.0,193.45,1,No
CUST-10573,Female,1,Yes,Yes,16,Yes,No,DSL,No,Yes,No,No,No,No,Month-to-month,No,Credit card (automatic),58.49,920.75,2,No
CUST-10574,Male,1,Yes,Yes,72,Yes,No,Fiber optic,No,No,No,No,No,No,Month-to-month,No,Credit card (automatic),73.42,5304.06,1,Yes
CUST-10575,Female,0,Yes,No,33,Yes,No,No,No internet service,No internet service,No internet service,No internet service,No internet service,No internet service,One year,No,Electronic check,23.05,757.03,1,Yes
CUST-10576,Male,0,No,No,24,Yes,No,DSL,No,No,No,No,Yes,No,Month-to-month,No,Electronic check,50.58,1216.06,0,Yes
CUST-10577,Female,0,No,No,72,Yes,Yes,Fiber optic,No,No,No,No,Yes,Yes,One year,Yes,Bank transfer (automatic),93.23,6677.41,0,No
CUST-10578,Female,0,Yes,No,72,Yes,Yes,Fiber optic,No,Yes,No,Yes,No,Yes,One year,No,Electronic check,88.94,6421.94,0,No
CUST-10579,Female,0,Yes,No,18,Yes,Yes,DSL,Yes,Yes,No,No,Yes,Yes,Two year,Yes,Electronic check,65.42,1166.93,0,No
CUST-10580,Female,0,Yes,No,33,Yes,No,DSL,No,Yes,Yes,Yes,No,No,Month-to-month,No,Electronic check,60.78,2008.2,2,No
CUST-10581,Male,0,No,No,6,Yes,No,DSL,No,No,No,No,Yes,No,Month-to-month,Yes,Credit card (automatic),52.16,320.13,3,Yes
CUST-10582,Female,0,Yes,Yes,4,Yes,Yes,Fiber optic,No,No,Yes,No,Yes,No,Two year,Yes,Credit card (automatic),82.47,342.64,0,No
CUST-10583,Female,1,Yes,No,21,Yes,Yes,DSL,No,No,Yes,No,No,No,One year,Yes,Credit card (automatic),52.31,1090.44,1,No
CUST-10584,Female,0,No,Yes,9,Yes,Yes,DSL,No,No,No,No,Yes,No,Month-to-month,No,Bank transfer (automatic),52.61,431.22,2,Yes
CUST-10585,Male,0,No,Yes,16,Yes,No,Fiber optic,No,Yes,No,Yes,No,No,Month-to-month,Yes,Bank transfer (automatic),83.61,1365.91,0,Yes
CUST-10586,Female,0,Yes,Yes,31,Yes,Yes,Fiber optic,Yes,Yes,Yes,No,Yes,No,Two year,No,Mailed check,83.92,2631.67,0,No
CUST-10587,Male,0,Yes,No,63,Yes,Yes,DSL,No,Yes,Yes,Yes,No,No,Month-to-month,Yes,Mailed check,63.81,3999.9,2,No
CUST-10588,Female,0,Yes,Yes,34,Yes,No,Fiber optic,Yes,No,Yes,No,No,Yes,Two year,Yes,Bank transfer (automatic),92.29,3146.01,0,No
CUST-10589,Male,0,No,Yes,18,Yes,No,No,No internet service,No internet service,No internet service,No internet service,No internet service,No internet service,Month-to-month,Yes,Bank transfer (automatic),20.46,364.34,2,Yes
CUST-10590,Male,1,No,No,72,No,No phone service,DSL,No,Yes,No,No,No,No,Month-to-month,Yes,Electronic check,51.7,3751.1,0,Yes
CUST-10591,Female,0,Yes,No,27,Yes,Yes,DSL,No,Yes,No,Yes,Yes,Yes,Month-to-month,Yes,Electronic check,67.42,1814.72,1,No
CUST-10592,Male,0,No,No,50,Yes,Yes,DSL,No,Yes,No,No,No,Yes,Month-to-month,Yes,Credit card (automatic),56.05,2787.02,2,No
CUST-10593,Female,0,Yes,No,53,Yes,Yes,DSL,No,Yes,No,Yes,No,No,Month-to-month,Yes,Electronic check,58.55,3080.93,0,No
CUST-10594,Female,0,Yes,Yes,24,Yes,Yes,Fiber optic,Yes,No,No,Yes,No,No,Two year,Yes,Electronic check,81.19,1950.45,1,No
CUST-10595,Female,0,Yes,Yes,1,Yes,Yes,No,No internet service,No internet service,No internet service,No internet service,No internet service,No internet service,One year,Yes,Mailed check,20.14,19.34,1,No
CUST-10596,Male,0,No,Yes,15,Yes,Yes,Fiber optic,No,Yes,No,No,Yes,No,One year,No,Electronic check,79.62,1234.57,0,Yes
CUST-10597,Male,0,Yes,No,15,Yes,No,Fiber optic,Yes,No,No,Yes,Yes,No,One year,Yes,Electronic check,82.65,1205.05,0,Yes
CUST-10598,Female,0,Yes,No,25,Yes,No,Fiber optic,Yes,No,Yes,No,No,No,Month-to-month,Yes,Electronic check,73.22,1810.25,0,No
CUST-10599,Female,0,Yes,Yes,21,Yes,No,DSL,Yes,No,No,No,Yes,Yes,Month-to-month,Yes,Bank transfer (automatic),60.37,1243.4,2,No
CUST-10600,Male,0,Yes,No,21,Yes,No,DSL,No,Yes,No,No,Yes,No,Two year,Yes,Electronic check,54.02,1102.92,0,No
CUST-10601,Female,0,No,No,26,Yes,Yes,No,No internet service,No internet service,No internet service,No internet service,No internet service,No internet service,Month-to-month,Yes,Bank transfer (automatic),28.36,716.26,1,No
CUST-10602,Female,0,Yes,No,29,Yes,Yes,Fiber optic,No,Yes,No,No,No,No,Month-to-month,No,Electronic check,78.13,2283.66,1,Yes
CUST-10603,Female,0,Yes,No,5,Yes,No,DSL,No,No,No,No,No,No,Two year,No,Electronic check,44.23,164.95,1,No
CUST-10604,Male,0,No,Yes,29,Yes,No,DSL,No,No,Yes,No,No,Yes,Month-to-month,Yes,Credit card (automatic),57.18,1656.25,2,No
CUST-10605,Male,0,No,Yes,41,Yes,No,Fiber optic,No,No,No,No,Yes,No,Two year,Yes,Bank transfer (automatic),76.57,3171.36,0,No
CUST-10606,Male,0,No,No,72,Yes,No,No,No internet service,No internet service,No internet service,No internet service,No internet service,No internet service,Two year,Yes,Bank transfer (automatic),24.46,1759.17,0,No
CUST-10607,Female,0,No,No,28,Yes,No,Fiber optic,No,Yes,Yes,Yes,No,Yes,Month-to-month,Yes,Electronic check,89.65,2496.38,5,Yes
CUST-10608,Female,1,Yes,No,47,No,No phone service,No,No internet service,No internet service,No internet service,No internet service,No internet service,No internet service,Month-to-month,Yes,Electronic check,23.32,1090.59,3,No
CUST-10609,Female,1,No,No,39,Yes,Yes,Fiber optic,No,Yes,No,No,Yes,Yes,Two year,Yes,Credit card (automatic),82.58,3213.58,1,No
CUST-10610,Male,0,No,No,13,Yes,Yes,DSL,No,No,Yes,Yes,No,No,Month-to-month,No,Electronic check,54.77,726.27,1,No
CUST-10611,Female,0,Yes,No,30,Yes,No,No,No internet service,No internet service,No internet service,No internet service,No internet service,No internet service,Month-to-month,Yes,Credit card (automatic),18.0,529.73,3,No
CUST-10612,Female,0,No,Yes,68,Yes,No,DSL,Yes,Yes,No,No,Yes,Yes,Month-to-month,Yes,Bank transfer (automatic),60.28,4083.6,2,No
CUST-10613,Female,0,Yes,No,66,Yes,Yes,DSL,No,Yes,No,No,Yes,No,One year,No,Bank transfer (automatic),66.13,4352.7,3,No
CUST-10614,Female,0,No,No,66,No,No phone service,No,No internet service,No internet service,No internet service,No internet service,No internet service,No internet service,One year,Yes,Bank transfer (automatic),21.82,1490.24,0,No
CUST-10615,Male,0,No,No,72,Yes,No,DSL,Yes,No,No,No,No,Yes,Two year,Yes,Mailed check,56.47,4070.52,0,No
CUST-10616,Male,0,No,No,41,Yes,Yes,Fiber optic,Yes,No,No,No,No,No,Two year,No,Electronic check,72.63,3013.51,1,No
CUST-10617,Female,1,No,No,18,Yes,Yes,No,No internet service,No internet service,No internet service,No internet service,No internet service,No internet service,Two year,Yes,Bank transfer (automatic),25.3,492.45,0,Yes
CUST-10618,Male,0,No,No,41,Yes,Yes,Fiber optic,No,Yes,Yes,Yes,Yes,No,Month-to-month,No,Credit card (automatic),93.66,3842.91,0,No
CUST-10619,Male,0,Yes,No,11,Yes,No,DSL,No,Yes,No,No,No,No,One year,Yes,Electronic check,49.65,552.16,0,No
CUST-10620,Female,0,Yes,No,37,No,No phone service,Fiber optic,Yes,Yes,No,No,No,Yes,Month-to-month,Yes,Mailed check,80.56,2981.34,3,Yes
CUST-10621,Female,0,Yes,No,11,Yes,No,No,No internet service,No internet service,No internet service,No internet service,No internet service,No internet service,Month-to-month,No,Mailed check,25.99,304.73,1,Yes
CUST-10622,Male,0,Yes,No,14,Yes,No,Fiber optic,No,Yes,No,No,No,Yes,Two year,Yes,Mailed check,80.56,1140.0,0,No
CUST-10623,Female,1,No,No,4,Yes,No,Fiber optic,No,No,No,Yes,No,No,Month-to-month,Yes,Electronic check,72.13,299.22,0,Yes
CUST-10624,Male,0,Yes,No,35,Yes,Yes,No,No internet service,No internet service,No internet service,No internet service,No internet service,No internet service,Two year,Yes,Credit card (automatic),18.89,659.34,1,No
CUST-10625,Female,0,Yes,No,63,Yes,Yes,No,No internet service,No internet service,No internet service,No internet service,No internet service,No internet service,Month-to-month,No,Mailed check,28.32,1743.93,3,Yes
CUST-10626,Male,0,No,No,28,Yes,Yes,Fiber optic,Yes,No,No,No,Yes,No,Two year,No,Credit card (automatic),86.2,2400.12,0,No
CUST-10627,Female,1,No,No,26,Yes,Yes,DSL,Yes,No,Yes,Yes,No,Yes,Month-to-month,Yes,Credit card (automatic),65.37,1696.36,0,Yes
CUST-10628,Male,0,Yes,No,15,Yes,Yes,Fiber optic,No,No,No,No,Yes,Yes,Month-to-month,No,Electronic check,94.3,1426.16,3,No
CUST-10629,Male,0,Yes,Yes,51,Yes,No,DSL,No,No,No,Yes,No,Yes,Month-to-month,No,Electronic check,56.99,2923.67,1,No
CUST-10630,Male,0,Yes,No,57,Yes,Yes,Fiber optic,No,No,Yes,No,Yes,Yes,Month-to-month,No,Credit card (automatic),79.17,4471.73,2,Yes
CUST-10631,Female,0,No,No,7,Yes,No,Fiber optic,No,Yes,No,No,No,No,Month-to-month,Yes,Mailed check,75.86,522.24,1,Yes
CUST-10632,Male,0,Yes,No,30,Yes,No,Fiber optic,No,Yes,No,No,No,Yes,Two year,No,Electronic check,78.48,2372.47,0,No
CUST-10633,Male,0,No,No,49,No,No phone service,Fiber optic,Yes,Yes,No,No,No,No,One year,Yes,Credit card (automatic),84.15,4116.4,2,No
CUST-10634,Female,0,Yes,No,18,Yes,No,No,No internet service,No internet service,No internet service,No internet service,No internet service,No internet service,Month-to-month,No,Mailed check,19.92,365.35,2,No
CUST-10635,Female,0,Yes,Yes,5,Yes,No,DSL,No,Yes,Yes,Yes,Yes,No,Month-to-month,Yes,Electronic check,63.76,314.99,1,No
CUST-10636,Male,1,No,No,10,Yes,No,DSL,No,Yes,Yes,No,No,Yes,Month-to-month,Yes,Mailed check,64.04,615.0,1,Yes
CUST-10637,Male,0,Yes,Yes,70,Yes,Yes,No,No internet service,No internet service,No internet service,No internet service,No internet service,No internet service,Month-to-month,No,Credit card (automatic),18.0,1257.72,1,No
CUST-10638,Female,0,Yes,No,55,Yes,No,Fiber optic,Yes,No,No,No,Yes,No,One year,No,Electronic check,82.14,4483.23,1,Yes
CUST-10639,Female,0,Yes,No,60,Yes,Yes,Fiber optic,No,Yes,No,No,Yes,No,Month-to-month,Yes,Mailed check,92.77,5592.35,1,Yes
CUST-10640,Female,0,No,No,8,Yes,Yes,No,No internet service,No internet service,No internet service,No internet service,No internet service,No internet service,One year,No,Electronic check,25.73,201.21,1,No
CUST-10641,Female,1,No,No,49,Yes,Yes,Fiber optic,Yes,No,No,No,No,No,Month-to-month,Yes,Credit card (automatic),69.68,3422.26,3,Yes
CUST-10642,Female,0,Yes,No,72,Yes,Yes,Fiber optic,No,No,Yes,No,Yes,No,One year,Yes,Bank transfer (automatic),88.41,6330.73,0,No
CUST-10643,Male,0,Yes,Yes,15,No,No phone service,DSL,Yes,No,No,No,No,No,One year,Yes,Mailed check,51.2,758.8,0,No
CUST-10644,Female,0,Yes,Yes,22,Yes,No,Fiber optic,No,Yes,No,No,Yes,Yes,Month-to-month,Yes,Bank transfer (automatic),83.31,1820.4,0,No
CUST-10645,Male,0,No,No,31,Yes,Yes,Fiber optic,No,Yes,No,Yes,No,No,Two year,No,Mailed check,81.39,2515.29,0,No
CUST-10646,Male,0,No,No,35,Yes,No,Fiber optic,No,No,No,Yes,No,Yes,One year,Yes,Bank transfer (automatic),86.59,3016.96,0,No
CUST-10647,Male,0,No,No,19,Yes,No,No,No internet service,No internet service,No internet service,No internet service,No internet service,No internet service,One year,Yes,Credit card (automatic),18.0,357.66,1,No
CUST-10648,Female,0,No,Yes,53,Yes,Yes,Fiber optic,No,No,No,Yes,No,No,Month-to-month,No,Mailed check,67.96,3602.75,1,Yes
CUST-10649,Male,1,Yes,Yes,40,Yes,Yes,No,No internet service,No internet service,No internet service,No internet service,No internet service,No internet service,Two year,Yes,Credit card (automatic),18.0,721.97,0,No
CUST-10650,Male,0,Yes,Yes,12,Yes,No,No,No internet service,No internet service,No internet service,No internet service,No internet service,No internet service,One year,No,Bank transfer (automatic),20.42,244.62,1,No
CUST-10651,Female,0,Yes,Yes,51,Yes,No,Fiber optic,No,No,No,No,Yes,Yes,Month-to-month,No,Electronic check,76.26,3919.61,2,Yes
CUST-10652,Male,0,Yes,No,23,Yes,Yes,Fiber optic,Yes,Yes,No,No,Yes,Yes,Month-to-month,Yes,Credit card (automatic),92.83,2100.74,0,No
CUST-10653,Male,0,Yes,Yes,41,Yes,Yes,Fiber optic,No,Yes,No,Yes,No,No,Month-to-month,Yes,Electronic check,79.04,3242.54,1,Yes
CUST-10654,Female,0,No,No,13,Yes,Yes,DSL,No,No,Yes,Yes,No,No,Month-to-month,Yes,Mailed check,50.09,659.89,2,No
CUST-10655,Male,0,No,Yes,14,Yes,No,DSL,No,Yes,Yes,Yes,Yes,Yes,Two year,Yes,Bank transfer (automatic),75.1,1062.05,0,No
CUST-10656,Male,0,No,No,5,Yes,No,DSL,No,No,No,No,Yes,No,Month-to-month,Yes,Credit card (automatic),52.91,217.38,2,No
CUST-10657,Male,0,Yes,No,58,Yes,No,No,No internet service,No internet service,No internet service,No internet service,No internet service,No internet service,Two year,Yes,Electronic check,21.56,1231.42,1,No
CUST-10658,Female,0,No,Yes,47,Yes,Yes,DSL,No,No,Yes,Yes,No,Yes,Month-to-month,No,Credit card (automatic),52.59,2473.84,1,No
CUST-10659,Female,1,No,No,32,No,No phone service,Fiber optic,No,No,No,Yes,No,Yes,Month-to-month,Yes,Credit card (automatic),75.08,2416.12,2,Yes
CUST-10660,Female,0,No,No,7,Yes,No,Fiber optic,No,No,No,Yes,Yes,Yes,Two year,No,Electronic check,89.8,579.52,0,No
CUST-10661,Male,0,Yes,Yes,65,Yes,No,Fiber optic,Yes,No,No,No,No,Yes,Month-to-month,Yes,Credit card (automatic),79.6,5162.16,0,No
CUST-10662,Male,0,Yes,No,40,Yes,No,Fiber optic,No,No,Yes,Yes,Yes,No,One year,Yes,Electronic check,90.22,3624.97,0,No
CUST-10663,Female,0,Yes,No,19,Yes,No,DSL,Yes,No,Yes,No,No,Yes,Two year,Yes,Electronic check,56.75,1097.19,2,No
CUST-10664,Male,0,Yes,No,34,Yes,No,No,No internet service,No internet service,No internet service,No internet service,No internet service,No internet service,Two year,Yes,Credit card (automatic),18.0,626.98,1,No
CUST-10665,Male,0,No,No,23,Yes,No,No,No internet service,No internet service,No internet service,No internet service,No internet service,No internet service,Two year,No,Mailed check,18.0,419.22,4,No
CUST-10666,Female,0,Yes,No,40,Yes,No,Fiber optic,No,Yes,No,No,Yes,No,Two year,Yes,Bank transfer (automatic),80.92,3252.47,0,No
CUST-10667,Female,0,Yes,Yes,11,Yes,Yes,No,No internet service,No internet service,No internet service,No internet service,No internet service,No internet service,One year,Yes,Mailed check,22.25,263.66,0,No
CUST-10668,Male,0,No,No,3,Yes,No,DSL,Yes,No,Yes,No,Yes,No,Month-to-month,Yes,Electronic check,62.26,207.87,1,No
CUST-10669,Male,0,No,Yes,38,Yes,No,DSL,No,No,No,No,No,No,One year,Yes,Bank transfer (automatic),47.44,1834.13,0,No
CUST-10670,Male,0,Yes,No,42,Yes,No,Fiber optic,No,No,No,No,No,Yes,Two year,No,Electronic check,77.98,3277.25,0,No
CUST-10671,Female,0,No,No,5,Yes,No,No,No internet service,No internet service,No internet service,No internet service,No internet service,No internet service,Month-to-month,No,Electronic check,18.0,116.12,3,No
CUST-10672,Female,0,Yes,Yes,1,Yes,No,DSL,Yes,No,Yes,Yes,Yes,Yes,Month-to-month,No,Credit card (automatic),78.64,74.8,1,Yes
CUST-10673,Female,0,Yes,No,32,Yes,No,Fiber optic,No,Yes,Yes,No,Yes,No,One year,Yes,Credit card (automatic),83.56,2672.51,0,No
CUST-10674,Female,0,Yes,No,39,Yes,No,DSL,No,Yes,No,No,Yes,Yes,One year,Yes,Mailed check,56.6,2241.25,1,No
CUST-10675,Male,0,No,No,22,Yes,Yes,No,No internet service,No internet service,No internet service,No internet service,No internet service,No internet service,Month-to-month,Yes,Electronic check,21.48,517.24,2,No
CUST-10676,Female,0,No,No,12,Yes,Yes,Fiber optic,No,No,Yes,No,No,Yes,One year,No,Mailed check,79.62,959.92,0,Yes
CUST-10677,Female,0,Yes,No,72,Yes,No,Fiber optic,No,No,No,No,No,No,One year,Yes,Credit card (automatic),76.44,5516.69,1,No
CUST-10678,Female,0,No,No,36,Yes,No,No,No internet service,No internet service,No internet service,No internet service,No internet service,No internet service,One year,No,Electronic check,18.37,622.58,1,No
CUST-10679,Female,0,Yes,No,57,Yes,No,DSL,Yes,No,No,No,No,Yes,Month-to-month,No,Electronic check,52.24,2971.7,1,No
CUST-10680,Female,0,No,No,9,No,No phone service,Fiber optic,Yes,No,No,No,Yes,Yes,Month-to-month,No,Credit card (automatic),84.29,771.27,1,Yes
CUST-10681,Male,0,Yes,Yes,63,Yes,No,DSL,No,No,No,No,Yes,No,One year,Yes,Mailed check,51.89,3266.51,1,No
CUST-10682,Male,0,Yes,Yes,35,Yes,No,DSL,No,No,Yes,No,Yes,No,One year,Yes,Electronic check,57.72,2021.25,0,No
CUST-10683,Female,0,No,No,72,Yes,No,DSL,Yes,No,No,Yes,No,No,Month-to-month,No,Electronic check,50.84,3663.49,3,No
CUST-10684,Male,0,No,No,41,Yes,No,DSL,No,Yes,No,Yes,Yes,No,Month-to-month,No,Credit card (automatic),62.27,2570.73,0,No
CUST-10685,Female,0,Yes,No,28,Yes,No,No,No internet service,No internet service,No internet service,No internet service,No internet service,No internet service,Month-to-month,No,Mailed check,18.0,472.58,0,Yes
CUST-10686,Female,1,Yes,No,24,Yes,Yes,Fiber optic,No,No,No,No,No,Yes,Month-to-month,Yes,Electronic check,74.66,1825.57,2,Yes
CUST-10687,Male,0,Yes,Yes,15,Yes,Yes,DSL,No,No,Yes,No,Yes,No,Two year,No,Credit card (automatic),54.77,841.06,0,No
CUST-10688,Male,0,Yes,Yes,25,No,No phone service,Fiber optic,Yes,Yes,No,No,No,Yes,One year,Yes,Credit card (automatic),88.38,2214.52,0,No
CUST-10689,Female,0,No,No,41,Yes,No,Fiber optic,No,No,No,No,Yes,No,Two year,Yes,Electronic check,78.99,3238.63,1,Yes
CUST-10690,Female,0,No,Yes,47,Yes,No,No,No internet service,No internet service,No internet service,No internet service,No internet service,No internet service,Month-to-month,No,Bank transfer (automatic),20.18,924.13,3,No
CUST-10691,Female,0,Yes,No,13,Yes,No,Fiber optic,Yes,Yes,Yes,Yes,Yes,Yes,Month-to-month,Yes,Electronic check,110.26,1434.61,0,No
CUST-10692,Male,0,Yes,No,7,Yes,No,Fiber optic,No,No,Yes,No,Yes,No,Month-to-month,No,Mailed check,88.27,589.24,3,Yes
CUST-10693,Female,0,No,Yes,33,Yes,Yes,Fiber optic,Yes,No,No,No,Yes,No,One year,Yes,Electronic check,83.57,2787.78,0,Yes
CUST-10694,Female,0,Yes,Yes,5,Yes,Yes,DSL,No,Yes,No,Yes,No,No,Month-to-month,No,Electronic check,60.42,319.09,5,No
CUST-10695,Female,0,No,No,25,Yes,Yes,Fiber optic,Yes,No,Yes,No,No,Yes,One year,Yes,Bank transfer (automatic),81.22,2038.15,0,Yes
CUST-10696,Male,1,Yes,No,8,No,No phone service,Fiber optic,Yes,Yes,No,Yes,Yes,No,Month-to-month,Yes,Mailed check,91.8,709.77,1,Yes
CUST-10697,Female,0,No,No,45,No,No phone service,Fiber optic,Yes,Yes,No,Yes,Yes,Yes,Month-to-month,Yes,Mailed check,90.77,4058.68,0,No
CUST-10698,Female,1,No,No,19,Yes,No,Fiber optic,No,No,Yes,Yes,Yes,No,Month-to-month,Yes,Electronic check,86.43,1620.01,0,Yes
CUST-10699,Male,0,No,No,21,Yes,No,Fiber optic,Yes,No,No,Yes,Yes,Yes,Two year,No,Credit card (automatic),89.89,1883.63,1,No
CUST-10700,Female,0,No,Yes,6,Yes,No,No,No internet service,No internet service,No internet service,No internet service,No internet service,No internet service,Month-to-month,Yes,Electronic check,19.96,147.86,2,Yes
CUST-10701,Female,0,Yes,Yes,54,Yes,No,No,No internet service,No internet service,No internet service,No internet service,No internet service,No internet service,Month-to-month,No,Bank transfer (automatic),18.0,986.57,1,No
CUST-10702,Male,0,No,No,30,Yes,Yes,Fiber optic,No,Yes,Yes,No,No,No,Two year,Yes,Electronic check,80.2,2417.42,0,Yes
CUST-10703,Female,1,No,Yes,31,Yes,No,Fiber optic,No,No,Yes,No,Yes,No,One year,No,Bank transfer (automatic),83.22,2574.96,0,No
CUST-10704,Male,1,Yes,Yes,8,No,No phone service,Fiber optic,Yes,No,Yes,Yes,Yes,Yes,Month-to-month,Yes,Electronic check,93.46,744.94,1,Yes
CUST-10705,Male,1,Yes,No,4,Yes,No,Fiber optic,Yes,No,No,No,Yes,No,Month-to-month,Yes,Electronic check,81.27,336.02,1,Yes
CUST-10706,Female,0,Yes,No,13,Yes,Yes,No,No internet service,No internet service,No internet service,No internet service,No internet service,No internet service,Month-to-month,No,Bank transfer (automatic),21.97,286.14,4,No
CUST-10707,Female,0,Yes,Yes,18,Yes,No,DSL,No,No,No,Yes,No,Yes,One year,Yes,Electronic check,53.93,974.9,1,No
CUST-10708,Female,0,Yes,No,13,Yes,Yes,Fiber optic,No,No,Yes,No,No,No,One year,No,Mailed check,69.97,881.42,0,No
CUST-10709,Female,1,No,No,72,Yes,No,DSL,Yes,No,No,No,Yes,Yes,Month-to-month,Yes,Electronic check,61.94,4494.8,0,No
CUST-10710,Male,0,Yes,Yes,55,Yes,No,Fiber optic,No,No,Yes,No,No,Yes,Two year,No,Electronic check,85.29,4665.28,2,No
CUST-10711,Female,0,No,No,26,Yes,Yes,DSL,No,No,Yes,Yes,No,No,Month-to-month,Yes,Bank transfer (automatic),58.25,1519.33,2,No
CUST-10712,Male,0,Yes,Yes,14,No,No phone service,No,No internet service,No internet service,No internet service,No internet service,No internet service,No internet service,Month-to-month,Yes,Electronic check,18.0,251.37,1,Yes
CUST-10713,Female,0,Yes,No,10,Yes,No,Fiber optic,Yes,No,No,Yes,No,No,Two year,Yes,Electronic check,78.63,800.2,1,No
CUST-10714,Female,1,No,Yes,25,Yes,No,No,No internet service,No internet service,No internet service,No internet service,No internet service,No internet service,Month-to-month,Yes,Electronic check,18.0,464.22,2,Yes
CUST-10715,Female,0,No,No,32,Yes,Yes,No,No internet service,No internet service,No internet service,No internet service,No internet service,No internet service,Two year,Yes,Electronic check,18.0,601.82,1,No
CUST-10716,Male,0,Yes,Yes,17,Yes,Yes,Fiber optic,No,No,No,Yes,Yes,Yes,One year,Yes,Electronic check,96.03,1619.55,0,Yes
CUST-10717,Female,0,Yes,No,35,Yes,No,Fiber optic,No,Yes,No,No,No,Yes,Month-to-month,Yes,Electronic check,82.08,2895.88,3,Yes
CUST-10718,Female,0,Yes,No,16,Yes,Yes,DSL,No,Yes,No,Yes,No,No,Month-to-month,No,Electronic check,60.42,968.13,3,Yes
CUST-10719,Female,0,No,No,9,Yes,No,No,No internet service,No internet service,No internet service,No internet service,No internet service,No internet service,Month-to-month,No,Credit card (automatic),19.47,188.57,0,No
CUST-10720,Female,0,No,No,36,Yes,No,Fiber optic,No,No,Yes,Yes,Yes,Yes,Two year,Yes,Electronic check,85.31,3093.28,0,No
CUST-10721,Male,0,Yes,Yes,4,No,No phone service,DSL,Yes,Yes,Yes,No,Yes,No,Month-to-month,Yes,Credit card (automatic),70.38,290.14,1,Yes
CUST-10722,Female,1,No,No,7,Yes,No,Fiber optic,No,No,Yes,Yes,Yes,Yes,Month-to-month,Yes,Credit card (automatic),99.66,667.34,2,No
CUST-10723,Male,0,No,Yes,11,Yes,Yes,DSL,Yes,No,No,No,Yes,No,Month-to-month,No,Electronic check,51.03,566.62,2,Yes
CUST-10724,Male,0,Yes,No,15,Yes,No,Fiber optic,No,No,No,No,Yes,Yes,One year,Yes,Electronic check,73.18,1114.47,3,No
CUST-10725,Male,1,No,Yes,41,Yes,Yes,DSL,Yes,No,No,No,Yes,No,Month-to-month,No,Electronic check,57.19,2347.36,0,No
CUST-10726,Male,0,No,No,6,Yes,Yes,Fiber optic,Yes,Yes,No,No,Yes,No,Month-to-month,Yes,Bank transfer (automatic),96.91,606.78,2,Yes
CUST-10727,Male,0,Yes,No,21,Yes,Yes,Fiber optic,No,No,No,Yes,Yes,No,Two year,Yes,Bank transfer (automatic),81.44,1715.83,0,Yes
CUST-10728,Male,0,Yes,No,32,No,No phone service,DSL,Yes,No,Yes,No,Yes,No,Month-to-month,No,Bank transfer (automatic),57.61,1866.46,2,No
CUST-10729,Female,0,Yes,Yes,30,Yes,No,No,No internet service,No internet service,No internet service,No internet service,No internet service,No internet service,Month-to-month,Yes,Mailed check,26.66,797.97,1,No
CUST-10730,Male,0,Yes,No,41,Yes,No,Fiber optic,No,No,Yes,No,No,No,One year,Yes,Electronic check,74.54,3079.74,1,No
CUST-10731,Male,1,No,No,21,Yes,No,Fiber optic,Yes,No,Yes,Yes,No,Yes,Two year,No,Credit card (automatic),89.43,1869.2,0,No
CUST-10732,Male,0,Yes,No,15,Yes,No,No,No internet service,No internet service,No internet service,No internet service,No internet service,No internet service,Month-to-month,Yes,Electronic check,22.85,346.07,3,No
CUST-10733,Female,0,No,No,60,Yes,No,No,No internet service,No internet service,No internet service,No internet service,No internet service,No internet service,Month-to-month,Yes,Credit card (automatic),24.86,1469.58,0,No
CUST-10734,Female,0,No,No,14,Yes,No,Fiber optic,No,No,No,No,Yes,No,Month-to-month,No,Mailed check,67.59,942.46,0,No
CUST-10735,Male,0,No,No,13,Yes,No,DSL,Yes,Yes,No,No,No,Yes,Month-to-month,Yes,Electronic check,63.95,836.06,4,Yes
CUST-10736,Female,0,No,Yes,12,Yes,No,Fiber optic,No,Yes,No,No,Yes,Yes,One year,Yes,Credit card (automatic),81.1,942.43,0,No
CUST-10737,Male,0,Yes,No,11,No,No phone service,No,No internet service,No internet service,No internet service,No internet service,No internet service,No internet service,One year,No,Mailed check,18.0,226.13,0,No
CUST-10738,Male,0,Yes,No,70,Yes,Yes,Fiber optic,No,No,Yes,Yes,No,No,One year,No,Bank transfer (automatic),84.8,5939.82,1,No
CUST-10739,Female,0,No,No,72,Yes,No,Fiber optic,No,Yes,Yes,No,Yes,No,Month-to-month,Yes,Mailed check,85.48,6168.19,2,No
CUST-10740,Male,1,Yes,No,45,Yes,Yes,No,No internet service,No internet service,No internet service,No internet service,No internet service,No internet service,Two year,No,Credit card (automatic),18.0,809.23,0,No
CUST-10741,Female,0,Yes,No,37,Yes,No,DSL,Yes,No,Yes,Yes,Yes,No,Month-to-month,Yes,Credit card (automatic),71.61,2639.56,1,No
CUST-10742,Female,0,No,No,13,Yes,No,DSL,Yes,No,No,Yes,No,No,Two year,Yes,Mailed check,58.92,725.64,1,No
CUST-10743,Male,0,No,No,17,Yes,No,No,No internet service,No internet service,No internet service,No internet service,No internet service,No internet service,Month-to-month,Yes,Electronic check,20.21,357.34,1,Yes
CUST-10744,Male,0,Yes,No,5,Yes,Yes,DSL,Yes,No,No,No,No,No,Two year,No,Bank transfer (automatic),47.81,262.74,0,No
CUST-10745,Female,0,No,No,21,Yes,No,DSL,No,No,No,Yes,Yes,No,Month-to-month,No,Credit card (automatic),53.33,1121.38,2,Yes
CUST-10746,Male,0,No,No,7,Yes,No,No,No internet service,No internet service,No internet service,No internet service,No internet service,No internet service,Month-to-month,No,Bank transfer (automatic),18.0,100.61,2,No
CUST-10747,Male,0,Yes,Yes,29,Yes,No,Fiber optic,No,No,Yes,Yes,No,No,Two year,Yes,Credit card (automatic),89.58,2620.07,0,No
CUST-10748,Male,0,Yes,Yes,14,Yes,No,Fiber optic,No,No,No,Yes,No,Yes,Month-to-month,Yes,Mailed check,82.05,1172.54,2,No
CUST-10749,Female,1,No,Yes,31,Yes,Yes,Fiber optic,Yes,No,No,No,Yes,Yes,One year,No,Credit card (automatic),81.25,2525.0,1,Yes
CUST-10750,Female,1,Yes,No,12,No,No phone service,DSL,No,No,Yes,Yes,No,No,One year,No,Electronic check,66.33,808.46,0,No
CUST-10751,Male,1,Yes,No,4,Yes,Yes,Fiber optic,No,No,Yes,Yes,No,Yes,One year,Yes,Mailed check,85.35,370.24,1,Yes
CUST-10752,Female,0,No,No,10,Yes,No,Fiber optic,Yes,Yes,No,No,Yes,Yes,One year,Yes,Mailed check,95.49,967.7,1,No
CUST-10753,Female,0,No,No,33,Yes,Yes,DSL,No,No,No,No,Yes,Yes,Month-to-month,No,Bank transfer (automatic),53.16,1770.64,1,No
CUST-10754,Female,0,Yes,No,34,Yes,No,No,No internet service,No internet service,No internet service,No internet service,No internet service,No internet service,Month-to-month,No,Electronic check,19.44,693.07,1,No
CUST-10755,Female,0,Yes,No,32,Yes,No,DSL,Yes,No,No,Yes,No,No,Two year,Yes,Credit card (automatic),55.51,1784.24,0,Yes
CUST-10756,Female,0,Yes,No,28,Yes,No,DSL,No,No,Yes,No,No,Yes,Month-to-month,No,Credit card (automatic),58.43,1614.15,0,No
CUST-10757,Male,0,No,Yes,26,Yes,Yes,DSL,No,No,Yes,Yes,Yes,Yes,Two year,Yes,Credit card (automatic),72.65,1943.48,0,No
CUST-10758,Male,0,Yes,Yes,40,Yes,No,Fiber optic,Yes,No,Yes,No,Yes,No,Month-to-month,Yes,Electronic check,84.58,3408.88,0,No
CUST-10759,Male,0,No,Yes,1,No,No phone service,No,No internet service,No internet service,No internet service,No internet service,No internet service,No internet service,Month-to-month,Yes,Electronic check,19.37,42.55,0,No
CUST-10760,Female,0,No,Yes,68,Yes,No,Fiber optic,Yes,Yes,No,Yes,Yes,No,Month-to-month,Yes,Mailed check,99.29,6743.51,0,No
CUST-10761,Female,0,Yes,Yes,20,Yes,Yes,DSL,Yes,No,Yes,Yes,No,No,One year,No,Bank transfer (automatic),63.91,1282.47,0,No
CUST-10762,Male,0,No,No,40,Yes,No,DSL,Yes,Yes,Yes,No,No,Yes,Month-to-month,Yes,Electronic check,66.73,2641.23,3,No
CUST-10763,Female,0,No,Yes,24,Yes,No,Fiber optic,No,Yes,No,No,Yes,Yes,Month-to-month,Yes,Bank transfer (automatic),91.75,2194.91,2,No
CUST-10764,Male,0,No,Yes,13,No,No phone service,DSL,Yes,Yes,Yes,No,Yes,No,Month-to-month,No,Mailed check,65.67,847.61,1,No
CUST-10765,Male,0,Yes,Yes,19,No,No phone service,DSL,No,Yes,Yes,No,Yes,Yes,Month-to-month,Yes,Bank transfer (automatic),64.68,1220.46,1,No
CUST-10766,Male,0,No,No,9,Yes,No,Fiber optic,No,No,No,Yes,No,No,Month-to-month,No,Mailed check,76.95,663.25,3,Yes
CUST-10767,Female,0,No,No,11,Yes,Yes,No,No internet service,No internet service,No internet service,No internet service,No internet service,No internet service,Month-to-month,No,Bank transfer (automatic),20.48,198.35,1,No
CUST-10768,Female,0,No,No,35,Yes,Yes,No,No internet service,No internet service,No internet service,No internet service,No internet service,No internet service,One year,Yes,Electronic check,18.0,643.47,1,No
CUST-10769,Male,0,Yes,Yes,29,No,No phone service,No,No internet service,No internet service,No internet service,No internet service,No internet service,No internet service,Month-to-month,Yes,Electronic check,21.65,635.21,1,Yes
CUST-10770,Male,0,No,No,4,Yes,Yes,Fiber optic,No,Yes,No,No,No,Yes,Month-to-month,No,Credit card (automatic),73.11,317.42,1,Yes
CUST-10771,Male,1,Yes,Yes,11,Yes,Yes,Fiber optic,Yes,Yes,Yes,Yes,Yes,No,Two year,Yes,Electronic check,94.86,1026.1,2,Yes
CUST-10772,Male,0,Yes,Yes,20,Yes,No,Fiber optic,Yes,Yes,No,No,Yes,No,Month-to-month,Yes,Credit card (automatic),79.62,1601.66,1,Yes
CUST-10773,Female,0,Yes,No,24,Yes,No,DSL,Yes,No,No,Yes,No,No,Two year,No,Electronic check,50.16,1202.59,0,No
CUST-10774,Female,0,No,No,72,Yes,No,Fiber optic,No,Yes,No,No,Yes,No,Month-to-month,Yes,Mailed check,72.74,5237.9,4,No
CUST-10775,Male,1,Yes,No,28,Yes,No,DSL,No,Yes,No,No,No,No,Month-to-month,Yes,Electronic check,49.79,1379.97,3,No
CUST-10776,Male,0,No,No,3,Yes,No,DSL,No,No,No,No,Yes,Yes,Month-to-month,No,Credit card (automatic),53.17,123.03,2,Yes
CUST-10777,Female,0,No,No,25,Yes,Yes,DSL,Yes,Yes,No,No,No,No,Month-to-month,No,Credit card (automatic),57.83,1448.34,2,No
CUST-10778,Female,0,Yes,Yes,7,Yes,No,No,No internet service,No internet service,No internet service,No internet service,No internet service,No internet service,One year,Yes,Electronic check,22.15,137.33,0,No
CUST-10779,Male,1,No,No,21,Yes,No,No,No internet service,No internet service,No internet service,No internet service,No internet service,No internet service,Month-to-month,Yes,Electronic check,26.39,536.67,0,No
CUST-10780,Male,0,Yes,Yes,72,Yes,No,Fiber optic,Yes,No,No,Yes,No,No,Two year,Yes,Bank transfer (automatic),77.3,5557.96,0,No
CUST-10781,Male,0,Yes,No,16,Yes,No,DSL,No,No,Yes,Yes,No,Yes,Month-to-month,No,Credit card (automatic),62.56,1013.34,1,No
CUST-10782,Female,0,No,Yes,47,Yes,Yes,DSL,Yes,No,No,No,No,No,Month-to-month,No,Bank transfer (automatic),49.11,2275.07,1,No
CUST-10783,Female,0,No,No,25,Yes,No,Fiber optic,No,Yes,Yes,No,Yes,No,One year,Yes,Credit card (automatic),88.37,2205.94,0,No
CUST-10784,Female,0,No,No,66,Yes,Yes,Fiber optic,Yes,No,Yes,No,No,Yes,Two year,No,Electronic check,87.75,5760.87,0,No
CUST-10785,Male,0,No,No,37,No,No phone service,No,No internet service,No internet service,No internet service,No internet service,No internet service,No internet service,Month-to-month,Yes,Bank transfer (automatic),18.37,697.95,1,Yes
CUST-10786,Male,0,Yes,Yes,51,Yes,No,DSL,No,No,No,Yes,No,No,Month-to-month,No,Bank transfer (automatic),50.16,2589.4,3,No
CUST-10787,Female,0,Yes,No,32,No,No phone service,Fiber optic,Yes,No,No,Yes,Yes,Yes,Two year,Yes,Electronic check,84.94,2733.44,2,No
CUST-10788,Female,0,No,No,16,Yes,Yes,No,No internet service,No internet service,No internet service,No internet service,No internet service,No internet service,Two year,No,Bank transfer (automatic),22.58,382.4,0,No
CUST-10789,Male,1,Yes,No,61,Yes,No,DSL,No,Yes,Yes,No,No,No,Month-to-month,No,Credit card (automatic),46.36,2882.15,2,Yes
CUST-10790,Female,0,Yes,No,30,Yes,No,Fiber optic,No,Yes,Yes,No,No,No,Two year,No,Credit card (automatic),83.32,2456.61,2,Yes
CUST-10791,Female,0,No,No,17,Yes,No,DSL,Yes,No,No,No,No,No,Month-to-month,No,Electronic check,43.49,743.81,2,No
CUST-10792,Male,0,Yes,Yes,13,No,No phone service,DSL,No,No,Yes,No,Yes,Yes,Two year,No,Electronic check,65.08,843.6,2,No
CUST-10793,Female,0,Yes,No,30,Yes,No,No,No internet service,No internet service,No internet service,No internet service,No internet service,No internet service,One year,No,Mailed check,22.22,675.03,0,No
CUST-10794,Male,0,No,Yes,54,Yes,No,Fiber optic,No,No,Yes,Yes,Yes,No,Two year,No,Electronic check,83.41,4493.27,0,Yes
CUST-10795,Male,0,No,Yes,34,Yes,No,Fiber optic,Yes,Yes,Yes,Yes,Yes,No,One year,No,Credit card (automatic),87.79,2990.46,1,No
CUST-10796,Male,0,No,No,18,Yes,Yes,Fiber optic,No,No,No,No,No,Yes,Month-to-month,No,Electronic check,77.57,1409.3,3,Yes
CUST-10797,Male,0,No,No,33,No,No phone service,No,No internet service,No internet service,No internet service,No internet service,No internet service,No internet service,Month-to-month,Yes,Bank transfer (automatic),18.0,604.36,1,No
CUST-10798,Male,0,Yes,Yes,43,Yes,No,DSL,No,Yes,No,No,No,No,Month-to-month,Yes,Mailed check,54.81,2326.59,2,Yes
CUST-10799,Male,0,No,Yes,5,Yes,No,DSL,No,Yes,Yes,No,No,Yes,Month-to-month,Yes,Bank transfer (automatic),54.71,291.34,1,No
CUST-10800,Male,0,No,No,8,Yes,Yes,No,No internet service,No internet service,No internet service,No internet service,No internet service,No internet service,Month-to-month,Yes,Electronic check,18.0,131.21,1,Yes
CUST-10801,Female,1,Yes,Yes,41,Yes,Yes,No,No internet service,No internet service,No internet service,No internet service,No internet service,No internet service,Two year,No,Electronic check,18.39,744.1,1,No
CUST-10802,Male,0,Yes,No,7,Yes,No,Fiber optic,No,No,No,Yes,No,No,Month-to-month,Yes,Mailed check,68.05,464.92,1,Yes
CUST-10803,Male,1,No,No,21,Yes,Yes,Fiber optic,No,No,No,No,Yes,No,Month-to-month,Yes,Bank transfer (automatic),74.3,1572.59,3,Yes
CUST-10804,Female,0,No,No,27,Yes,Yes,DSL,No,Yes,No,No,Yes,No,Month-to-month,Yes,Bank transfer (automatic),47.12,1241.61,5,No
CUST-10805,Female,1,No,Yes,10,Yes,Yes,No,No internet service,No internet service,No internet service,No internet service,No internet service,No internet service,One year,Yes,Electronic check,21.14,236.14,0,Yes
CUST-10806,Female,0,No,Yes,22,Yes,No,Fiber optic,No,No,Yes,No,Yes,No,Month-to-month,Yes,Electronic check,76.8,1733.75,2,Yes
CUST-10807,Male,0,No,No,27,No,No phone service,DSL,No,No,No,No,No,Yes,Month-to-month,No,Bank transfer (automatic),60.61,1634.09,2,Yes
CUST-10808,Female,0,No,No,55,Yes,No,Fiber optic,No,No,No,No,No,Yes,Two year,No,Credit card (automatic),76.11,4162.92,1,No
CUST-10809,Male,0,No,Yes,51,Yes,No,DSL,No,No,Yes,No,Yes,Yes,Two year,Yes,Electronic check,62.76,3166.45,0,No
CUST-10810,Male,0,Yes,Yes,30,No,No phone service,DSL,Yes,No,No,No,Yes,Yes,One year,Yes,Electronic check,61.76,1849.98,1,No
CUST-10811,Male,0,No,Yes,15,Yes,No,DSL,No,Yes,No,Yes,No,No,One year,No,Electronic check,47.0,695.14,1,No
CUST-10812,Male,0,Yes,No,52,Yes,Yes,DSL,Yes,No,No,Yes,Yes,No,Month-to-month,No,Electronic check,62.55,3268.97,1,No
CUST-10813,Female,0,No,No,53,Yes,No,DSL,Yes,Yes,Yes,No,Yes,No,One year,Yes,Electronic check,55.87,2982.59,1,No
CUST-10814,Female,0,No,No,13,Yes,Yes,DSL,Yes,No,Yes,No,No,Yes,Month-to-month,Yes,Bank transfer (automatic),72.2,911.0,1,No
CUST-10815,Male,0,No,No,28,Yes,Yes,DSL,Yes,Yes,Yes,Yes,No,Yes,Month-to-month,Yes,Credit card (automatic),62.96,1758.56,0,No
CUST-10816,Male,0,No,No,17,Yes,No,DSL,No,No,No,Yes,Yes,Yes,Month-to-month,Yes,Electronic check,54.48,909.97,1,No
CUST-10817,Male,0,Yes,No,31,Yes,Yes,DSL,No,No,Yes,Yes,Yes,Yes,Month-to-month,Yes,Bank transfer (automatic),69.99,2174.9,1,No
CUST-10818,Female,0,Yes,Yes,12,Yes,No,DSL,Yes,No,No,Yes,Yes,Yes,Month-to-month,No,Bank transfer (automatic),70.86,800.91,2,No
CUST-10819,Male,0,Yes,Yes,43,No,No phone service,Fiber optic,Yes,No,No,No,No,No,Month-to-month,No,Credit card (automatic),82.22,3506.14,2,Yes
CUST-10820,Male,0,No,Yes,31,Yes,No,Fiber optic,Yes,Yes,No,Yes,No,No,One year,Yes,Credit card (automatic),93.16,2877.65,0,No
CUST-10821,Female,0,No,No,12,Yes,Yes,DSL,No,Yes,No,Yes,Yes,Yes,Month-to-month,No,Credit card (automatic),62.05,757.34,1,No
CUST-10822,Female,0,No,No,40,Yes,No,DSL,No,Yes,No,No,Yes,Yes,One year,No,Bank transfer (automatic),51.38,2041.59,1,No
CUST-10823,Male,0,Yes,No,15,Yes,Yes,No,No internet service,No internet service,No internet service,No internet service,No internet service,No internet service,Month-to-month,No,Credit card (automatic),21.29,338.94,0,No
CUST-10824,Female,0,No,Yes,4,Yes,No,Fiber optic,No,Yes,No,No,Yes,Yes,Two year,No,Mailed check,80.82,299.67,0,No
CUST-10825,Female,0,No,Yes,10,Yes,No,Fiber optic,No,No,No,No,Yes,Yes,Month-to-month,No,Electronic check,78.35,780.06,5,Yes
CUST-10826,Male,0,Yes,Yes,46,No,No phone service,Fiber optic,No,No,Yes,No,Yes,No,One year,Yes,Credit card (automatic),80.51,3688.35,0,No
CUST-10827,Female,0,No,No,71,Yes,No,DSL,No,No,No,Yes,Yes,No,One year,Yes,Bank transfer (automatic),62.77,4478.94,0,No
CUST-10828,Male,1,No,Yes,72,Yes,No,Fiber optic,No,No,No,No,No,No,Two year,No,Electronic check,72.79,5270.92,1,No
CUST-10829,Female,0,No,Yes,16,Yes,No,Fiber optic,No,No,No,No,Yes,Yes,Month-to-month,Yes,Credit card (automatic),78.52,1273.6,1,Yes
CUST-10830,Male,0,Yes,No,21,Yes,Yes,Fiber optic,Yes,No,No,Yes,No,No,Month-to-month,No,Mailed check,76.26,1628.82,0,No
CUST-10831,Male,0,No,Yes,17,Yes,Yes,Fiber optic,No,No,Yes,Yes,No,No,Month-to-month,No,Electronic check,74.93,1271.14,2,No
CUST-10832,Male,0,Yes,No,24,Yes,No,No,No internet service,No internet service,No internet service,No internet service,No internet service,No internet service,Month-to-month,Yes,Bank transfer (automatic),31.51,738.18,2,No
CUST-10833,Female,0,No,Yes,7,No,No phone service,Fiber optic,No,No,Yes,No,Yes,Yes,Month-to-month,Yes,Mailed check,84.61,583.2,1,No
CUST-10834,Male,0,Yes,No,16,Yes,No,DSL,No,No,No,Yes,No,Yes,Two year,Yes,Mailed check,58.46,911.76,0,No
CUST-10835,Female,0,Yes,No,28,Yes,Yes,Fiber optic,No,No,Yes,Yes,Yes,No,Month-to-month,Yes,Electronic check,92.12,2586.71,1,Yes
CUST-10836,Male,1,No,No,46,Yes,Yes,DSL,No,No,Yes,No,No,No,Month-to-month,Yes,Credit card (automatic),51.05,2339.06,2,No
CUST-10837,Male,0,Yes,No,30,Yes,Yes,DSL,No,No,No,No,Yes,No,Month-to-month,Yes,Credit card (automatic),55.03,1630.94,0,No
CUST-10838,Female,1,No,No,20,Yes,No,Fiber optic,No,No,Yes,No,No,Yes,Month-to-month,Yes,Electronic check,79.04,1581.47,1,Yes
CUST-10839,Male,0,No,No,10,No,No phone service,DSL,No,Yes,Yes,Yes,No,No,Two year,Yes,Electronic check,67.22,631.17,0,Yes
CUST-10840,Male,0,No,No,48,Yes,Yes,No,No internet service,No internet service,No internet service,No internet service,No internet service,No internet service,Two year,Yes,Electronic check,26.02,1253.96,1,No
CUST-10841,Female,0,No,No,6,Yes,No,Fiber optic,No,No,Yes,Yes,No,No,Month-to-month,No,Credit card (automatic),76.29,423.78,0,No
CUST-10842,Male,0,Yes,No,7,No,No phone service,Fiber optic,No,No,No,Yes,Yes,Yes,Month-to-month,No,Credit card (automatic),85.67,599.88,3,No
CUST-10843,Male,0,No,No,37,Yes,No,DSL,No,No,No,No,Yes,No,Two year,Yes,Mailed check,53.02,1966.07,0,No
CUST-10844,Male,0,Yes,Yes,41,Yes,No,DSL,No,No,Yes,Yes,No,No,Month-to-month,Yes,Credit card (automatic),57.84,2349.6,3,Yes
CUST-10845,Male,0,Yes,No,1,Yes,No,No,No internet service,No internet service,No internet service,No internet service,No internet service,No internet service,One year,No,Bank transfer (automatic),20.06,12.73,2,No
CUST-10846,Female,1,No,No,20,No,No phone service,Fiber optic,No,No,No,Yes,No,Yes,Two year,Yes,Mailed check,84.9,1700.37,1,No
CUST-10847,Female,0,Yes,No,3,Yes,No,DSL,No,No,Yes,Yes,Yes,No,Month-to-month,Yes,Mailed check,69.16,185.92,1,Yes
CUST-10848,Male,0,No,Yes,21,No,No phone service,No,No internet service,No internet service,No internet service,No internet service,No internet service,No internet service,Month-to-month,Yes,Electronic check,18.0,390.01,1,No
CUST-10849,Female,0,No,No,18,Yes,Yes,DSL,No,No,No,No,No,Yes,Month-to-month,Yes,Electronic check,46.38,867.89,3,No
CUST-10850,Male,0,No,Yes,61,Yes,No,Fiber optic,No,No,No,No,No,No,Two year,Yes,Mailed check,62.2,3793.12,0,No
CUST-10851,Female,0,No,No,34,Yes,Yes,No,No internet service,No internet service,No internet service,No internet service,No internet service,No internet service,Month-to-month,Yes,Electronic check,26.48,920.79,3,Yes
CUST-10852,Male,0,Yes,Yes,34,Yes,No,DSL,Yes,No,No,No,No,No,Month-to-month,Yes,Electronic check,51.28,1748.86,1,No
CUST-10853,Male,1,No,No,55,Yes,No,Fiber optic,No,No,No,Yes,Yes,No,One year,Yes,Electronic check,79.8,4384.0,2,No
CUST-10854,Male,0,No,Yes,56,Yes,No,No,No internet service,No internet service,No internet service,No internet service,No internet service,No internet service,Two year,Yes,Bank transfer (automatic),18.61,1042.51,2,No
CUST-10855,Male,0,No,Yes,27,Yes,No,DSL,Yes,Yes,No,No,Yes,Yes,Month-to-month,No,Credit card (automatic),60.48,1628.52,1,No
CUST-10856,Male,0,Yes,No,14,Yes,Yes,No,No internet service,No internet service,No internet service,No internet service,No internet service,No internet service,Month-to-month,Yes,Credit card (automatic),22.12,315.03,3,No
CUST-10857,Male,0,No,No,45,Yes,Yes,Fiber optic,No,Yes,No,No,Yes,No,One year,Yes,Bank transfer (automatic),88.41,3983.43,0,No
CUST-10858,Female,0,Yes,Yes,43,Yes,No,No,No internet service,No internet service,No internet service,No internet service,No internet service,No internet service,Month-to-month,No,Bank transfer (automatic),23.7,1040.93,0,No
CUST-10859,Male,0,Yes,No,37,Yes,No,DSL,No,Yes,No,No,No,Yes,Month-to-month,Yes,Mailed check,52.61,1935.51,0,No
CUST-10860,Female,0,No,Yes,27,Yes,No,No,No internet service,No internet service,No internet service,No internet service,No internet service,No internet service,Two year,Yes,Electronic check,18.0,475.1,1,No
CUST-10861,Male,0,No,No,21,Yes,No,Fiber optic,Yes,No,No,No,Yes,Yes,Month-to-month,Yes,Mailed check,89.26,1894.07,3,Yes
CUST-10862,Female,0,No,No,56,Yes,Yes,Fiber optic,Yes,No,Yes,No,Yes,Yes,Month-to-month,No,Electronic check,87.14,4880.78,1,No
CUST-10863,Female,0,No,Yes,18,Yes,Yes,No,No internet service,No internet service,No internet service,No internet service,No internet service,No internet service,Month-to-month,No,Bank transfer (automatic),18.0,321.53,1,No
CUST-10864,Female,0,No,No,14,Yes,No,Fiber optic,No,No,Yes,Yes,Yes,Yes,Month-to-month,Yes,Electronic check,87.16,1172.13,1,Yes
CUST-10865,Male,0,Yes,Yes,20,Yes,No,DSL,No,No,No,Yes,Yes,Yes,One year,Yes,Bank transfer (automatic),62.75,1286.39,0,No
CUST-10866,Male,0,Yes,No,12,Yes,No,DSL,No,Yes,No,No,Yes,Yes,One year,Yes,Electronic check,54.4,642.16,0,No
CUST-10867,Female,0,Yes,No,43,Yes,No,DSL,No,No,Yes,No,Yes,No,One year,No,Electronic check,67.94,2927.16,2,No
CUST-10868,Male,0,No,No,27,No,No phone service,Fiber optic,Yes,Yes,Yes,No,Yes,Yes,One year,No,Credit card (automatic),93.19,2505.67,0,No
CUST-10869,Female,0,Yes,No,3,Yes,Yes,No,No internet service,No internet service,No internet service,No internet service,No internet service,No internet service,One year,Yes,Electronic check,18.0,67.95,1,No
CUST-10870,Male,0,Yes,No,34,Yes,Yes,Fiber optic,Yes,No,No,No,No,No,Month-to-month,Yes,Mailed check,86.5,2959.51,1,Yes
CUST-10871,Female,0,No,Yes,21,Yes,No,Fiber optic,No,No,Yes,Yes,No,Yes,Month-to-month,Yes,Electronic check,82.64,1715.73,1,Yes
CUST-10872,Female,0,Yes,No,25,Yes,Yes,No,No internet service,No internet service,No internet service,No internet service,No internet service,No internet service,One year,Yes,Electronic check,20.61,547.07,1,No
CUST-10873,Male,0,Yes,No,30,Yes,No,DSL,No,No,No,No,No,Yes,Month-to-month,No,Bank transfer (automatic),58.02,1711.0,0,Yes
CUST-10874,Female,0,No,No,16,Yes,Yes,Fiber optic,Yes,Yes,No,Yes,No,No,Month-to-month,Yes,Bank transfer (automatic),82.37,1316.23,2,No
CUST-10875,Male,0,Yes,No,14,Yes,Yes,DSL,Yes,Yes,No,No,Yes,No,Month-to-month,Yes,Electronic check,54.81,747.31,1,No
CUST-10876,Female,0,Yes,Yes,37,Yes,Yes,DSL,No,No,No,No,No,No,Month-to-month,No,Credit card (automatic),41.36,1543.56,0,No
CUST-10877,Female,1,Yes,Yes,8,Yes,No,Fiber optic,Yes,Yes,Yes,No,No,No,Month-to-month,Yes,Bank transfer (automatic),81.74,686.0,2,Yes
CUST-10878,Male,0,No,Yes,11,Yes,Yes,DSL,Yes,No,Yes,No,Yes,Yes,One year,No,Electronic check,80.23,890.06,1,No
CUST-10879,Male,0,No,Yes,13,Yes,Yes,DSL,Yes,No,Yes,Yes,No,No,Month-to-month,Yes,Electronic check,64.39,825.35,2,No
CUST-10880,Male,0,Yes,Yes,48,Yes,Yes,Fiber optic,Yes,No,Yes,Yes,No,Yes,Two year,Yes,Bank transfer (automatic),92.21,4409.94,0,No
CUST-10881,Female,0,No,No,58,Yes,Yes,Fiber optic,No,No,No,No,Yes,Yes,Month-to-month,No,Bank transfer (automatic),82.74,4838.45,1,No
CUST-10882,Male,1,Yes,No,13,Yes,No,Fiber optic,No,No,No,No,Yes,No,Month-to-month,No,Electronic check,70.27,897.14,3,Yes
CUST-10883,Female,0,No,Yes,11,Yes,Yes,No,No internet service,No internet service,No internet service,No internet service,No internet service,No internet service,Month-to-month,Yes,Mailed check,20.38,204.72,2,Yes
CUST-10884,Female,1,Yes,No,27,Yes,Yes,Fiber optic,No,No,No,Yes,No,Yes,Month-to-month,No,Electronic check,79.78,2143.38,2,Yes
CUST-10885,Male,1,No,Yes,21,Yes,No,Fiber optic,Yes,No,No,No,No,Yes,Two year,No,Electronic check,83.74,1748.95,0,No
CUST-10886,Male,1,No,No,44,Yes,Yes,Fiber optic,Yes,Yes,No,Yes,No,Yes,Month-to-month,No,Electronic check,89.3,3915.28,3,No
CUST-10887,Female,0,No,No,35,No,No phone service,Fiber optic,No,No,No,No,No,Yes,Month-to-month,No,Credit card (automatic),72.22,2511.23,0,No
CUST-10888,Female,0,Yes,No,72,Yes,No,DSL,No,No,No,No,Yes,No,Month-to-month,Yes,Bank transfer (automatic),42.87,3082.78,0,No
CUST-10889,Male,0,Yes,No,11,Yes,Yes,Fiber optic,No,No,Yes,No,No,No,Month-to-month,Yes,Bank transfer (automatic),87.64,966.69,0,No
CUST-10890,Male,0,No,Yes,43,Yes,Yes,DSL,No,No,No,No,Yes,Yes,Month-to-month,No,Electronic check,57.74,2485.83,2,Yes
CUST-10891,Male,0,Yes,No,18,Yes,No,DSL,No,No,Yes,No,Yes,Yes,Month-to-month,Yes,Electronic check,57.37,995.35,0,No
CUST-10892,Male,0,No,No,10,No,No phone service,Fiber optic,No,No,No,No,Yes,No,Month-to-month,No,Electronic check,73.08,714.57,3,Yes
CUST-10893,Male,0,No,No,18,Yes,No,Fiber optic,No,No,Yes,No,No,Yes,Two year,Yes,Mailed check,76.63,1372.61,0,No
CUST-10894,Female,0,No,Yes,19,Yes,No,Fiber optic,No,No,No,Yes,No,Yes,One year,No,Electronic check,91.16,1731.1,1,No
CUST-10895,Female,0,Yes,No,54,Yes,No,Fiber optic,No,No,Yes,No,Yes,No,Month-to-month,Yes,Electronic check,81.29,4392.97,0,No
CUST-10896,Female,0,No,No,6,Yes,Yes,Fiber optic,No,Yes,Yes,No,No,No,One year,Yes,Electronic check,77.56,441.07,1,No
CUST-10897,Female,0,No,No,13,Yes,Yes,Fiber optic,No,Yes,Yes,Yes,No,Yes,One year,No,Credit card (automatic),97.73,1267.91,0,Yes
CUST-10898,Male,0,No,Yes,26,Yes,No,DSL,No,No,No,No,No,Yes,One year,No,Bank transfer (automatic),35.24,952.9,0,No
CUST-10899,Male,1,Yes,Yes,10,Yes,No,Fiber optic,No,Yes,Yes,Yes,Yes,No,Month-to-month,Yes,Electronic check,91.66,904.97,2,Yes
CUST-10900,Male,0,Yes,No,70,No,No phone service,DSL,No,Yes,No,Yes,Yes,Yes,Month-to-month,Yes,Bank transfer (automatic),62.13,4317.67,1,No
CUST-10901,Female,0,Yes,Yes,72,Yes,No,DSL,No,No,No,No,Yes,No,Month-to-month,No,Bank transfer (automatic),47.57,3448.53,3,No
CUST-10902,Female,1,Yes,Yes,24,Yes,No,Fiber optic,No,Yes,Yes,Yes,No,Yes,Month-to-month,No,Electronic check,93.96,2254.01,1,Yes
CUST-10903,Male,0,No,Yes,37,Yes,Yes,DSL,No,Yes,No,No,Yes,No,Month-to-month,Yes,Electronic check,50.31,1849.92,2,Yes
CUST-10904,Male,1,No,Yes,63,No,No phone service,Fiber optic,Yes,Yes,No,No,Yes,Yes,Month-to-month,Yes,Credit card (automatic),94.18,5962.98,1,No
CUST-10905,Female,0,Yes,Yes,22,Yes,Yes,No,No internet service,No internet service,No internet service,No internet service,No internet service,No internet service,Two year,Yes,Electronic check,18.0,332.27,1,No
CUST-10906,Female,0,No,No,36,Yes,Yes,Fiber optic,No,No,No,No,Yes,No,Month-to-month,No,Credit card (automatic),68.45,2453.86,0,No
CUST-10907,Male,0,Yes,Yes,9,Yes,No,No,No internet service,No internet service,No internet service,No internet service,No internet service,No internet service,Month-to-month,Yes,Electronic check,18.0,127.45,1,No
CUST-10908,Male,0,Yes,Yes,3,Yes,Yes,Fiber optic,Yes,No,Yes,No,Yes,No,One year,Yes,Mailed check,90.13,301.56,0,No
CUST-10909,Female,0,Yes,Yes,47,Yes,Yes,No,No internet service,No internet service,No internet service,No internet service,No internet service,No internet service,One year,Yes,Electronic check,23.04,1070.36,1,No
CUST-10910,Male,0,Yes,No,23,Yes,No,DSL,No,Yes,No,Yes,No,Yes,Month-to-month,No,Bank transfer (automatic),59.56,1340.59,0,No
CUST-10911,Male,0,No,No,72,Yes,No,Fiber optic,No,No,Yes,Yes,No,Yes,Month-to-month,No,Credit card (automatic),86.72,6210.02,0,Yes
CUST-10912,Male,0,Yes,No,15,Yes,No,Fiber optic,No,Yes,Yes,No,No,Yes,Month-to-month,Yes,Mailed check,94.98,1447.28,2,Yes
CUST-10913,Female,1,No,Yes,8,Yes,No,No,No internet service,No internet service,No internet service,No internet service,No internet service,No internet service,One year,Yes,Electronic check,25.15,241.31,0,Yes
CUST-10914,Female,1,Yes,No,44,Yes,No,DSL,No,No,Yes,No,Yes,No,Month-to-month,Yes,Electronic check,52.75,2316.81,1,No
CUST-10915,Female,0,No,No,72,Yes,Yes,DSL,No,Yes,No,Yes,Yes,No,Month-to-month,Yes,Credit card (automatic),52.04,3747.53,1,No
CUST-10916,Female,0,Yes,Yes,9,Yes,Yes,No,No internet service,No internet service,No internet service,No internet service,No internet service,No internet service,Month-to-month,Yes,Bank transfer (automatic),23.49,199.43,1,No
CUST-10917,Female,0,Yes,No,11,Yes,Yes,DSL,No,Yes,Yes,No,No,No,One year,No,Electronic check,53.79,610.32,0,Yes
CUST-10918,Female,0,Yes,No,61,Yes,Yes,DSL,No,No,No,No,Yes,No,One year,No,Credit card (automatic),40.92,2481.91,0,No
CUST-10919,Female,0,Yes,No,72,Yes,Yes,Fiber optic,Yes,No,Yes,Yes,Yes,No,Month-to-month,No,Bank transfer (automatic),92.74,6658.35,1,Yes
CUST-10920,Male,1,Yes,No,36,Yes,No,Fiber optic,No,No,Yes,No,No,Yes,Month-to-month,Yes,Electronic check,83.33,2989.73,0,Yes
CUST-10921,Male,0,No,No,14,Yes,No,No,No internet service,No internet service,No internet service,No internet service,No internet service,No internet service,One year,Yes,Bank transfer (automatic),18.0,265.22,1,No
CUST-10922,Male,0,No,Yes,57,Yes,Yes,Fiber optic,No,Yes,No,No,No,Yes,Two year,No,Mailed check,88.83,5077.54,1,No
CUST-10923,Male,0,No,No,20,Yes,No,Fiber optic,No,No,No,No,No,No,One year,Yes,Credit card (automatic),69.67,1366.65,1,No
CUST-10924,Male,1,No,Yes,14,Yes,Yes,DSL,No,No,No,No,No,Yes,Two year,Yes,Mailed check,52.18,727.46,1,No
CUST-10925,Male,0,Yes,No,16,No,No phone service,Fiber optic,No,Yes,No,Yes,No,Yes,Month-to-month,Yes,Credit card (automatic),80.53,1236.5,0,No
CUST-10926,Male,0,Yes,Yes,40,Yes,Yes,Fiber optic,Yes,Yes,No,No,Yes,Yes,Month-to-month,No,Credit card (automatic),92.22,3664.63,0,No
CUST-10927,Female,0,No,No,25,Yes,No,DSL,Yes,No,No,Yes,No,Yes,Month-to-month,No,Bank transfer (automatic),59.03,1468.11,1,No
CUST-10928,Female,0,No,No,35,No,No phone service,No,No internet service,No internet service,No internet service,No internet service,No internet service,No internet service,Month-to-month,Yes,Electronic check,30.65,1053.09,1,Yes
CUST-10929,Male,0,No,No,45,Yes,Yes,DSL,Yes,No,No,Yes,No,No,Month-to-month,Yes,Credit card (automatic),53.27,2397.41,3,No
CUST-10930,Male,1,No,Yes,20,Yes,No,Fiber optic,Yes,Yes,No,No,No,No,Month-to-month,No,Mailed check,79.94,1626.02,1,No
CUST-10931,Female,0,Yes,No,49,Yes,Yes,No,No internet service,No internet service,No internet service,No internet service,No internet service,No internet service,Month-to-month,No,Credit card (automatic),18.0,887.84,1,No
CUST-10932,Male,0,Yes,No,25,Yes,No,DSL,Yes,No,No,No,No,No,Month-to-month,No,Electronic check,57.69,1475.25,1,No
CUST-10933,Male,0,Yes,Yes,16,Yes,No,DSL,No,No,No,No,No,Yes,Two year,Yes,Credit card (automatic),47.72,754.26,2,No
CUST-10934,Female,0,Yes,No,6,Yes,No,Fiber optic,No,Yes,Yes,Yes,No,Yes,Month-to-month,Yes,Credit card (automatic),84.7,502.86,2,No
CUST-10935,Male,0,Yes,Yes,20,Yes,Yes,DSL,Yes,Yes,Yes,No,No,No,Month-to-month,No,Credit card (automatic),64.6,1306.8,2,Yes
CUST-10936,Female,0,Yes,No,65,No,No phone service,Fiber optic,No,No,Yes,No,Yes,Yes,Month-to-month,No,Electronic check,89.83,5866.64,5,No
CUST-10937,Male,0,No,Yes,43,Yes,Yes,DSL,Yes,No,No,No,No,Yes,Two year,Yes,Mailed check,52.49,2268.18,0,No
CUST-10938,Female,0,No,Yes,34,Yes,No,No,No internet service,No internet service,No internet service,No internet service,No internet service,No internet service,One year,Yes,Electronic check,18.0,630.77,2,No
CUST-10939,Female,0,No,No,9,Yes,No,No,No internet service,No internet service,No internet service,No internet service,No internet service,No internet service,Month-to-month,Yes,Electronic check,19.21,169.62,0,Yes
CUST-10940,Female,0,No,No,16,Yes,No,No,No internet service,No internet service,No internet service,No internet service,No internet service,No internet service,Month-to-month,Yes,Electronic check,18.0,264.21,1,No
CUST-10941,Male,1,Yes,Yes,39,Yes,Yes,DSL,Yes,Yes,Yes,Yes,Yes,No,One year,Yes,Credit card (automatic),70.24,2755.12,0,No
CUST-10942,Female,0,Yes,No,46,Yes,No,DSL,Yes,No,Yes,No,Yes,Yes,Month-to-month,No,Bank transfer (automatic),69.08,3169.58,2,No
CUST-10943,Male,0,No,Yes,44,No,No phone service,DSL,No,No,No,No,No,Yes,Two year,Yes,Electronic check,53.45,2351.07,0,No
CUST-10944,Male,0,Yes,Yes,30,Yes,Yes,Fiber optic,No,No,Yes,No,No,Yes,Month-to-month,Yes,Credit card (automatic),80.94,2392.6,1,Yes
CUST-10945,Male,0,Yes,No,13,Yes,Yes,DSL,Yes,Yes,Yes,No,No,Yes,Month-to-month,Yes,Bank transfer (automatic),60.7,831.88,2,No
CUST-10946,Male,0,Yes,Yes,46,Yes,No,No,No internet service,No internet service,No internet service,No internet service,No internet service,No internet service,Two year,No,Credit card (automatic),18.0,844.5,1,No
CUST-10947,Female,0,Yes,No,16,Yes,Yes,Fiber optic,No,Yes,No,Yes,Yes,No,Month-to-month,No,Credit card (automatic),85.98,1403.83,4,No
CUST-10948,Female,0,No,No,47,Yes,No,Fiber optic,Yes,Yes,Yes,No,No,Yes,Month-to-month,Yes,Bank transfer (automatic),81.3,3847.24,2,Yes
CUST-10949,Male,0,Yes,No,20,Yes,Yes,Fiber optic,Yes,No,No,Yes,Yes,No,Month-to-month,Yes,Electronic check,82.47,1651.17,4,Yes
CUST-10950,Male,0,No,No,72,Yes,No,Fiber optic,Yes,No,Yes,No,No,No,One year,Yes,Credit card (automatic),81.95,5855.9,0,Yes
CUST-10951,Female,0,No,Yes,18,Yes,Yes,DSL,Yes,No,Yes,No,Yes,No,Month-to-month,Yes,Electronic check,62.35,1123.17,1,No
CUST-10952,Male,1,Yes,No,18,Yes,No,DSL,No,No,Yes,No,No,Yes,Month-to-month,Yes,Bank transfer (automatic),54.71,970.82,4,Yes
CUST-10953,Female,0,Yes,No,23,Yes,No,Fiber optic,No,Yes,No,No,Yes,No,Month-to-month,No,Credit card (automatic),80.97,1890.13,3,Yes
CUST-10954,Male,0,Yes,Yes,13,Yes,No,Fiber optic,Yes,No,No,No,No,No,Two year,Yes,Electronic check,77.37,1019.71,0,No
CUST-10955,Male,1,Yes,No,11,Yes,No,DSL,Yes,No,Yes,No,No,Yes,Month-to-month,No,Bank transfer (automatic),54.2,603.18,3,No
CUST-10956,Female,1,No,No,12,No,No phone service,No,No internet service,No internet service,No internet service,No internet service,No internet service,No internet service,Month-to-month,Yes,Mailed check,18.0,195.45,0,No
CUST-10957,Male,0,No,No,59,Yes,Yes,No,No internet service,No internet service,No internet service,No internet service,No internet service,No internet service,One year,Yes,Electronic check,22.16,1288.68,1,No
CUST-10958,Female,0,No,No,11,Yes,Yes,DSL,No,No,No,No,Yes,Yes,One year,Yes,Electronic check,57.21,595.64,0,No
CUST-10959,Male,0,Yes,Yes,18,Yes,No,Fiber optic,Yes,Yes,Yes,Yes,No,No,Two year,Yes,Credit card (automatic),89.82,1595.05,1,No
CUST-10960,Male,0,No,No,72,Yes,No,Fiber optic,No,No,No,Yes,Yes,No,Month-to-month,Yes,Electronic check,85.27,6137.97,2,Yes
CUST-10961,Male,0,No,No,48,Yes,No,DSL,No,No,Yes,No,No,No,Two year,No,Credit card (automatic),57.05,2721.27,0,No
CUST-10962,Female,0,No,No,47,Yes,No,No,No internet service,No internet service,No internet service,No internet service,No internet service,No internet service,Month-to-month,Yes,Bank transfer (automatic),18.0,851.96,1,No
CUST-10963,Male,0,No,Yes,72,Yes,Yes,No,No internet service,No internet service,No internet service,No internet service,No internet service,No internet service,Month-to-month,Yes,Bank transfer (automatic),24.27,1761.86,2,No
CUST-10964,Male,0,No,No,23,Yes,No,Fiber optic,Yes,Yes,No,No,No,No,Two year,No,Credit card (automatic),78.78,1819.52,1,No
CUST-10965,Male,0,No,No,4,Yes,No,No,No internet service,No internet service,No internet service,No internet service,No internet service,No internet service,Month-to-month,No,Mailed check,18.0,111.21,0,No
CUST-10966,Male,0,No,No,44,Yes,No,Fiber optic,Yes,No,No,Yes,No,Yes,One year,No,Mailed check,86.92,3819.28,0,No
CUST-10967,Female,0,Yes,No,21,Yes,No,Fiber optic,Yes,No,No,No,Yes,Yes,Two year,No,Electronic check,91.17,1939.47,0,No
CUST-10968,Female,0,No,No,72,Yes,Yes,Fiber optic,No,Yes,No,No,Yes,No,One year,Yes,Bank transfer (automatic),77.49,5605.29,0,No
CUST-10969,Male,0,Yes,No,3,Yes,No,DSL,No,No,No,Yes,No,Yes,Month-to-month,Yes,Mailed check,61.68,156.55,1,No
CUST-10970,Female,1,Yes,No,11,Yes,Yes,DSL,No,Yes,No,Yes,No,Yes,Two year,Yes,Electronic check,60.07,669.75,1,No
CUST-10971,Male,0,No,Yes,15,Yes,Yes,Fiber optic,No,No,No,No,Yes,Yes,Month-to-month,No,Bank transfer (automatic),84.18,1296.47,2,No
CUST-10972,Male,0,No,No,23,Yes,Yes,Fiber optic,No,No,Yes,Yes,No,No,Month-to-month,Yes,Mailed check,84.33,1930.57,3,No
CUST-10973,Male,0,Yes,No,7,Yes,No,Fiber optic,No,No,No,No,Yes,No,Month-to-month,Yes,Credit card (automatic),75.47,508.48,4,No
CUST-10974,Female,0,Yes,No,32,Yes,Yes,Fiber optic,No,No,No,Yes,Yes,Yes,Month-to-month,Yes,Mailed check,96.76,3104.44,2,Yes
CUST-10975,Female,1,Yes,No,15,Yes,Yes,DSL,Yes,No,No,Yes,No,Yes,One year,Yes,Credit card (automatic),68.24,1027.87,0,No
CUST-10976,Female,0,No,No,50,Yes,No,Fiber optic,No,No,Yes,No,Yes,No,Month-to-month,Yes,Mailed check,71.81,3640.88,0,Yes
CUST-10977,Female,0,No,No,62,Yes,No,Fiber optic,No,No,Yes,Yes,Yes,Yes,One year,Yes,Credit card (automatic),81.24,5060.09,2,No
CUST-10978,Female,0,No,Yes,19,Yes,No,DSL,Yes,Yes,No,Yes,No,Yes,Two year,Yes,Mailed check,68.95,1322.62,1,No
CUST-10979,Female,0,No,Yes,36,Yes,Yes,No,No internet service,No internet service,No internet service,No internet service,No internet service,No internet service,Month-to-month,Yes,Mailed check,18.0,629.69,2,No
CUST-10980,Female,0,Yes,No,25,Yes,No,Fiber optic,No,No,Yes,No,Yes,No,One year,Yes,Mailed check,80.43,1976.37,0,No
CUST-10981,Female,0,No,No,23,Yes,Yes,DSL,Yes,Yes,Yes,No,Yes,No,One year,Yes,Mailed check,71.95,1682.18,0,Yes
CUST-10982,Female,0,Yes,No,7,Yes,No,Fiber optic,No,Yes,Yes,No,No,No,One year,No,Credit card (automatic),83.34,592.52,2,No
CUST-10983,Male,0,No,No,22,Yes,No,Fiber optic,No,No,Yes,No,No,Yes,Month-to-month,Yes,Electronic check,77.85,1711.08,0,Yes
CUST-10984,Female,0,No,No,46,Yes,Yes,Fiber optic,Yes,Yes,Yes,No,No,Yes,Month-to-month,No,Electronic check,97.67,4493.21,2,No
CUST-10985,Female,1,No,No,33,Yes,No,No,No internet service,No internet service,No internet service,No internet service,No internet service,No internet service,Month-to-month,Yes,Credit card (automatic),18.54,625.2,1,No
CUST-10986,Female,0,Yes,No,11,Yes,No,Fiber optic,No,Yes,No,No,Yes,No,Month-to-month,Yes,Bank transfer (automatic),81.03,877.46,1,Yes
CUST-10987,Female,0,Yes,No,7,Yes,Yes,No,No internet service,No internet service,No internet service,No internet service,No internet service,No internet service,Month-to-month,No,Electronic check,18.15,75.91,1,Yes
CUST-10988,Female,0,Yes,No,22,Yes,No,No,No internet service,No internet service,No internet service,No internet service,No internet service,No internet service,One year,Yes,Mailed check,22.69,484.77,2,No
CUST-10989,Female,1,No,No,13,No,No phone service,DSL,Yes,No,Yes,Yes,No,No,Month-to-month,Yes,Mailed check,55.67,721.1,1,No
CUST-10990,Female,0,Yes,No,14,Yes,Yes,DSL,No,No,No,No,Yes,Yes,Two year,No,Bank transfer (automatic),55.01,746.92,1,No
CUST-10991,Female,0,Yes,No,13,Yes,No,Fiber optic,No,No,No,No,No,Yes,One year,Yes,Credit card (automatic),77.97,1012.98,0,Yes
CUST-10992,Female,0,Yes,No,25,Yes,No,Fiber optic,No,No,No,Yes,No,Yes,Month-to-month,Yes,Mailed check,90.7,2312.94,1,Yes
CUST-10993,Female,0,No,No,38,Yes,No,No,No internet service,No internet service,No internet service,No internet service,No internet service,No internet service,Month-to-month,No,Bank transfer (automatic),22.84,866.47,0,No
CUST-10994,Female,0,Yes,No,13,Yes,No,No,No internet service,No internet service,No internet service,No internet service,No internet service,No internet service,One year,Yes,Credit card (automatic),18.0,203.24,1,No
CUST-10995,Male,0,No,Yes,12,Yes,Yes,Fiber optic,Yes,No,No,No,Yes,No,One year,No,Credit card (automatic),83.47,1005.3,1,No
CUST-10996,Male,0,No,No,8,Yes,Yes,Fiber optic,No,No,No,Yes,Yes,Yes,Two year,Yes,Electronic check,83.54,672.62,0,Yes
CUST-10997,Female,0,No,No,28,Yes,No,Fiber optic,Yes,Yes,No,Yes,No,Yes,Month-to-month,Yes,Mailed check,95.56,2674.72,0,No
CUST-10998,Female,0,Yes,No,46,Yes,Yes,DSL,Yes,No,No,Yes,Yes,No,Month-to-month,Yes,Bank transfer (automatic),54.26,2468.17,0,No
CUST-10999,Male,0,Yes,No,22,Yes,Yes,DSL,Yes,No,No,No,No,Yes,Two year,Yes,Credit card (automatic),51.04,1137.45,1,No
CUST-11000,Female,0,Yes,Yes,38,Yes,Yes,Fiber optic,No,Yes,Yes,Yes,No,No,Month-to-month,No,Credit card (automatic),84.97,3276.08,4,Yes
CUST-11001,Male,0,Yes,Yes,55,No,No phone service,Fiber optic,Yes,Yes,Yes,No,Yes,Yes,One year,No,Bank transfer (automatic),96.26,5319.81,1,No
CUST-11002,Male,0,Yes,No,29,Yes,Yes,Fiber optic,Yes,No,No,Yes,No,Yes,Month-to-month,Yes,Credit card (automatic),90.12,2635.71,2,No
CUST-11003,Male,0,No,Yes,11,Yes,No,DSL,No,No,Yes,No,No,No,One year,No,Mailed check,53.8,562.83,1,No
CUST-11004,Male,0,Yes,No,10,Yes,Yes,DSL,Yes,No,Yes,Yes,No,No,Month-to-month,Yes,Credit card (automatic),56.14,550.64,1,No
CUST-11005,Male,0,No,Yes,12,No,No phone service,Fiber optic,No,No,No,No,Yes,Yes,One year,Yes,Credit card (automatic),87.62,1032.35,1,No
CUST-11006,Female,0,Yes,No,72,Yes,Yes,No,No internet service,No internet service,No internet service,No internet service,No internet service,No internet service,Month-to-month,No,Credit card (automatic),20.9,1501.99,2,No
CUST-11007,Male,0,No,Yes,72,Yes,No,No,No internet service,No internet service,No internet service,No internet service,No internet service,No internet service,Two year,Yes,Credit card (automatic),18.0,1312.31,0,No
CUST-11008,Female,0,No,No,18,Yes,No,Fiber optic,No,Yes,Yes,No,No,No,Month-to-month,Yes,Mailed check,69.65,1268.34,2,Yes
CUST-11009,Female,0,No,No,53,Yes,No,No,No internet service,No internet service,No internet service,No internet service,No internet service,No internet service,Month-to-month,Yes,Electronic check,26.31,1397.05,0,No
CUST-11010,Male,0,No,Yes,59,Yes,No,DSL,Yes,No,Yes,Yes,Yes,No,Month-to-month,Yes,Mailed check,64.02,3755.94,0,No
CUST-11011,Male,0,No,No,7,Yes,No,No,No internet service,No internet service,No internet service,No internet service,No internet service,No internet service,Two year,Yes,Credit card (automatic),18.0,143.13,0,No
CUST-11012,Female,0,No,No,72,Yes,No,Fiber optic,No,No,No,No,Yes,Yes,One year,No,Credit card (automatic),84.48,6093.29,0,No
CUST-11013,Male,0,Yes,No,20,Yes,Yes,No,No internet service,No internet service,No internet service,No internet service,No internet service,No internet service,Month-to-month,No,Electronic check,18.0,296.19,0,Yes
CUST-11014,Male,0,No,Yes,19,Yes,No,DSL,No,Yes,Yes,No,No,Yes,Month-to-month,Yes,Electronic check,58.91,1126.62,0,No
CUST-11015,Female,0,Yes,No,8,Yes,No,No,No internet service,No internet service,No internet service,No internet service,No internet service,No internet service,Month-to-month,Yes,Mailed check,18.0,119.06,2,No
CUST-11016,Female,1,Yes,No,72,Yes,Yes,Fiber optic,No,Yes,No,No,Yes,No,Month-to-month,Yes,Mailed check,80.39,5782.04,3,No
CUST-11017,Male,1,Yes,No,26,Yes,No,DSL,No,Yes,No,Yes,Yes,No,Month-to-month,Yes,Electronic check,63.86,1639.63,1,No
CUST-11018,Female,0,Yes,No,72,Yes,No,Fiber optic,No,Yes,No,No,No,No,One year,No,Credit card (automatic),79.37,5717.85,2,No
CUST-11019,Male,0,Yes,No,57,Yes,No,DSL,No,No,No,No,Yes,No,Month-to-month,No,Electronic check,53.17,3037.27,4,No
CUST-11020,Male,0,Yes,No,19,Yes,Yes,Fiber optic,No,No,No,No,No,Yes,One year,No,Bank transfer (automatic),81.95,1564.51,1,No
CUST-11021,Male,0,Yes,No,27,Yes,No,DSL,No,No,No,No,Yes,Yes,Two year,No,Electronic check,52.15,1411.52,0,No
CUST-11022,Female,0,No,Yes,14,Yes,No,Fiber optic,Yes,Yes,No,No,Yes,No,Two year,No,Credit card (automatic),88.13,1238.2,0,No
CUST-11023,Female,0,Yes,No,16,Yes,Yes,No,No internet service,No internet service,No internet service,No internet service,No internet service,No internet service,One year,Yes,Bank transfer (automatic),18.0,277.67,0,No
CUST-11024,Female,0,No,No,34,Yes,No,No,No internet service,No internet service,No internet service,No internet service,No internet service,No internet service,Month-to-month,Yes,Mailed check,19.28,658.65,2,No
CUST-11025,Female,0,Yes,No,42,Yes,No,DSL,No,No,No,No,Yes,No,One year,Yes,Bank transfer (automatic),49.69,2102.01,0,No
CUST-11026,Female,0,No,No,4,Yes,No,DSL,No,No,No,Yes,Yes,No,Month-to-month,No,Electronic check,48.81,195.54,1,No
CUST-11027,Male,0,No,No,4,Yes,No,Fiber optic,No,No,Yes,No,No,No,Month-to-month,Yes,Credit card (automatic),76.44,306.26,0,Yes
CUST-11028,Male,0,No,Yes,16,Yes,Yes,DSL,No,Yes,No,No,No,Yes,One year,Yes,Credit card (automatic),56.34,881.85,1,Yes
CUST-11029,Male,0,No,No,30,Yes,No,No,No internet service,No internet service,No internet service,No internet service,No internet service,No internet service,Two year,Yes,Bank transfer (automatic),19.96,610.29,2,No
CUST-11030,Male,0,Yes,No,60,Yes,Yes,Fiber optic,No,Yes,Yes,No,No,Yes,Month-to-month,No,Electronic check,84.82,5110.84,0,No
CUST-11031,Female,0,No,Yes,26,Yes,Yes,Fiber optic,No,No,Yes,Yes,Yes,Yes,Month-to-month,No,Electronic check,81.1,2126.23,1,Yes
CUST-11032,Male,0,No,No,20,Yes,No,DSL,No,Yes,No,No,Yes,Yes,One year,Yes,Bank transfer (automatic),62.06,1236.45,1,No
CUST-11033,Female,1,No,No,37,Yes,No,Fiber optic,No,No,Yes,Yes,Yes,No,Month-to-month,No,Electronic check,89.28,3325.26,2,Yes
CUST-11034,Male,0,No,No,11,Yes,No,No,No internet service,No internet service,No internet service,No internet service,No internet service,No internet service,One year,Yes,Bank transfer (automatic),28.42,314.23,1,No
CUST-11035,Female,1,Yes,No,26,Yes,No,Fiber optic,Yes,Yes,No,No,No,Yes,Month-to-month,No,Mailed check,88.32,2265.01,2,Yes
CUST-11036,Female,1,No,No,22,Yes,No,No,No internet service,No internet service,No internet service,No internet service,No internet service,No internet service,Month-to-month,Yes,Electronic check,33.34,752.16,0,Yes
CUST-11037,Male,0,Yes,No,28,Yes,No,DSL,No,Yes,No,Yes,Yes,Yes,Month-to-month,Yes,Electronic check,67.09,1858.25,0,Yes
CUST-11038,Male,0,No,No,55,No,No phone service,DSL,No,Yes,No,No,Yes,No,Two year,Yes,Credit card (automatic),57.13,3128.34,0,No
CUST-11039,Male,0,Yes,No,5,Yes,No,No,No internet service,No internet service,No internet service,No internet service,No internet service,No internet service,One year,Yes,Credit card (automatic),18.94,94.25,0,Yes
CUST-11040,Male,1,No,Yes,23,Yes,Yes,Fiber optic,No,No,Yes,Yes,No,No,Two year,No,Electronic check,78.44,1812.29,1,No
CUST-11041,Female,0,Yes,No,42,Yes,Yes,DSL,No,No,No,No,Yes,Yes,Month-to-month,No,Electronic check,58.89,2488.88,1,No
CUST-11042,Male,0,Yes,Yes,36,Yes,Yes,Fiber optic,Yes,Yes,No,Yes,Yes,No,Two year,Yes,Mailed check,98.31,3504.84,2,No
CUST-11043,Male,0,No,No,5,Yes,Yes,Fiber optic,Yes,Yes,Yes,No,Yes,No,Month-to-month,Yes,Electronic check,94.64,482.47,2,No
CUST-11044,Female,0,No,No,4,Yes,No,Fiber optic,No,No,Yes,Yes,Yes,Yes,Two year,No,Credit card (automatic),93.15,341.85,1,No
CUST-11045,Male,0,No,No,40,Yes,Yes,No,No internet service,No internet service,No internet service,No internet service,No internet service,No internet service,Month-to-month,Yes,Bank transfer (automatic),18.19,730.39,1,Yes
CUST-11046,Male,0,Yes,No,5,Yes,No,DSL,No,Yes,No,No,Yes,Yes,Month-to-month,Yes,Credit card (automatic),61.29,305.55,1,Yes
CUST-11047,Male,0,Yes,Yes,27,Yes,No,Fiber optic,No,Yes,No,Yes,No,No,Month-to-month,Yes,Credit card (automatic),80.88,2141.08,2,No
CUST-11048,Male,1,No,No,52,Yes,No,Fiber optic,Yes,Yes,No,No,No,No,One year,No,Bank transfer (automatic),82.25,4320.79,0,No
CUST-11049,Male,0,No,No,6,Yes,Yes,Fiber optic,Yes,Yes,Yes,No,Yes,Yes,Month-to-month,No,Bank transfer (automatic),98.05,548.22,0,No
CUST-11050,Female,1,No,No,72,Yes,Yes,Fiber optic,No,No,No,No,No,No,Two year,No,Credit card (automatic),65.45,4715.42,1,No
CUST-11051,Male,0,Yes,No,39,Yes,Yes,Fiber optic,No,No,No,No,Yes,No,Month-to-month,Yes,Bank transfer (automatic),82.63,3216.61,1,Yes
CUST-11052,Male,0,No,No,72,Yes,Yes,DSL,Yes,Yes,No,Yes,No,Yes,Month-to-month,No,Electronic check,76.99,5538.15,2,No
CUST-11053,Male,0,Yes,No,16,Yes,No,Fiber optic,No,Yes,No,No,Yes,No,Month-to-month,Yes,Bank transfer (automatic),80.81,1256.96,0,No
CUST-11054,Male,0,No,No,62,Yes,No,DSL,No,Yes,No,Yes,No,No,Month-to-month,Yes,Mailed check,56.48,3512.39,1,Yes
CUST-11055,Male,0,Yes,No,18,Yes,Yes,DSL,No,Yes,No,Yes,Yes,Yes,One year,No,Credit card (automatic),70.02,1307.57,0,No
CUST-11056,Female,0,Yes,No,25,Yes,Yes,Fiber optic,Yes,No,Yes,No,No,No,One year,No,Mailed check,77.26,1929.51,0,No
CUST-11057,Male,0,No,No,14,Yes,No,DSL,No,Yes,Yes,Yes,No,Yes,Two year,No,Electronic check,69.6,979.78,0,No
CUST-11058,Female,1,No,No,24,Yes,No,Fiber optic,No,Yes,No,No,Yes,No,Month-to-month,No,Electronic check,78.66,1886.32,1,No
CUST-11059,Female,1,Yes,Yes,48,Yes,No,DSL,Yes,No,Yes,Yes,No,No,Two year,No,Credit card (automatic),59.78,2887.86,2,No
CUST-11060,Male,0,Yes,No,72,Yes,Yes,Fiber optic,Yes,No,No,Yes,Yes,No,Month-to-month,No,Credit card (automatic),80.28,5799.52,2,No
CUST-11061,Male,0,Yes,Yes,12,Yes,No,No,No internet service,No internet service,No internet service,No internet service,No internet service,No internet service,Two year,No,Bank transfer (automatic),18.0,188.96,1,No
CUST-11062,Male,0,No,Yes,28,Yes,No,DSL,No,No,No,No,No,No,Month-to-month,Yes,Electronic check,46.12,1271.43,0,No
CUST-11063,Male,0,Yes,Yes,15,Yes,Yes,Fiber optic,No,No,No,No,Yes,Yes,One year,Yes,Electronic check,89.69,1329.1,0,Yes
CUST-11064,Female,1,Yes,Yes,29,Yes,Yes,Fiber optic,No,Yes,No,Yes,No,Yes,One year,No,Mailed check,85.25,2474.48,0,Yes
CUST-11065,Male,0,No,No,53,Yes,Yes,DSL,No,Yes,Yes,No,No,No,Month-to-month,No,Credit card (automatic),53.43,2851.2,1,No
CUST-11066,Male,0,No,Yes,17,Yes,No,Fiber optic,No,Yes,Yes,No,No,No,Month-to-month,Yes,Credit card (automatic),83.23,1365.73,1,No
CUST-11067,Male,1,No,Yes,35,No,No phone service,DSL,No,No,No,No,No,Yes,One year,No,Credit card (automatic),56.37,1981.85,0,No
CUST-11068,Male,0,No,Yes,11,Yes,Yes,DSL,No,No,No,No,No,Yes,Month-to-month,Yes,Bank transfer (automatic),57.41,662.58,2,Yes
CUST-11069,Male,1,No,Yes,56,Yes,No,No,No internet service,No internet service,No internet service,No internet service,No internet service,No internet service,Month-to-month,No,Credit card (automatic),18.0,1001.13,2,No
CUST-11070,Male,0,No,Yes,43,Yes,No,DSL,Yes,No,Yes,No,No,Yes,One year,No,Electronic check,61.99,2663.97,0,No
CUST-11071,Female,0,No,No,13,Yes,No,Fiber optic,Yes,Yes,Yes,No,No,No,One year,Yes,Electronic check,95.63,1262.84,2,No
CUST-11072,Female,0,No,No,12,Yes,No,DSL,No,No,Yes,No,No,Yes,Two year,No,Credit card (automatic),49.77,612.53,0,No
CUST-11073,Male,0,Yes,No,64,Yes,Yes,DSL,Yes,No,No,Yes,No,Yes,Month-to-month,No,Electronic check,62.6,3999.45,1,Yes
CUST-11074,Male,0,No,No,72,Yes,Yes,DSL,Yes,No,No,Yes,Yes,Yes,Month-to-month,No,Bank transfer (automatic),68.41,4933.67,0,No
CUST-11075,Male,0,Yes,Yes,13,Yes,No,DSL,Yes,No,Yes,No,No,No,Month-to-month,No,Bank transfer (automatic),49.18,576.21,2,No
CUST-11076,Female,0,Yes,Yes,48,Yes,Yes,Fiber optic,No,Yes,No,No,No,No,One year,Yes,Electronic check,78.2,3761.33,0,No
CUST-11077,Male,0,Yes,Yes,19,Yes,Yes,Fiber optic,Yes,No,No,Yes,No,No,Two year,Yes,Electronic check,84.04,1597.13,0,No
CUST-11078,Female,0,Yes,No,64,Yes,No,Fiber optic,No,Yes,No,Yes,No,Yes,Two year,No,Electronic check,83.76,5392.91,0,Yes
CUST-11079,Male,0,No,Yes,19,No,No phone service,Fiber optic,No,No,No,No,Yes,No,Two year,No,Bank transfer (automatic),69.53,1353.96,1,Yes
CUST-11080,Male,0,No,No,41,Yes,No,No,No internet service,No internet service,No internet service,No internet service,No internet service,No internet service,Two year,Yes,Electronic check,26.91,1099.95,0,No
CUST-11081,Male,0,No,Yes,28,Yes,No,No,No internet service,No internet service,No internet service,No internet service,No internet service,No internet service,Two year,Yes,Mailed check,18.0,530.92,1,No
CUST-11082,Male,0,No,Yes,2,Yes,Yes,Fiber optic,No,No,Yes,Yes,No,No,Month-to-month,Yes,Bank transfer (automatic),88.29,161.56,1,Yes
CUST-11083,Female,0,No,No,12,No,No phone service,No,No internet service,No internet service,No internet service,No internet service,No internet service,No internet service,Two year,Yes,Electronic check,21.89,262.88,0,No
CUST-11084,Female,0,Yes,No,40,Yes,No,Fiber optic,Yes,No,Yes,No,No,No,One year,No,Electronic check,80.18,3232.85,0,No
CUST-11085,Male,0,No,No,37,No,No phone service,No,No internet service,No internet service,No internet service,No internet service,No internet service,No internet service,Month-to-month,Yes,Mailed check,26.9,999.69,2,No
CUST-11086,Male,0,No,No,30,Yes,Yes,Fiber optic,Yes,Yes,No,Yes,No,No,Month-to-month,Yes,Electronic check,85.2,2569.24,0,No
CUST-11087,Female,0,Yes,No,72,Yes,No,No,No internet service,No internet service,No internet service,No internet service,No internet service,No internet service,Month-to-month,No,Bank transfer (automatic),19.93,1435.23,0,No
CUST-11088,Female,1,No,No,46,Yes,Yes,Fiber optic,Yes,No,No,No,No,No,One year,Yes,Credit card (automatic),79.08,3624.85,0,No
CUST-11089,Female,0,Yes,No,42,Yes,No,Fiber optic,Yes,Yes,No,No,Yes,Yes,One year,No,Electronic check,88.68,3720.5,0,No
CUST-11090,Female,0,Yes,Yes,2,No,No phone service,Fiber optic,Yes,No,Yes,Yes,No,No,Month-to-month,Yes,Credit card (automatic),87.73,165.07,0,No
CUST-11091,Male,0,Yes,No,47,Yes,Yes,No,No internet service,No internet service,No internet service,No internet service,No internet service,No internet service,One year,No,Mailed check,18.0,836.16,0,No
CUST-11092,Female,0,Yes,No,5,Yes,No,No,No internet service,No internet service,No internet service,No internet service,No internet service,No internet service,Month-to-month,Yes,Bank transfer (automatic),23.12,142.33,0,Yes
CUST-11093,Male,1,No,No,24,Yes,No,DSL,No,Yes,No,Yes,No,Yes,Two year,Yes,Credit card (automatic),58.04,1376.47,1,No
CUST-11094,Female,0,No,No,5,Yes,Yes,Fiber optic,Yes,No,No,No,No,No,Two year,Yes,Bank transfer (automatic),76.98,360.02,0,No
CUST-11095,Female,0,Yes,No,35,Yes,No,DSL,No,No,No,No,Yes,Yes,Two year,No,Electronic check,73.29,2603.56,0,No
CUST-11096,Female,0,No,No,54,Yes,Yes,DSL,No,No,No,No,No,No,Month-to-month,Yes,Electronic check,41.06,2214.91,0,No
CUST-11097,Female,0,No,No,23,Yes,No,No,No internet service,No internet service,No internet service,No internet service,No internet service,No internet service,Two year,Yes,Bank transfer (automatic),28.14,671.42,2,No
CUST-11098,Female,0,Yes,No,23,Yes,No,Fiber optic,No,Yes,Yes,Yes,Yes,No,Month-to-month,No,Electronic check,91.48,2133.42,0,No
CUST-11099,Male,0,Yes,No,11,Yes,Yes,Fiber optic,No,Yes,No,Yes,No,Yes,Month-to-month,Yes,Mailed check,90.59,1000.41,0,No
CUST-11100,Male,0,No,No,53,Yes,No,Fiber optic,No,Yes,No,No,Yes,Yes,Month-to-month,No,Mailed check,91.55,4871.02,0,Yes
CUST-11101,Female,0,No,Yes,6,Yes,No,Fiber optic,Yes,No,No,No,Yes,No,One year,Yes,Electronic check,84.83,499.66,0,No
CUST-11102,Female,0,No,No,28,Yes,No,DSL,Yes,No,Yes,Yes,No,No,Two year,Yes,Bank transfer (automatic),62.75,1735.28,2,No
CUST-11103,Male,0,Yes,Yes,23,Yes,No,DSL,Yes,Yes,No,No,Yes,No,One year,Yes,Bank transfer (automatic),52.19,1206.32,0,No
CUST-11104,Female,0,No,No,33,Yes,No,Fiber optic,No,Yes,No,No,Yes,Yes,Two year,Yes,Bank transfer (automatic),91.14,3048.26,1,Yes
CUST-11105,Female,0,Yes,No,44,Yes,No,DSL,No,Yes,No,Yes,No,No,Month-to-month,Yes,Mailed check,56.28,2442.24,0,No
CUST-11106,Male,1,Yes,No,22,Yes,No,DSL,Yes,No,Yes,No,No,No,Month-to-month,Yes,Electronic check,52.51,1168.54,0,No
CUST-11107,Female,0,No,No,47,Yes,Yes,DSL,No,No,No,No,No,No,Month-to-month,Yes,Mailed check,42.21,1975.54,1,Yes
CUST-11108,Female,1,Yes,Yes,24,Yes,Yes,No,No internet service,No internet service,No internet service,No internet service,No internet service,No internet service,Month-to-month,No,Credit card (automatic),18.0,396.47,2,No
CUST-11109,Male,0,Yes,Yes,32,Yes,Yes,DSL,Yes,Yes,No,Yes,No,Yes,Two year,No,Bank transfer (automatic),67.72,2165.64,0,Yes
CUST-11110,Male,0,Yes,No,9,Yes,Yes,No,No internet service,No internet service,No internet service,No internet service,No internet service,No internet service,One year,No,Credit card (automatic),18.0,152.31,0,No
CUST-11111,Male,0,Yes,Yes,17,Yes,No,Fiber optic,No,No,No,No,No,No,Month-to-month,Yes,Electronic check,68.33,1147.29,2,Yes
CUST-11112,Female,0,No,No,5,No,No phone service,DSL,No,No,No,No,No,No,One year,No,Credit card (automatic),48.69,243.16,1,No
CUST-11113,Male,0,No,No,26,Yes,Yes,Fiber optic,No,No,No,No,No,No,Month-to-month,Yes,Bank transfer (automatic),68.53,1781.21,0,Yes
CUST-11114,Male,0,Yes,No,42,Yes,No,Fiber optic,No,Yes,No,Yes,Yes,Yes,Month-to-month,No,Credit card (automatic),93.2,3869.05,0,No
CUST-11115,Male,0,Yes,No,21,Yes,No,No,No internet service,No internet service,No internet service,No internet service,No internet service,No internet service,Month-to-month,Yes,Electronic check,18.03,414.11,4,Yes
CUST-11116,Male,1,Yes,No,23,Yes,Yes,No,No internet service,No internet service,No internet service,No internet service,No internet service,No internet service,One year,No,Mailed check,21.04,514.21,2,No
CUST-11117,Male,0,No,No,33,Yes,Yes,DSL,Yes,No,No,No,Yes,No,Two year,No,Credit card (automatic),52.17,1753.71,0,No
CUST-11118,Male,0,Yes,Yes,36,Yes,Yes,No,No internet service,No internet service,No internet service,No internet service,No internet service,No internet service,Month-to-month,No,Bank transfer (automatic),18.0,648.58,1,No
CUST-11119,Female,0,No,Yes,4,Yes,Yes,DSL,No,No,Yes,Yes,Yes,Yes,Month-to-month,No,Electronic check,65.21,263.82,2,No
CUST-11120,Female,0,Yes,No,15,Yes,No,DSL,Yes,Yes,Yes,No,No,No,Month-to-month,Yes,Electronic check,59.55,917.8,0,No
CUST-11121,Male,0,Yes,No,5,Yes,No,DSL,Yes,No,Yes,No,No,No,Month-to-month,No,Bank transfer (automatic),53.1,300.59,1,No
CUST-11122,Male,0,No,Yes,18,Yes,Yes,Fiber optic,No,Yes,No,No,Yes,No,One year,No,Credit card (automatic),82.43,1511.09,1,Yes
CUST-11123,Male,1,No,No,69,No,No phone service,DSL,No,Yes,Yes,Yes,No,Yes,Month-to-month,Yes,Mailed check,73.53,5074.87,0,No
CUST-11124,Female,0,Yes,No,43,Yes,No,Fiber optic,No,No,No,Yes,No,Yes,One year,Yes,Mailed check,73.74,3175.76,1,No
CUST-11125,Female,0,No,No,24,Yes,No,No,No internet service,No internet service,No internet service,No internet service,No internet service,No internet service,Month-to-month,No,Credit card (automatic),23.4,582.34,0,No
CUST-11126,Female,0,No,No,72,No,No phone service,No,No internet service,No internet service,No internet service,No internet service,No internet service,No internet service,Month-to-month,Yes,Bank transfer (automatic),27.89,2000.89,1,Yes
CUST-11127,Female,1,No,No,31,Yes,No,No,No internet service,No internet service,No internet service,No internet service,No internet service,No internet service,Month-to-month,Yes,Mailed check,23.66,740.99,1,Yes
CUST-11128,Female,0,No,No,72,Yes,No,DSL,No,No,Yes,Yes,Yes,No,Month-to-month,Yes,Electronic check,62.54,4479.29,2,No
CUST-11129,Female,0,No,No,27,Yes,No,Fiber optic,Yes,Yes,No,Yes,Yes,No,Two year,No,Bank transfer (automatic),93.72,2498.21,1,Yes
CUST-11130,Female,0,No,No,15,No,No phone service,No,No internet service,No internet service,No internet service,No internet service,No internet service,No internet service,Month-to-month,No,Mailed check,23.57,344.31,0,No
CUST-11131,Female,0,Yes,No,8,Yes,Yes,DSL,No,Yes,Yes,Yes,No,Yes,Month-to-month,Yes,Electronic check,51.34,402.38,1,No
CUST-11132,Female,0,No,No,39,Yes,No,No,No internet service,No internet service,No internet service,No internet service,No internet service,No internet service,One year,Yes,Bank transfer (automatic),18.0,693.49,0,No
CUST-11133,Male,0,Yes,Yes,18,Yes,Yes,DSL,No,No,Yes,Yes,No,Yes,Two year,Yes,Electronic check,62.21,1120.07,0,No
CUST-11134,Male,0,Yes,Yes,27,Yes,No,Fiber optic,No,Yes,Yes,No,No,No,Two year,Yes,Electronic check,81.24,2204.72,1,No
CUST-11135,Male,0,Yes,No,35,Yes,Yes,Fiber optic,Yes,Yes,No,Yes,No,No,Month-to-month,No,Mailed check,93.27,3262.99,1,No
CUST-11136,Male,0,Yes,No,12,Yes,No,No,No internet service,No internet service,No internet service,No internet service,No internet service,No internet service,Month-to-month,Yes,Bank transfer (automatic),19.64,245.65,2,No
CUST-11137,Female,0,No,No,30,No,No phone service,Fiber optic,No,Yes,Yes,Yes,Yes,No,One year,Yes,Electronic check,88.53,2658.15,1,No
CUST-11138,Female,0,No,No,21,Yes,No,No,No internet service,No internet service,No internet service,No internet service,No internet service,No internet service,Two year,No,Electronic check,18.0,390.95,0,No
CUST-11139,Male,0,No,Yes,6,Yes,No,DSL,No,No,Yes,Yes,No,No,Month-to-month,Yes,Mailed check,53.83,303.7,1,No
CUST-11140,Female,0,Yes,No,36,Yes,No,Fiber optic,Yes,No,No,No,Yes,No,Month-to-month,No,Electronic check,77.27,2801.11,2,No
CUST-11141,Male,0,Yes,Yes,40,Yes,No,Fiber optic,No,Yes,No,No,Yes,Yes,Month-to-month,No,Bank transfer (automatic),87.96,3528.95,3,No
CUST-11142,Female,0,No,No,60,Yes,No,Fiber optic,No,Yes,No,Yes,No,No,Month-to-month,Yes,Credit card (automatic),84.24,5038.22,1,No
CUST-11143,Male,0,Yes,No,9,Yes,No,Fiber optic,Yes,No,No,No,Yes,No,One year,Yes,Bank transfer (automatic),75.22,679.67,0,No
CUST-11144,Female,1,No,No,72,Yes,Yes,No,No internet service,No internet service,No internet service,No internet service,No internet service,No internet service,Month-to-month,Yes,Electronic check,24.02,1714.27,1,No
CUST-11145,Female,0,No,Yes,13,Yes,No,DSL,No,No,No,Yes,Yes,No,Month-to-month,Yes,Electronic check,43.34,591.26,1,No
CUST-11146,Male,0,No,No,3,Yes,No,DSL,No,No,No,No,No,Yes,Month-to-month,Yes,Electronic check,56.84,135.38,0,Yes
CUST-11147,Female,0,No,No,25,Yes,Yes,No,No internet service,No internet service,No internet service,No internet service,No internet service,No internet service,Month-to-month,No,Electronic check,18.0,437.06,0,Yes
CUST-11148,Male,0,No,No,33,Yes,No,Fiber optic,Yes,Yes,No,Yes,No,Yes,Month-to-month,No,Electronic check,97.32,3227.51,0,No
CUST-11149,Male,0,Yes,No,22,Yes,Yes,Fiber optic,Yes,Yes,No,Yes,No,No,Month-to-month,Yes,Electronic check,82.9,1833.96,2,No
CUST-11150,Male,0,No,No,8,Yes,Yes,DSL,Yes,Yes,No,No,No,No,Two year,No,Credit card (automatic),57.04,478.04,0,No
CUST-11151,Male,0,Yes,No,16,Yes,Yes,DSL,No,Yes,No,Yes,No,Yes,Month-to-month,Yes,Credit card (automatic),58.79,914.36,1,Yes
CUST-11152,Female,0,Yes,No,31,Yes,Yes,DSL,No,Yes,No,No,Yes,Yes,One year,No,Bank transfer (automatic),64.85,1990.26,2,No
CUST-11153,Female,0,Yes,Yes,72,Yes,Yes,DSL,No,No,Yes,No,Yes,No,Two year,Yes,Electronic check,51.07,3698.16,0,No
CUST-11154,Female,0,No,No,9,Yes,Yes,Fiber optic,No,Yes,No,No,No,Yes,Month-to-month,Yes,Credit card (automatic),73.47,680.27,1,No
CUST-11155,Male,0,Yes,No,15,Yes,No,Fiber optic,No,No,Yes,No,No,No,Month-to-month,No,Electronic check,78.4,1159.34,0,No
CUST-11156,Female,0,Yes,No,7,Yes,No,No,No internet service,No internet service,No internet service,No internet service,No internet service,No internet service,Month-to-month,Yes,Electronic check,18.0,166.87,3,No
CUST-11157,Male,1,Yes,Yes,18,Yes,Yes,DSL,No,No,Yes,Yes,Yes,No,One year,No,Electronic check,69.97,1260.58,2,No
CUST-11158,Female,1,No,Yes,23,Yes,No,DSL,Yes,No,Yes,No,No,No,One year,Yes,Mailed check,58.39,1335.76,0,No
CUST-11159,Female,0,No,Yes,50,Yes,Yes,Fiber optic,No,Yes,Yes,Yes,No,Yes,Month-to-month,Yes,Mailed check,97.75,4859.79,2,No
CUST-11160,Female,0,No,No,32,Yes,No,DSL,No,Yes,No,No,No,No,Two year,No,Electronic check,56.65,1824.77,0,No
CUST-11161,Male,0,No,No,67,Yes,No,No,No internet service,No internet service,No internet service,No internet service,No internet service,No internet service,One year,No,Electronic check,18.0,1213.73,1,No
CUST-11162,Female,0,Yes,No,24,Yes,No,Fiber optic,Yes,Yes,Yes,Yes,No,Yes,Month-to-month,Yes,Credit card (automatic),97.49,2333.46,1,Yes
CUST-11163,Female,0,Yes,No,0,Yes,No,No,No internet service,No internet service,No internet service,No internet service,No internet service,No internet service,One year,Yes,Mailed check,21.62,,0,No
CUST-11164,Male,0,No,No,33,Yes,No,DSL,No,No,Yes,Yes,Yes,Yes,Month-to-month,Yes,Electronic check,63.07,2069.99,1,Yes
CUST-11165,Female,0,Yes,No,4,Yes,Yes,DSL,No,Yes,Yes,Yes,Yes,Yes,One year,No,Mailed check,69.43,247.63,1,No
CUST-11166,Male,0,Yes,No,49,Yes,Yes,Fiber optic,No,No,Yes,Yes,Yes,No,Month-to-month,Yes,Electronic check,86.7,4268.74,0,Yes
CUST-11167,Female,0,Yes,No,24,Yes,No,DSL,No,No,No,No,No,Yes,One year,No,Bank transfer (automatic),56.47,1381.18,1,No
CUST-11168,Male,0,No,No,14,Yes,No,Fiber optic,No,No,No,Yes,No,Yes,Month-to-month,No,Electronic check,81.3,1087.54,2,No
CUST-11169,Male,0,Yes,No,8,Yes,No,No,No internet service,No internet service,No internet service,No internet service,No internet service,No internet service,One year,Yes,Bank transfer (automatic),21.65,170.9,1,No
CUST-11170,Female,0,No,Yes,16,Yes,No,DSL,No,No,No,Yes,No,Yes,Month-to-month,Yes,Bank transfer (automatic),59.27,952.45,1,No
CUST-11171,Male,1,Yes,No,23,Yes,Yes,DSL,Yes,Yes,No,Yes,No,Yes,One year,No,Credit card (automatic),72.83,1689.91,1,No
CUST-11172,Male,0,No,No,72,No,No phone service,DSL,No,Yes,Yes,Yes,No,No,Month-to-month,No,Electronic check,65.02,4672.41,0,No
CUST-11173,Male,0,Yes,No,21,Yes,No,Fiber optic,No,No,No,Yes,Yes,Yes,Month-to-month,Yes,Mailed check,85.19,1785.42,2,No
CUST-11174,Male,1,Yes,No,29,Yes,No,Fiber optic,No,Yes,No,No,Yes,No,Month-to-month,No,Credit card (automatic),79.46,2309.34,5,Yes
CUST-11175,Male,1,Yes,Yes,22,Yes,No,Fiber optic,Yes,No,Yes,No,Yes,No,Month-to-month,No,Bank transfer (automatic),71.99,1586.7,1,Yes
CUST-11176,Male,0,No,No,29,Yes,No,Fiber optic,Yes,No,No,No,Yes,No,One year,Yes,Credit card (automatic),76.78,2242.35,1,Yes
CUST-11177,Female,0,Yes,No,28,Yes,No,Fiber optic,Yes,No,Yes,No,Yes,No,Two year,Yes,Credit card (automatic),89.29,2476.55,1,Yes
CUST-11178,Male,0,No,No,24,Yes,Yes,Fiber optic,No,No,Yes,No,Yes,No,One year,Yes,Bank transfer (automatic),76.06,1800.1,0,No
CUST-11179,Male,0,No,Yes,14,Yes,No,No,No internet service,No internet service,No internet service,No internet service,No internet service,No internet service,Two year,No,Electronic check,18.0,243.99,0,No
CUST-11180,Female,0,No,No,40,Yes,Yes,Fiber optic,Yes,No,No,Yes,No,Yes,Month-to-month,No,Bank transfer (automatic),91.13,3614.8,4,Yes
CUST-11181,Female,0,Yes,No,9,Yes,Yes,DSL,No,No,Yes,No,Yes,Yes,Month-to-month,No,Bank transfer (automatic),55.96,554.84,3,Yes
CUST-11182,Female,0,Yes,No,35,No,No phone service,DSL,No,No,Yes,No,Yes,No,One year,No,Bank transfer (automatic),51.73,1791.18,1,No
CUST-11183,Female,0,Yes,Yes,41,Yes,Yes,DSL,Yes,Yes,Yes,No,Yes,Yes,Two year,Yes,Bank transfer (automatic),68.28,2818.58,1,No
CUST-11184,Female,0,No,Yes,3,Yes,No,Fiber optic,No,No,Yes,No,Yes,Yes,One year,Yes,Bank transfer (automatic),79.59,269.31,0,Yes
CUST-11185,Female,0,No,No,8,Yes,Yes,Fiber optic,No,No,Yes,No,Yes,Yes,Month-to-month,Yes,Mailed check,82.74,667.06,2,Yes
CUST-11186,Female,0,No,No,4,Yes,No,DSL,Yes,No,No,No,No,No,Month-to-month,No,Mailed check,36.49,130.34,0,No
CUST-11187,Male,0,No,No,58,Yes,Yes,Fiber optic,No,Yes,Yes,No,Yes,No,Month-to-month,Yes,Electronic check,98.41,5710.9,3,No
CUST-11188,Male,0,Yes,No,15,Yes,Yes,Fiber optic,No,Yes,No,No,No,No,Month-to-month,No,Credit card (automatic),73.97,1082.0,0,No
CUST-11189,Female,0,Yes,No,56,Yes,No,DSL,No,No,No,Yes,No,Yes,One year,No,Credit card (automatic),56.24,3120.32,0,No
CUST-11190,Male,0,No,No,18,Yes,No,Fiber optic,No,No,No,Yes,No,No,Month-to-month,No,Bank transfer (automatic),64.71,1204.78,0,No
CUST-11191,Male,1,Yes,Yes,10,Yes,No,Fiber optic,Yes,No,Yes,No,No,Yes,Two year,No,Electronic check,81.87,785.72,0,No
CUST-11192,Male,0,Yes,No,13,No,No phone service,DSL,No,No,No,No,No,Yes,Two year,Yes,Electronic check,50.57,621.09,0,No
CUST-11193,Female,0,No,No,27,Yes,No,No,No internet service,No internet service,No internet service,No internet service,No internet service,No internet service,Two year,No,Electronic check,18.0,500.01,0,Yes
CUST-11194,Female,0,Yes,No,41,Yes,No,DSL,Yes,No,No,Yes,No,No,Two year,Yes,Electronic check,60.11,2452.26,0,No
CUST-11195,Male,0,No,No,25,Yes,No,Fiber optic,No,Yes,Yes,No,Yes,No,Month-to-month,Yes,Mailed check,87.18,2204.95,2,Yes
CUST-11196,Female,0,No,No,47,Yes,No,No,No internet service,No internet service,No internet service,No internet service,No internet service,No internet service,Two year,Yes,Electronic check,18.0,775.69,2,No
CUST-11197,Male,0,No,Yes,21,Yes,No,Fiber optic,Yes,Yes,No,Yes,No,No,Month-to-month,Yes,Electronic check,86.11,1806.22,1,No
CUST-11198,Male,0,Yes,No,23,Yes,Yes,Fiber optic,Yes,Yes,Yes,Yes,No,Yes,Two year,No,Bank transfer (automatic),94.47,2145.83,1,No
CUST-11199,Male,0,Yes,No,12,Yes,No,No,No internet service,No internet service,No internet service,No internet service,No internet service,No internet service,Month-to-month,Yes,Credit card (automatic),18.0,175.81,2,No
CUST-11200,Male,1,No,No,11,Yes,Yes,DSL,Yes,No,No,Yes,Yes,Yes,Month-to-month,No,Electronic check,67.83,716.8,1,No
CUST-11201,Female,0,Yes,No,43,Yes,No,DSL,No,Yes,No,No,Yes,Yes,Month-to-month,Yes,Mailed check,54.46,2310.1,0,No
CUST-11202,Female,0,Yes,Yes,9,Yes,Yes,Fiber optic,No,Yes,Yes,Yes,No,Yes,Month-to-month,No,Credit card (automatic),91.82,819.66,0,Yes
CUST-11203,Female,1,Yes,No,18,No,No phone service,No,No internet service,No internet service,No internet service,No internet service,No internet service,No internet service,Two year,Yes,Credit card (automatic),25.21,442.12,0,Yes
CUST-11204,Male,0,Yes,No,44,Yes,No,Fiber optic,No,No,Yes,No,No,No,Two year,Yes,Mailed check,74.63,3295.01,2,No
CUST-11205,Female,0,Yes,Yes,5,Yes,Yes,No,No internet service,No internet service,No internet service,No internet service,No internet service,No internet service,Month-to-month,Yes,Electronic check,20.46,63.02,1,No
CUST-11206,Male,0,No,No,60,Yes,No,DSL,No,Yes,No,No,No,Yes,Month-to-month,No,Electronic check,50.41,3033.29,1,No
CUST-11207,Female,0,Yes,Yes,10,Yes,No,No,No internet service,No internet service,No internet service,No internet service,No internet service,No internet service,One year,Yes,Electronic check,18.0,199.37,1,No
CUST-11208,Male,0,Yes,No,60,Yes,Yes,No,No internet service,No internet service,No internet service,No internet service,No internet service,No internet service,Month-to-month,No,Mailed check,24.88,1514.99,0,No
CUST-11209,Male,0,No,No,9,Yes,No,Fiber optic,Yes,No,No,Yes,Yes,No,One year,No,Mailed check,90.75,830.2,0,No
CUST-11210,Male,0,No,No,43,Yes,Yes,No,No internet service,No internet service,No internet service,No internet service,No internet service,No internet service,Month-to-month,Yes,Bank transfer (automatic),26.12,1130.08,2,No
CUST-11211,Female,0,Yes,Yes,15,Yes,Yes,DSL,No,Yes,Yes,Yes,No,Yes,One year,Yes,Electronic check,77.79,1153.4,1,No
CUST-11212,Female,0,Yes,No,72,No,No phone service,No,No internet service,No internet service,No internet service,No internet service,No internet service,No internet service,Two year,No,Bank transfer (automatic),18.0,1318.17,0,No
CUST-11213,Female,0,No,No,20,Yes,No,No,No internet service,No internet service,No internet service,No internet service,No internet service,No internet service,Month-to-month,Yes,Electronic check,21.66,453.09,2,Yes
CUST-11214,Female,0,No,No,8,Yes,No,DSL,Yes,No,No,Yes,No,Yes,Month-to-month,No,Bank transfer (automatic),67.12,531.2,2,No
CUST-11215,Male,0,No,No,35,Yes,No,Fiber optic,Yes,No,Yes,No,No,No,Two year,Yes,Bank transfer (automatic),90.83,3154.61,3,No
CUST-11216,Female,0,No,Yes,16,Yes,No,Fiber optic,Yes,No,No,Yes,Yes,No,Two year,No,Bank transfer (automatic),92.07,1453.12,2,No
CUST-11217,Female,0,Yes,No,38,Yes,No,DSL,Yes,No,No,No,No,No,Two year,No,Electronic check,45.88,1713.86,1,No
CUST-11218,Male,0,No,No,59,No,No phone service,DSL,Yes,No,No,Yes,Yes,Yes,One year,No,Electronic check,75.37,4429.59,0,No
CUST-11219,Male,0,Yes,No,44,Yes,Yes,DSL,Yes,Yes,No,Yes,Yes,No,Month-to-month,Yes,Electronic check,71.37,3154.13,2,No
CUST-11220,Male,0,No,No,4,No,No phone service,Fiber optic,No,No,No,No,Yes,No,Month-to-month,No,Bank transfer (automatic),76.88,327.16,2,Yes
CUST-11221,Female,0,No,No,9,Yes,No,Fiber optic,No,No,Yes,No,Yes,No,Month-to-month,No,Electronic check,78.55,696.49,2,Yes
CUST-11222,Male,1,No,No,30,Yes,No,No,No internet service,No internet service,No internet service,No internet service,No internet service,No internet service,One year,Yes,Mailed check,27.79,823.86,1,No
CUST-11223,Male,0,Yes,No,32,Yes,Yes,Fiber optic,Yes,Yes,No,No,Yes,Yes,Month-to-month,No,Electronic check,105.99,3377.89,1,No
CUST-11224,Male,0,Yes,Yes,7,Yes,No,Fiber optic,No,No,Yes,No,No,Yes,One year,Yes,Electronic check,80.21,540.56,1,Yes
CUST-11225,Female,0,No,No,10,Yes,No,DSL,Yes,No,Yes,No,No,No,Two year,No,Bank transfer (automatic),56.88,547.95,0,No
CUST-11226,Male,0,No,Yes,62,Yes,Yes,Fiber optic,No,No,Yes,No,Yes,No,Two year,No,Mailed check,83.61,5212.87,1,No
CUST-11227,Female,0,No,No,13,Yes,Yes,No,No internet service,No internet service,No internet service,No internet service,No internet service,No internet service,Month-to-month,Yes,Electronic check,18.0,223.24,1,No
CUST-11228,Female,0,Yes,Yes,41,Yes,Yes,Fiber optic,Yes,Yes,No,No,No,No,Month-to-month,Yes,Bank transfer (automatic),81.12,3324.14,0,No
CUST-11229,Male,0,Yes,No,53,Yes,Yes,DSL,No,No,No,Yes,Yes,No,Two year,No,Bank transfer (automatic),59.19,3082.3,0,No
CUST-11230,Male,0,No,Yes,13,Yes,No,Fiber optic,No,No,No,No,No,Yes,Month-to-month,Yes,Electronic check,85.22,1089.22,0,Yes
CUST-11231,Female,0,Yes,Yes,22,Yes,Yes,DSL,No,No,No,Yes,No,Yes,Two year,No,Electronic check,55.12,1192.32,2,No
CUST-11232,Male,0,No,No,41,Yes,No,Fiber optic,Yes,Yes,No,No,No,No,Two year,No,Bank transfer (automatic),83.44,3433.54,0,No
CUST-11233,Male,1,Yes,Yes,4,Yes,No,DSL,Yes,No,No,No,Yes,No,Month-to-month,Yes,Credit card (automatic),52.7,230.05,1,No
CUST-11234,Female,0,No,No,19,Yes,No,Fiber optic,No,Yes,No,No,No,No,Month-to-month,Yes,Electronic check,79.98,1539.29,1,No
CUST-11235,Female,0,No,No,57,Yes,Yes,Fiber optic,No,Yes,No,No,Yes,No,Month-to-month,Yes,Bank transfer (automatic),80.34,4549.37,2,Yes
CUST-11236,Male,0,No,Yes,31,Yes,Yes,No,No internet service,No internet service,No internet service,No internet service,No internet service,No internet service,One year,No,Credit card (automatic),24.7,791.58,2,No
CUST-11237,Female,0,Yes,No,32,Yes,No,Fiber optic,No,No,No,Yes,No,Yes,Month-to-month,Yes,Mailed check,77.53,2468.9,1,Yes
CUST-11238,Male,0,No,No,48,Yes,Yes,DSL,No,No,No,No,No,No,One year,Yes,Electronic check,37.15,1762.76,1,No
CUST-11239,Male,0,Yes,No,15,Yes,No,DSL,Yes,No,Yes,No,Yes,Yes,Two year,No,Bank transfer (automatic),63.11,953.05,0,No
CUST-11240,Male,0,No,No,9,Yes,No,No,No internet service,No internet service,No internet service,No internet service,No internet service,No internet service,Month-to-month,Yes,Electronic check,27.71,276.4,1,Yes
CUST-11241,Female,0,Yes,No,30,Yes,Yes,No,No internet service,No internet service,No internet service,No internet service,No internet service,No internet service,Two year,Yes,Mailed check,19.18,581.19,0,No
CUST-11242,Male,0,Yes,No,16,Yes,No,DSL,Yes,Yes,No,Yes,Yes,Yes,One year,Yes,Electronic check,71.95,1121.69,0,No
CUST-11243,Male,0,Yes,Yes,15,Yes,Yes,No,No internet service,No internet service,No internet service,No internet service,No internet service,No internet service,Two year,Yes,Electronic check,21.5,335.5,1,No
CUST-11244,Male,0,Yes,No,9,Yes,No,No,No internet service,No internet service,No internet service,No internet service,No internet service,No internet service,Month-to-month,Yes,Electronic check,20.39,210.78,2,No
CUST-11245,Female,1,No,No,35,Yes,No,DSL,No,Yes,Yes,Yes,No,Yes,Month-to-month,Yes,Bank transfer (automatic),69.51,2407.52,1,Yes
CUST-11246,Female,0,Yes,No,20,Yes,No,Fiber optic,No,Yes,No,Yes,No,No,Month-to-month,Yes,Credit card (automatic),81.76,1636.43,1,No
CUST-11247,Female,0,No,No,9,Yes,No,Fiber optic,No,No,No,Yes,Yes,No,Month-to-month,Yes,Mailed check,96.97,867.38,0,Yes
CUST-11248,Female,0,No,No,50,Yes,No,DSL,No,Yes,Yes,No,Yes,No,Month-to-month,No,Electronic check,68.28,3416.75,4,Yes
CUST-11249,Female,1,Yes,Yes,18,Yes,No,DSL,Yes,Yes,No,No,Yes,Yes,Two year,No,Bank transfer (automatic),71.61,1263.32,3,No
CUST-11250,Male,0,No,No,36,No,No phone service,Fiber optic,No,Yes,No,Yes,No,No,Month-to-month,Yes,Mailed check,85.09,3041.31,1,Yes
CUST-11251,Female,0,Yes,No,72,Yes,No,No,No internet service,No internet service,No internet service,No internet service,No internet service,No internet service,Two year,Yes,Bank transfer (automatic),22.14,1605.11,1,No
CUST-11252,Female,0,Yes,Yes,49,Yes,Yes,No,No internet service,No internet service,No internet service,No internet service,No internet service,No internet service,One year,Yes,Bank transfer (automatic),18.49,920.49,0,No
CUST-11253,Female,0,Yes,Yes,67,Yes,Yes,DSL,No,No,No,No,No,No,Month-to-month,Yes,Credit card (automatic),48.52,3261.58,2,No
CUST-11254,Male,0,No,Yes,48,Yes,No,Fiber optic,No,No,No,No,No,Yes,Month-to-month,Yes,Electronic check,69.14,3338.54,0,No
CUST-11255,Female,0,Yes,No,19,Yes,No,Fiber optic,Yes,No,Yes,No,Yes,No,Two year,No,Electronic check,80.65,1519.78,1,No
CUST-11256,Female,1,No,No,12,Yes,Yes,Fiber optic,No,Yes,No,No,No,Yes,One year,Yes,Mailed check,79.35,986.81,0,No
CUST-11257,Male,0,No,Yes,18,Yes,No,Fiber optic,Yes,No,Yes,No,Yes,No,Month-to-month,Yes,Mailed check,88.44,1567.47,0,Yes
CUST-11258,Female,0,No,Yes,19,Yes,Yes,Fiber optic,No,No,No,Yes,No,No,Two year,No,Credit card (automatic),71.89,1380.08,1,No
CUST-11259,Male,0,Yes,No,59,Yes,Yes,DSL,Yes,No,No,No,Yes,No,Month-to-month,No,Credit card (automatic),58.55,3464.09,1,No
CUST-11260,Male,0,No,No,16,Yes,Yes,DSL,No,Yes,Yes,No,No,Yes,One year,No,Credit card (automatic),54.54,873.26,1,No
CUST-11261,Male,1,No,No,7,No,No phone service,Fiber optic,No,No,No,Yes,Yes,No,Month-to-month,Yes,Electronic check,79.62,579.96,1,Yes
CUST-11262,Male,0,No,No,29,Yes,Yes,Fiber optic,No,Yes,Yes,No,Yes,No,Month-to-month,Yes,Bank transfer (automatic),78.69,2305.83,0,No
CUST-11263,Male,0,No,No,25,No,No phone service,Fiber optic,No,No,Yes,No,No,Yes,Month-to-month,Yes,Mailed check,81.98,2061.62,1,Yes
CUST-11264,Female,0,No,Yes,12,Yes,No,Fiber optic,No,No,Yes,No,Yes,Yes,Two year,Yes,Credit card (automatic),94.91,1129.5,1,Yes
CUST-11265,Male,0,Yes,No,17,Yes,Yes,No,No internet service,No internet service,No internet service,No internet service,No internet service,No internet service,Two year,Yes,Electronic check,20.38,386.12,1,No
CUST-11266,Male,0,Yes,No,69,No,No phone service,Fiber optic,No,Yes,No,No,Yes,Yes,Month-to-month,No,Electronic check,91.91,6330.42,2,Yes
CUST-11267,Female,0,Yes,No,35,Yes,Yes,No,No internet service,No internet service,No internet service,No internet service,No internet service,No internet service,Month-to-month,No,Credit card (automatic),25.2,883.96,1,Yes
CUST-11268,Male,0,Yes,No,19,Yes,No,DSL,Yes,No,No,No,No,Yes,Month-to-month,Yes,Bank transfer (automatic),54.84,1062.29,2,Yes
CUST-11269,Female,1,Yes,No,12,Yes,No,No,No internet service,No internet service,No internet service,No internet service,No internet service,No internet service,Month-to-month,Yes,Credit card (automatic),23.24,268.68,0,No
CUST-11270,Female,0,Yes,No,72,Yes,Yes,DSL,No,No,Yes,No,No,Yes,Month-to-month,No,Electronic check,49.64,3572.31,1,No
CUST-11271,Female,1,Yes,No,72,No,No phone service,Fiber optic,Yes,Yes,No,Yes,Yes,No,Month-to-month,Yes,Credit card (automatic),91.02,6514.54,3,No
CUST-11272,Male,0,No,No,46,Yes,Yes,Fiber optic,No,Yes,Yes,No,Yes,Yes,Month-to-month,No,Bank transfer (automatic),92.18,4252.0,2,No
CUST-11273,Male,0,Yes,No,20,No,No phone service,Fiber optic,No,No,No,No,Yes,No,Month-to-month,No,Bank transfer (automatic),70.91,1446.68,1,No
CUST-11274,Male,0,No,No,11,Yes,No,No,No internet service,No internet service,No internet service,No internet service,No internet service,No internet service,One year,No,Bank transfer (automatic),20.59,236.12,1,No
CUST-11275,Female,0,No,Yes,12,Yes,No,DSL,Yes,No,No,No,No,Yes,Two year,No,Bank transfer (automatic),52.57,627.61,0,No
CUST-11276,Male,0,No,Yes,20,Yes,Yes,Fiber optic,No,No,No,Yes,Yes,No,One year,Yes,Mailed check,85.76,1725.59,1,Yes
CUST-11277,Male,0,No,No,16,Yes,No,No,No internet service,No internet service,No internet service,No internet service,No internet service,No internet service,One year,No,Electronic check,18.0,318.42,0,No
CUST-11278,Male,0,Yes,Yes,24,Yes,No,DSL,No,Yes,Yes,No,Yes,No,Month-to-month,Yes,Mailed check,57.6,1387.75,1,No
CUST-11279,Female,0,Yes,No,23,Yes,No,No,No internet service,No internet service,No internet service,No internet service,No internet service,No internet service,Month-to-month,Yes,Bank transfer (automatic),20.0,491.17,1,No
CUST-11280,Female,0,Yes,Yes,10,Yes,Yes,Fiber optic,No,Yes,No,Yes,Yes,No,One year,Yes,Electronic check,81.41,820.24,0,Yes
CUST-11281,Male,0,Yes,No,10,Yes,Yes,No,No internet service,No internet service,No internet service,No internet service,No internet service,No internet service,One year,Yes,Electronic check,28.58,283.36,0,Yes
CUST-11282,Male,0,No,No,19,Yes,Yes,Fiber optic,No,Yes,No,No,No,No,Month-to-month,Yes,Bank transfer (automatic),64.12,1234.26,1,Yes
CUST-11283,Male,0,No,No,22,Yes,Yes,Fiber optic,No,Yes,Yes,No,No,No,Month-to-month,Yes,Electronic check,77.29,1710.77,1,Yes
CUST-11284,Male,0,Yes,Yes,65,Yes,No,Fiber optic,No,No,Yes,No,Yes,Yes,Two year,Yes,Electronic check,87.63,5690.96,0,No
CUST-11285,Female,0,Yes,No,30,Yes,No,Fiber optic,No,Yes,No,Yes,No,No,One year,No,Credit card (automatic),89.56,2703.13,1,No
CUST-11286,Female,1,Yes,No,29,Yes,Yes,DSL,No,Yes,Yes,No,No,Yes,One year,Yes,Electronic check,53.5,1553.84,0,No
CUST-11287,Female,0,Yes,No,31,Yes,Yes,Fiber optic,No,No,Yes,No,No,No,One year,Yes,Mailed check,70.44,2192.84,0,No
CUST-11288,Female,0,No,Yes,54,Yes,No,DSL,Yes,No,Yes,No,No,Yes,Month-to-month,Yes,Mailed check,58.6,3142.15,0,Yes
CUST-11289,Male,0,Yes,Yes,72,Yes,No,DSL,Yes,Yes,Yes,Yes,No,Yes,Month-to-month,Yes,Mailed check,80.14,5782.44,4,No
CUST-11290,Male,0,No,No,15,Yes,No,DSL,No,No,No,Yes,Yes,Yes,Two year,No,Mailed check,65.22,994.11,1,No
CUST-11291,Male,0,Yes,Yes,72,Yes,No,No,No internet service,No internet service,No internet service,No internet service,No internet service,No internet service,Month-to-month,No,Credit card (automatic),18.0,1311.19,0,No
CUST-11292,Female,0,Yes,No,6,Yes,No,Fiber optic,Yes,No,Yes,No,No,No,Month-to-month,Yes,Bank transfer (automatic),86.77,532.99,0,No
CUST-11293,Male,1,No,No,19,Yes,No,Fiber optic,No,Yes,Yes,No,No,Yes,One year,Yes,Mailed check,88.04,1678.29,1,No
CUST-11294,Female,0,No,Yes,9,Yes,No,No,No internet service,No internet service,No internet service,No internet service,No internet service,No internet service,Month-to-month,No,Mailed check,20.65,157.13,0,Yes
CUST-11295,Female,0,No,No,40,Yes,No,Fiber optic,No,No,No,No,No,No,One year,Yes,Mailed check,72.05,2891.54,0,No
CUST-11296,Male,0,No,Yes,48,Yes,Yes,DSL,No,No,No,No,No,No,Month-to-month,Yes,Electronic check,40.39,1948.44,1,Yes
CUST-11297,Male,0,Yes,No,7,Yes,Yes,Fiber optic,No,No,Yes,Yes,No,Yes,One year,No,Credit card (automatic),88.21,622.79,2,No
CUST-11298,Male,0,Yes,No,52,Yes,Yes,No,No internet service,No internet service,No internet service,No internet service,No internet service,No internet service,One year,No,Electronic check,18.58,940.39,1,No
CUST-11299,Female,0,No,No,32,Yes,Yes,DSL,No,No,Yes,Yes,No,Yes,Month-to-month,Yes,Bank transfer (automatic),75.27,2406.39,1,No
CUST-11300,Male,0,No,No,44,Yes,No,Fiber optic,Yes,No,No,Yes,Yes,No,Month-to-month,Yes,Bank transfer (automatic),94.73,4160.1,1,No
CUST-11301,Female,1,No,No,58,Yes,No,Fiber optic,No,No,No,Yes,No,No,Month-to-month,No,Credit card (automatic),74.53,4315.45,0,No
CUST-11302,Male,0,Yes,No,40,Yes,Yes,Fiber optic,Yes,No,No,Yes,No,Yes,Month-to-month,Yes,Electronic check,88.64,3525.44,0,Yes
CUST-11303,Female,0,No,No,6,Yes,Yes,No,No internet service,No internet service,No internet service,No internet service,No internet service,No internet service,Month-to-month,No,Mailed check,18.0,134.3,1,No
CUST-11304,Female,0,Yes,No,17,Yes,No,Fiber optic,No,Yes,No,No,No,Yes,Month-to-month,Yes,Electronic check,82.7,1412.8,1,No
CUST-11305,Male,0,No,No,7,Yes,Yes,DSL,No,No,No,No,Yes,No,One year,Yes,Credit card (automatic),44.71,328.29,0,No
CUST-11306,Female,0,No,Yes,3,Yes,No,No,No internet service,No internet service,No internet service,No internet service,No internet service,No internet service,One year,Yes,Mailed check,18.0,54.47,0,No
CUST-11307,Female,0,Yes,Yes,8,Yes,Yes,Fiber optic,Yes,No,Yes,No,Yes,Yes,Month-to-month,No,Electronic check,94.96,761.5,4,Yes
CUST-11308,Male,0,No,No,18,Yes,No,Fiber optic,Yes,Yes,No,No,Yes,Yes,Month-to-month,No,Bank transfer (automatic),86.52,1538.64,1,Yes
CUST-11309,Female,0,Yes,No,72,Yes,Yes,DSL,Yes,Yes,No,Yes,Yes,Yes,Month-to-month,No,Electronic check,67.57,4861.37,0,No
CUST-11310,Male,0,No,No,24,Yes,Yes,No,No internet service,No internet service,No internet service,No internet service,No internet service,No internet service,One year,Yes,Electronic check,18.0,437.62,0,No
CUST-11311,Female,1,Yes,No,32,Yes,No,DSL,No,No,No,No,No,Yes,Month-to-month,No,Mailed check,49.91,1582.08,1,No
CUST-11312,Male,0,No,Yes,15,Yes,No,Fiber optic,No,No,No,Yes,Yes,No,Month-to-month,No,Electronic check,87.91,1335.29,1,Yes
CUST-11313,Male,1,Yes,Yes,20,Yes,Yes,DSL,No,No,No,No,Yes,No,Month-to-month,Yes,Credit card (automatic),56.36,1144.35,1,No
CUST-11314,Female,1,No,Yes,25,Yes,No,No,No internet service,No internet service,No internet service,No internet service,No internet service,No internet service,Two year,No,Mailed check,18.0,457.05,0,No
CUST-11315,Female,0,No,No,19,Yes,No,Fiber optic,No,Yes,No,No,Yes,Yes,One year,No,Bank transfer (automatic),93.29,1739.62,0,No
CUST-11316,Female,0,Yes,No,37,Yes,Yes,Fiber optic,Yes,No,Yes,Yes,Yes,No,Two year,No,Credit card (automatic),91.76,3409.0,2,No
CUST-11317,Female,0,Yes,No,14,Yes,No,Fiber optic,No,No,Yes,No,No,No,Month-to-month,No,Mailed check,76.3,1084.88,0,Yes
CUST-11318,Female,0,No,Yes,6,Yes,Yes,No,No internet service,No internet service,No internet service,No internet service,No internet service,No internet service,Month-to-month,No,Mailed check,19.68,83.9,2,No
CUST-11319,Male,0,Yes,No,5,Yes,No,No,No internet service,No internet service,No internet service,No internet service,No internet service,No internet service,Month-to-month,No,Electronic check,23.46,135.19,2,No
CUST-11320,Female,0,No,No,45,Yes,No,No,No internet service,No internet service,No internet service,No internet service,No internet service,No internet service,Two year,Yes,Credit card (automatic),18.0,811.23,0,No
CUST-11321,Male,1,Yes,No,1,No,No phone service,No,No internet service,No internet service,No internet service,No internet service,No internet service,No internet service,Month-to-month,No,Credit card (automatic),18.0,33.55,0,No
CUST-11322,Male,0,No,No,20,Yes,No,Fiber optic,No,No,No,No,Yes,Yes,Month-to-month,Yes,Electronic check,86.58,1792.21,0,No
CUST-11323,Female,0,Yes,No,9,Yes,Yes,Fiber optic,No,No,No,No,No,No,Month-to-month,No,Electronic check,67.86,589.48,3,Yes
CUST-11324,Male,0,Yes,No,38,Yes,No,No,No internet service,No internet service,No internet service,No internet service,No internet service,No internet service,One year,No,Credit card (automatic),18.0,681.04,0,No
CUST-11325,Male,1,Yes,Yes,24,Yes,Yes,Fiber optic,Yes,No,No,Yes,No,No,Month-to-month,No,Mailed check,73.41,1768.83,1,No
CUST-11326,Male,0,Yes,Yes,25,No,No phone service,No,No internet service,No internet service,No internet service,No internet service,No internet service,No internet service,Month-to-month,No,Mailed check,22.62,549.7,2,No
CUST-11327,Male,1,Yes,Yes,26,Yes,Yes,DSL,Yes,Yes,No,No,Yes,No,Two year,Yes,Bank transfer (automatic),56.1,1501.75,2,No
CUST-11328,Female,0,No,No,26,Yes,Yes,Fiber optic,Yes,No,No,No,No,No,Month-to-month,Yes,Bank transfer (automatic),83.58,2134.61,1,Yes
CUST-11329,Male,0,No,No,6,No,No phone service,Fiber optic,No,Yes,Yes,No,Yes,No,One year,Yes,Credit card (automatic),89.25,561.48,0,No
CUST-11330,Female,0,No,Yes,16,Yes,No,No,No internet service,No internet service,No internet service,No internet service,No internet service,No internet service,Month-to-month,Yes,Credit card (automatic),18.0,276.74,2,Yes
CUST-11331,Female,0,No,No,11,Yes,No,DSL,Yes,Yes,No,No,Yes,Yes,Two year,No,Credit card (automatic),67.97,742.02,0,No
CUST-11332,Male,0,Yes,No,13,Yes,Yes,No,No internet service,No internet service,No internet service,No internet service,No internet service,No internet service,Month-to-month,Yes,Credit card (automatic),18.0,249.38,0,No
CUST-11333,Female,0,No,No,26,Yes,No,DSL,No,No,Yes,No,No,No,Month-to-month,Yes,Electronic check,53.89,1418.66,2,Yes
CUST-11334,Female,0,Yes,No,46,Yes,No,Fiber optic,Yes,No,No,No,No,No,One year,Yes,Electronic check,74.05,3429.32,0,No
CUST-11335,Female,0,No,No,45,Yes,No,Fiber optic,Yes,No,Yes,No,Yes,Yes,Month-to-month,Yes,Credit card (automatic),103.36,4663.47,3,No
CUST-11336,Male,0,Yes,No,29,Yes,Yes,Fiber optic,Yes,No,Yes,Yes,No,Yes,Two year,No,Electronic check,103.14,2997.55,0,No
CUST-11337,Female,1,Yes,No,17,Yes,No,Fiber optic,No,No,Yes,No,No,No,One year,No,Credit card (automatic),72.86,1215.36,2,No
CUST-11338,Female,0,Yes,No,25,Yes,Yes,No,No internet service,No internet service,No internet service,No internet service,No internet service,No internet service,One year,Yes,Credit card (automatic),19.28,491.81,1,No
CUST-11339,Female,0,No,No,41,Yes,Yes,DSL,No,No,No,Yes,No,No,Month-to-month,No,Mailed check,54.48,2209.58,3,No
CUST-11340,Male,0,Yes,Yes,13,Yes,No,Fiber optic,No,Yes,Yes,No,No,Yes,One year,Yes,Mailed check,83.62,1112.28,0,No
CUST-11341,Female,0,No,No,24,Yes,No,DSL,Yes,No,No,No,No,Yes,One year,No,Electronic check,53.19,1274.54,0,No
CUST-11342,Male,0,Yes,No,15,No,No phone service,No,No internet service,No internet service,No internet service,No internet service,No internet service,No internet service,One year,Yes,Electronic check,18.0,274.92,2,Yes
CUST-11343,Male,0,No,No,13,No,No phone service,Fiber optic,Yes,No,No,No,No,No,Month-to-month,No,Bank transfer (automatic),68.52,888.01,2,Yes
CUST-11344,Male,0,No,No,23,Yes,No,Fiber optic,No,Yes,No,Yes,No,No,Two year,Yes,Electronic check,85.3,1947.96,1,No
CUST-11345,Male,0,Yes,No,17,Yes,Yes,Fiber optic,No,No,No,No,No,No,Month-to-month,No,Credit card (automatic),70.57,1226.28,0,No
CUST-11346,Male,0,No,No,30,Yes,No,Fiber optic,No,No,Yes,No,Yes,Yes,Month-to-month,Yes,Electronic check,83.12,2486.39,2,Yes
CUST-11347,Male,0,No,Yes,17,Yes,Yes,DSL,No,Yes,No,No,No,Yes,Two year,Yes,Credit card (automatic),59.62,987.98,1,No
CUST-11348,Female,0,No,No,21,Yes,Yes,No,No internet service,No internet service,No internet service,No internet service,No internet service,No internet service,One year,Yes,Electronic check,18.0,352.49,0,No
CUST-11349,Male,0,No,Yes,6,Yes,No,Fiber optic,Yes,Yes,No,No,Yes,No,Month-to-month,Yes,Mailed check,85.26,495.99,0,No
CUST-11350,Female,0,No,Yes,42,Yes,Yes,Fiber optic,No,No,Yes,No,No,Yes,Two year,No,Mailed check,81.12,3370.03,1,No
CUST-11351,Female,0,No,No,42,Yes,No,Fiber optic,Yes,Yes,No,No,Yes,No,Month-to-month,Yes,Electronic check,80.59,3390.28,0,No
CUST-11352,Male,0,Yes,Yes,11,Yes,Yes,No,No internet service,No internet service,No internet service,No internet service,No internet service,No internet service,Month-to-month,No,Bank transfer (automatic),23.09,255.66,0,No
CUST-11353,Female,1,No,No,12,Yes,No,DSL,No,No,No,No,No,No,One year,No,Credit card (automatic),49.68,549.04,1,No
CUST-11354,Female,0,Yes,No,27,Yes,Yes,DSL,No,No,No,No,No,Yes,Month-to-month,Yes,Electronic check,51.2,1394.42,0,No
CUST-11355,Female,0,Yes,No,16,Yes,No,Fiber optic,No,Yes,No,No,Yes,Yes,Two year,Yes,Electronic check,83.43,1324.6,0,No
CUST-11356,Female,0,No,Yes,29,Yes,Yes,Fiber optic,No,No,No,No,No,No,Two year,No,Bank transfer (automatic),65.89,1901.46,0,No
CUST-11357,Male,0,Yes,No,61,Yes,No,DSL,No,No,Yes,Yes,Yes,No,Month-to-month,Yes,Credit card (automatic),61.43,3712.37,2,No
CUST-11358,Female,0,Yes,No,12,Yes,Yes,Fiber optic,Yes,No,Yes,Yes,Yes,Yes,Two year,Yes,Electronic check,93.81,1154.96,0,No
CUST-11359,Male,0,No,No,44,Yes,Yes,DSL,No,No,No,No,Yes,No,Month-to-month,No,Electronic check,51.15,2258.27,0,Yes
CUST-11360,Female,0,No,No,10,No,No phone service,No,No internet service,No internet service,No internet service,No internet service,No internet service,No internet service,Month-to-month,Yes,Electronic check,25.38,255.16,0,Yes
CUST-11361,Female,0,No,Yes,13,Yes,No,Fiber optic,No,No,Yes,No,No,No,Two year,Yes,Electronic check,79.1,1004.41,1,No
CUST-11362,Male,0,No,No,27,Yes,No,DSL,No,No,No,No,Yes,Yes,Two year,Yes,Electronic check,54.69,1481.86,0,No
CUST-11363,Female,0,No,No,37,Yes,No,DSL,No,No,No,No,No,No,Month-to-month,No,Mailed check,47.27,1769.83,1,No
CUST-11364,Female,0,Yes,Yes,60,Yes,Yes,No,No internet service,No internet service,No internet service,No internet service,No internet service,No internet service,Month-to-month,Yes,Mailed check,20.15,1219.84,2,No
CUST-11365,Female,0,Yes,No,72,Yes,No,Fiber optic,No,Yes,No,Yes,Yes,No,Month-to-month,No,Mailed check,88.16,6329.16,2,No
CUST-11366,Male,0,No,No,19,Yes,No,No,No internet service,No internet service,No internet service,No internet service,No internet service,No internet service,Month-to-month,Yes,Electronic check,21.01,422.08,0,No
CUST-11367,Female,0,Yes,Yes,24,Yes,No,DSL,No,No,Yes,No,No,Yes,One year,Yes,Mailed check,67.01,1609.0,1,No
CUST-11368,Male,0,No,No,30,Yes,No,No,No internet service,No internet service,No internet service,No internet service,No internet service,No internet service,Month-to-month,No,Electronic check,21.99,684.69,2,Yes
CUST-11369,Female,0,No,Yes,23,Yes,No,Fiber optic,No,Yes,Yes,Yes,No,Yes,Month-to-month,Yes,Electronic check,98.17,2214.78,2,No
CUST-11370,Male,0,Yes,No,19,Yes,No,DSL,Yes,No,No,Yes,No,Yes,Two year,Yes,Mailed check,55.33,1008.3,0,No
CUST-11371,Male,0,No,No,15,Yes,No,Fiber optic,Yes,Yes,Yes,Yes,Yes,Yes,Month-to-month,Yes,Electronic check,107.2,1597.52,2,Yes
CUST-11372,Female,0,No,No,37,No,No phone service,Fiber optic,No,No,Yes,Yes,No,Yes,Month-to-month,No,Credit card (automatic),84.98,3137.29,0,No
CUST-11373,Female,0,Yes,No,60,Yes,Yes,DSL,Yes,No,Yes,No,No,Yes,Two year,Yes,Electronic check,63.75,3842.91,0,No
CUST-11374,Male,0,No,Yes,5,Yes,Yes,No,No internet service,No internet service,No internet service,No internet service,No internet service,No internet service,Month-to-month,No,Bank transfer (automatic),20.62,120.06,4,Yes
CUST-11375,Male,0,No,Yes,20,Yes,Yes,Fiber optic,No,No,Yes,Yes,Yes,Yes,Two year,Yes,Mailed check,73.95,1511.64,0,No
CUST-11376,Female,0,Yes,Yes,5,Yes,No,DSL,Yes,No,Yes,No,Yes,Yes,Month-to-month,Yes,Mailed check,76.59,382.23,3,Yes
CUST-11377,Male,0,No,No,35,Yes,No,No,No internet service,No internet service,No internet service,No internet service,No internet service,No internet service,Month-to-month,Yes,Bank transfer (automatic),18.0,631.21,4,Yes
CUST-11378,Female,0,No,No,13,Yes,No,Fiber optic,Yes,No,No,Yes,No,Yes,Month-to-month,No,Electronic check,80.76,1040.18,3,Yes
CUST-11379,Female,0,No,No,54,Yes,Yes,Fiber optic,No,No,Yes,No,No,No,Month-to-month,No,Electronic check,73.69,3992.54,0,Yes
CUST-11380,Female,0,No,Yes,21,Yes,Yes,No,No internet service,No internet service,No internet service,No internet service,No internet service,No internet service,Month-to-month,No,Electronic check,18.0,385.55,1,Yes
CUST-11381,Female,0,No,No,36,No,No phone service,Fiber optic,Yes,No,No,No,Yes,No,Month-to-month,Yes,Mailed check,77.23,2772.3,1,No
CUST-11382,Male,0,Yes,No,11,Yes,Yes,Fiber optic,Yes,No,No,Yes,No,Yes,Month-to-month,Yes,Mailed check,87.49,965.83,4,Yes
CUST-11383,Female,0,No,No,26,Yes,No,DSL,Yes,Yes,No,Yes,No,No,Month-to-month,No,Bank transfer (automatic),63.11,1618.93,0,No
CUST-11384,Male,1,No,No,26,Yes,No,Fiber optic,Yes,Yes,No,Yes,Yes,Yes,Month-to-month,No,Electronic check,96.1,2471.0,0,No
CUST-11385,Female,0,Yes,Yes,32,Yes,Yes,Fiber optic,No,No,Yes,No,No,No,Two year,No,Credit card (automatic),74.53,2394.81,1,No
CUST-11386,Male,1,Yes,Yes,14,Yes,No,Fiber optic,No,No,No,Yes,No,Yes,Two year,Yes,Electronic check,79.46,1114.15,1,No
CUST-11387,Female,0,No,No,51,Yes,Yes,Fiber optic,No,No,Yes,Yes,No,No,Two year,No,Electronic check,79.97,4063.39,0,No
CUST-11388,Male,0,No,No,30,Yes,No,Fiber optic,No,Yes,No,No,No,No,One year,Yes,Credit card (automatic),79.79,2410.12,1,Yes
CUST-11389,Male,0,No,Yes,58,Yes,No,Fiber optic,No,No,No,Yes,No,No,Month-to-month,Yes,Electronic check,84.89,4901.56,0,Yes
CUST-11390,Female,0,No,Yes,6,Yes,Yes,Fiber optic,No,Yes,Yes,No,Yes,No,One year,No,Credit card (automatic),89.64,542.74,2,No
CUST-11391,Female,0,No,No,26,Yes,No,DSL,Yes,No,No,Yes,Yes,Yes,Two year,No,Electronic check,79.5,2075.35,1,No
CUST-11392,Female,0,No,No,20,Yes,No,DSL,Yes,No,No,No,Yes,Yes,Month-to-month,Yes,Electronic check,47.46,970.39,4,Yes
CUST-11393,Female,0,No,Yes,72,Yes,No,Fiber optic,No,No,No,No,No,No,Month-to-month,No,Electronic check,67.91,4895.14,2,Yes
CUST-11394,Male,1,Yes,No,37,No,No phone service,DSL,Yes,Yes,Yes,Yes,No,No,Month-to-month,Yes,Mailed check,62.58,2323.84,0,No
CUST-11395,Female,1,No,No,23,Yes,No,DSL,Yes,Yes,Yes,Yes,No,No,Month-to-month,Yes,Mailed check,74.7,1771.9,1,Yes
CUST-11396,Male,0,No,No,36,Yes,No,DSL,Yes,No,No,No,No,Yes,Month-to-month,No,Electronic check,59.81,2170.96,2,Yes
CUST-11397,Male,0,No,No,17,Yes,Yes,DSL,No,No,Yes,No,Yes,Yes,Two year,Yes,Electronic check,62.17,1043.38,0,No
CUST-11398,Female,0,No,Yes,33,Yes,Yes,Fiber optic,No,Yes,Yes,No,No,No,One year,Yes,Electronic check,85.81,2832.44,0,Yes
CUST-11399,Male,0,No,No,72,Yes,Yes,Fiber optic,No,No,Yes,Yes,No,No,Month-to-month,Yes,Electronic check,88.96,6423.45,3,No
CUST-11400,Male,0,Yes,No,15,Yes,No,DSL,Yes,Yes,Yes,No,No,No,One year,Yes,Credit card (automatic),57.1,845.27,2,No
CUST-11401,Male,0,Yes,No,26,Yes,No,DSL,No,Yes,No,Yes,No,No,Month-to-month,Yes,Mailed check,51.61,1356.24,1,Yes
CUST-11402,Male,0,Yes,No,12,Yes,Yes,DSL,No,No,No,No,No,No,One year,No,Bank transfer (automatic),43.79,488.97,0,Yes
CUST-11403,Female,0,Yes,No,10,Yes,Yes,Fiber optic,Yes,No,No,No,Yes,No,Two year,Yes,Electronic check,82.5,832.97,1,No
CUST-11404,Female,1,No,No,45,Yes,No,No,No internet service,No internet service,No internet service,No internet service,No internet service,No internet service,One year,Yes,Electronic check,23.35,1048.95,0,No
CUST-11405,Female,0,Yes,No,8,Yes,No,DSL,No,Yes,No,No,No,No,One year,No,Mailed check,51.0,399.43,0,No
CUST-11406,Female,1,Yes,Yes,32,Yes,No,Fiber optic,No,No,No,No,Yes,Yes,Month-to-month,No,Credit card (automatic),82.06,2601.23,1,No
CUST-11407,Male,0,No,Yes,43,Yes,No,DSL,No,Yes,Yes,No,No,No,Month-to-month,No,Credit card (automatic),59.99,2596.26,2,No
CUST-11408,Male,0,No,No,17,Yes,No,DSL,No,No,Yes,No,No,No,One year,Yes,Mailed check,53.59,924.12,0,No
CUST-11409,Female,0,Yes,No,57,Yes,Yes,Fiber optic,Yes,No,Yes,No,No,Yes,Two year,Yes,Electronic check,85.88,4891.44,0,No
CUST-11410,Female,0,No,No,53,Yes,No,Fiber optic,Yes,No,No,No,Yes,No,One year,No,Electronic check,85.21,4510.81,0,No
CUST-11411,Female,0,No,No,17,Yes,No,DSL,Yes,No,No,No,No,Yes,Two year,Yes,Bank transfer (automatic),54.11,919.87,0,No
CUST-11412,Male,0,Yes,No,7,Yes,No,DSL,No,Yes,Yes,Yes,No,Yes,Two year,Yes,Electronic check,66.72,444.88,0,No
CUST-11413,Female,0,Yes,No,34,Yes,No,DSL,No,No,Yes,No,Yes,No,One year,No,Credit card (automatic),66.99,2311.66,0,No
CUST-11414,Female,0,No,No,23,Yes,No,No,No internet service,No internet service,No internet service,No internet service,No internet service,No internet service,Two year,Yes,Bank transfer (automatic),18.0,418.66,0,No
CUST-11415,Female,0,No,No,27,Yes,Yes,DSL,Yes,No,No,No,No,No,Month-to-month,No,Credit card (automatic),52.24,1375.33,1,Yes
CUST-11416,Male,0,No,No,34,No,No phone service,DSL,Yes,Yes,Yes,No,Yes,No,Month-to-month,No,Mailed check,67.65,2354.7,2,No
CUST-11417,Male,0,Yes,No,6,Yes,Yes,No,No internet service,No internet service,No internet service,No internet service,No internet service,No internet service,One year,No,Bank transfer (automatic),25.88,156.64,1,No
CUST-11418,Male,0,Yes,No,16,No,No phone service,DSL,Yes,Yes,Yes,Yes,No,Yes,Month-to-month,No,Electronic check,84.73,1374.9,1,No
CUST-11419,Male,0,No,No,70,Yes,Yes,DSL,Yes,Yes,No,No,Yes,No,Two year,Yes,Mailed check,67.87,4755.2,0,No
CUST-11420,Male,0,Yes,No,28,Yes,Yes,DSL,Yes,No,No,Yes,No,No,Month-to-month,No,Electronic check,57.46,1613.38,1,No
CUST-11421,Male,1,Yes,Yes,36,Yes,No,DSL,No,Yes,No,Yes,No,Yes,Month-to-month,No,Bank transfer (automatic),64.09,2292.21,3,No
CUST-11422,Male,0,No,Yes,26,Yes,Yes,DSL,Yes,No,No,No,No,No,Two year,Yes,Mailed check,47.33,1280.15,2,No
CUST-11423,Male,0,Yes,No,35,Yes,Yes,No,No internet service,No internet service,No internet service,No internet service,No internet service,No internet service,Month-to-month,No,Bank transfer (automatic),22.54,778.24,1,No
CUST-11424,Female,0,No,No,52,Yes,Yes,No,No internet service,No internet service,No internet service,No internet service,No internet service,No internet service,Month-to-month,No,Bank transfer (automatic),26.04,1342.49,1,Yes
CUST-11425,Female,0,No,No,3,Yes,No,Fiber optic,No,No,No,No,Yes,No,Month-to-month,No,Bank transfer (automatic),83.78,244.61,5,Yes
CUST-11426,Male,0,Yes,Yes,41,No,No phone service,Fiber optic,No,No,No,No,No,No,One year,No,Electronic check,67.83,2777.23,3,Yes
CUST-11427,Male,0,No,No,23,Yes,Yes,Fiber optic,No,No,No,Yes,Yes,No,One year,Yes,Credit card (automatic),84.53,1941.72,0,No
CUST-11428,Female,0,Yes,No,46,Yes,No,Fiber optic,Yes,No,No,Yes,No,Yes,Two year,Yes,Electronic check,80.61,3709.22,2,No
CUST-11429,Male,0,No,No,18,Yes,No,Fiber optic,No,No,Yes,No,No,Yes,Month-to-month,Yes,Credit card (automatic),79.79,1422.06,3,Yes
CUST-11430,Male,0,Yes,Yes,17,Yes,Yes,Fiber optic,No,Yes,No,No,No,No,Two year,Yes,Mailed check,74.13,1267.17,0,Yes
CUST-11431,Male,0,Yes,No,8,Yes,No,DSL,Yes,No,No,No,No,Yes,Month-to-month,Yes,Credit card (automatic),63.79,530.01,2,No
CUST-11432,Female,0,No,No,23,Yes,No,DSL,Yes,No,No,No,Yes,Yes,Month-to-month,Yes,Mailed check,48.97,1104.37,1,No
CUST-11433,Female,1,Yes,Yes,7,Yes,Yes,No,No internet service,No internet service,No internet service,No internet service,No internet service,No internet service,Month-to-month,No,Bank transfer (automatic),29.03,247.46,3,Yes
CUST-11434,Female,0,No,No,22,Yes,No,DSL,No,Yes,No,No,No,No,Month-to-month,Yes,Mailed check,43.69,919.07,2,No
CUST-11435,Female,0,Yes,No,27,Yes,Yes,No,No internet service,No internet service,No internet service,No internet service,No internet service,No internet service,Month-to-month,Yes,Bank transfer (automatic),19.16,515.01,1,No
CUST-11436,Female,0,Yes,No,13,Yes,No,Fiber optic,No,No,No,No,Yes,No,Month-to-month,Yes,Electronic check,85.26,1099.52,2,Yes
CUST-11437,Male,0,No,No,5,Yes,Yes,Fiber optic,No,No,Yes,Yes,No,Yes,Month-to-month,No,Bank transfer (automatic),74.65,382.79,1,Yes
CUST-11438,Female,1,Yes,No,4,Yes,No,DSL,No,No,No,Yes,Yes,Yes,Two year,No,Electronic check,55.31,219.83,2,No
CUST-11439,Male,0,Yes,No,10,Yes,Yes,DSL,No,No,No,No,No,Yes,Month-to-month,No,Bank transfer (automatic),55.21,532.79,1,Yes
CUST-11440,Male,1,No,No,3,Yes,No,Fiber optic,Yes,Yes,No,Yes,Yes,Yes,Two year,Yes,Electronic check,88.75,275.09,1,No
CUST-11441,Female,0,No,Yes,27,Yes,No,Fiber optic,No,No,Yes,No,No,No,Two year,Yes,Electronic check,87.2,2368.04,0,No
CUST-11442,Female,0,No,Yes,72,Yes,No,Fiber optic,No,No,No,Yes,No,Yes,Month-to-month,No,Credit card (automatic),80.06,5765.97,3,No
CUST-11443,Male,0,No,No,8,Yes,No,Fiber optic,No,No,Yes,No,No,No,Month-to-month,Yes,Credit card (automatic),76.75,605.33,0,Yes
CUST-11444,Male,0,Yes,Yes,72,No,No phone service,Fiber optic,No,Yes,Yes,No,No,Yes,One year,No,Bank transfer (automatic),87.85,6361.6,1,No
CUST-11445,Male,1,No,No,26,Yes,No,Fiber optic,Yes,Yes,Yes,No,Yes,Yes,Two year,Yes,Credit card (automatic),95.65,2536.96,0,No
CUST-11446,Female,0,Yes,No,30,Yes,No,No,No internet service,No internet service,No internet service,No internet service,No internet service,No internet service,Two year,Yes,Electronic check,26.43,771.8,0,No
CUST-11447,Female,0,No,No,5,Yes,Yes,No,No internet service,No internet service,No internet service,No internet service,No internet service,No internet service,One year,Yes,Electronic check,18.0,120.86,1,No
CUST-11448,Female,0,Yes,No,28,Yes,Yes,Fiber optic,Yes,Yes,No,Yes,No,Yes,Month-to-month,No,Electronic check,89.6,2532.42,0,No
CUST-11449,Female,0,No,No,15,Yes,No,DSL,No,No,No,No,No,Yes,Month-to-month,Yes,Electronic check,50.53,778.59,0,No
CUST-11450,Female,0,No,No,67,No,No phone service,DSL,No,No,Yes,No,No,No,Two year,Yes,Electronic check,47.94,3177.64,0,No
CUST-11451,Male,0,No,Yes,4,Yes,No,Fiber optic,No,No,No,Yes,No,No,One year,Yes,Bank transfer (automatic),66.37,268.29,1,No
CUST-11452,Female,0,No,Yes,16,Yes,No,Fiber optic,Yes,No,No,No,Yes,Yes,Two year,Yes,Electronic check,88.65,1452.28,0,Yes
CUST-11453,Male,0,No,No,12,Yes,No,Fiber optic,No,No,No,No,Yes,Yes,One year,No,Electronic check,79.21,925.41,0,No
CUST-11454,Male,1,No,Yes,31,Yes,Yes,Fiber optic,Yes,No,Yes,No,Yes,No,Month-to-month,Yes,Bank transfer (automatic),83.63,2602.6,2,Yes
CUST-11455,Male,0,Yes,No,1,Yes,Yes,No,No internet service,No internet service,No internet service,No internet service,No internet service,No internet service,Two year,Yes,Electronic check,31.23,17.03,1,No
CUST-11456,Female,0,Yes,No,65,Yes,No,DSL,No,Yes,No,No,Yes,No,Two year,Yes,Mailed check,59.1,3873.02,0,No
CUST-11457,Female,0,Yes,No,30,Yes,No,No,No internet service,No internet service,No internet service,No internet service,No internet service,No internet service,Month-to-month,Yes,Electronic check,18.0,576.66,0,No
CUST-11458,Female,0,Yes,Yes,29,Yes,No,DSL,No,No,No,Yes,No,Yes,Month-to-month,Yes,Credit card (automatic),54.63,1602.09,3,Yes
CUST-11459,Male,0,No,No,8,Yes,Yes,DSL,No,No,No,No,No,Yes,Month-to-month,Yes,Electronic check,46.05,368.73,1,No
CUST-11460,Male,0,No,Yes,42,Yes,No,No,No internet service,No internet service,No internet service,No internet service,No internet service,No internet service,One year,No,Credit card (automatic),18.0,753.85,0,No
CUST-11461,Male,0,No,No,39,Yes,No,No,No internet service,No internet service,No internet service,No internet service,No internet service,No internet service,Month-to-month,No,Mailed check,18.0,699.21,1,No
CUST-11462,Male,1,No,Yes,56,Yes,Yes,Fiber optic,No,Yes,No,Yes,Yes,Yes,Month-to-month,Yes,Electronic check,92.42,5171.89,2,Yes
CUST-11463,Male,0,No,No,19,Yes,No,No,No internet service,No internet service,No internet service,No internet service,No internet service,No internet service,Month-to-month,No,Electronic check,18.0,340.58,2,No
CUST-11464,Male,0,Yes,Yes,5,Yes,Yes,No,No internet service,No internet service,No internet service,No internet service,No internet service,No internet service,Month-to-month,No,Bank transfer (automatic),18.0,110.69,2,No
CUST-11465,Female,0,Yes,Yes,14,Yes,No,Fiber optic,No,Yes,No,No,No,Yes,Month-to-month,Yes,Credit card (automatic),71.59,988.97,1,No
CUST-11466,Female,0,Yes,No,47,Yes,Yes,Fiber optic,Yes,No,No,No,Yes,Yes,One year,Yes,Electronic check,87.77,4144.88,0,No
CUST-11467,Female,0,Yes,Yes,16,Yes,Yes,DSL,No,No,Yes,Yes,Yes,Yes,Two year,No,Electronic check,69.01,1168.03,0,No
CUST-11468,Female,1,No,No,72,Yes,No,DSL,Yes,Yes,Yes,Yes,No,No,One year,No,Mailed check,64.97,4684.45,0,No
CUST-11469,Male,1,No,Yes,43,Yes,Yes,Fiber optic,No,No,Yes,No,No,No,One year,Yes,Mailed check,78.23,3379.1,1,No
CUST-11470,Male,1,No,No,72,Yes,Yes,Fiber optic,No,No,No,No,No,Yes,One year,Yes,Credit card (automatic),65.02,4647.7,0,No
CUST-11471,Female,1,No,No,17,Yes,Yes,Fiber optic,No,Yes,Yes,No,Yes,No,One year,Yes,Mailed check,77.55,1327.74,0,Yes
CUST-11472,Male,0,No,Yes,33,Yes,No,Fiber optic,Yes,Yes,No,No,Yes,Yes,Month-to-month,Yes,Electronic check,91.6,3018.49,0,Yes
CUST-11473,Female,0,Yes,No,10,Yes,Yes,No,No internet service,No internet service,No internet service,No internet service,No internet service,No internet service,Month-to-month,No,Credit card (automatic),23.03,256.59,3,No
CUST-11474,Female,0,No,No,45,Yes,Yes,Fiber optic,Yes,No,Yes,No,No,Yes,Month-to-month,No,Mailed check,83.67,3798.5,1,No
CUST-11475,Female,0,Yes,Yes,35,Yes,No,No,No internet service,No internet service,No internet service,No internet service,No internet service,No internet service,Two year,No,Bank transfer (automatic),23.24,820.86,0,No
CUST-11476,Male,0,Yes,Yes,41,No,No phone service,No,No internet service,No internet service,No internet service,No internet service,No internet service,No internet service,Two year,Yes,Bank transfer (automatic),22.45,907.08,0,No
CUST-11477,Female,0,Yes,No,18,Yes,Yes,Fiber optic,No,Yes,Yes,No,Yes,No,One year,Yes,Electronic check,94.93,1695.34,1,Yes
CUST-11478,Female,0,No,No,27,Yes,Yes,DSL,No,No,No,No,No,No,Two year,No,Electronic check,40.88,1068.62,1,No
CUST-11479,Female,0,Yes,No,26,Yes,No,DSL,Yes,No,No,Yes,No,Yes,Two year,Yes,Electronic check,59.64,1542.71,0,No
CUST-11480,Male,0,Yes,No,18,Yes,No,Fiber optic,No,No,No,No,No,No,Two year,No,Credit card (automatic),70.98,1267.09,1,No
CUST-11481,Male,0,No,No,28,Yes,Yes,Fiber optic,Yes,No,No,No,No,No,Month-to-month,No,Credit card (automatic),77.86,2208.71,0,No
CUST-11482,Female,0,No,Yes,32,Yes,No,Fiber optic,No,No,No,Yes,Yes,Yes,One year,No,Electronic check,76.41,2475.69,0,No
CUST-11483,Male,0,Yes,No,36,Yes,No,No,No internet service,No internet service,No internet service,No internet service,No internet service,No internet service,One year,No,Bank transfer (automatic),19.89,759.4,0,No
CUST-11484,Male,0,Yes,No,18,Yes,No,Fiber optic,No,Yes,No,No,No,No,One year,No,Bank transfer (automatic),76.56,1364.27,1,No
CUST-11485,Male,0,No,No,43,Yes,No,Fiber optic,Yes,No,No,No,Yes,Yes,Month-to-month,Yes,Electronic check,83.65,3583.78,0,No
CUST-11486,Male,0,Yes,No,41,Yes,Yes,No,No internet service,No internet service,No internet service,No internet service,No internet service,No internet service,One year,No,Mailed check,29.92,1207.71,1,No
CUST-11487,Male,0,No,No,37,Yes,No,DSL,No,Yes,Yes,No,No,No,Month-to-month,Yes,Bank transfer (automatic),56.09,2111.69,2,Yes
CUST-11488,Male,0,No,No,45,Yes,Yes,DSL,Yes,No,No,No,No,Yes,Two year,No,Electronic check,51.95,2354.66,0,No
CUST-11489,Male,0,Yes,No,21,Yes,No,DSL,No,No,No,No,Yes,Yes,Two year,Yes,Credit card (automatic),62.4,1346.89,0,No
CUST-11490,Male,0,Yes,Yes,9,Yes,No,DSL,No,Yes,No,Yes,Yes,No,Month-to-month,Yes,Bank transfer (automatic),60.33,552.81,1,Yes
CUST-11491,Male,0,Yes,Yes,41,Yes,No,No,No internet service,No internet service,No internet service,No internet service,No internet service,No internet service,Month-to-month,No,Electronic check,20.33,861.51,2,Yes
CUST-11492,Male,0,Yes,No,15,Yes,Yes,Fiber optic,No,No,No,No,Yes,No,One year,No,Credit card (automatic),75.4,1125.95,1,No
CUST-11493,Female,0,Yes,No,5,Yes,No,Fiber optic,Yes,No,No,No,Yes,No,One year,No,Electronic check,87.47,441.06,0,No
CUST-11494,Female,0,No,Yes,15,Yes,No,Fiber optic,No,No,Yes,No,No,Yes,One year,Yes,Credit card (automatic),78.33,1161.7,2,No
CUST-11495,Male,0,Yes,No,28,Yes,No,Fiber optic,No,No,No,No,Yes,Yes,One year,No,Electronic check,77.13,2162.42,1,Yes
CUST-11496,Female,0,No,No,62,Yes,Yes,Fiber optic,No,No,No,No,Yes,No,Two year,No,Bank transfer (automatic),69.62,4303.51,0,No
CUST-11497,Female,0,No,Yes,32,Yes,No,No,No internet service,No internet service,No internet service,No internet service,No internet service,No internet service,Month-to-month,Yes,Bank transfer (automatic),19.11,627.85,1,No
CUST-11498,Male,0,Yes,Yes,45,Yes,Yes,Fiber optic,Yes,Yes,Yes,Yes,No,No,One year,No,Electronic check,92.45,4162.16,0,No
CUST-11499,Male,0,Yes,No,40,Yes,Yes,No,No internet service,No internet service,No internet service,No internet service,No internet service,No internet service,Two year,No,Mailed check,18.73,758.7,0,No
CUST-11500,Male,0,Yes,No,31,Yes,Yes,No,No internet service,No internet service,No internet service,No internet service,No internet service,No internet service,Two year,Yes,Mailed check,18.0,584.36,0,No
CUST-11501,Female,0,Yes,No,20,Yes,No,DSL,No,No,Yes,No,No,Yes,Month-to-month,Yes,Bank transfer (automatic),52.36,1050.27,0,Yes
CUST-11502,Female,0,No,No,10,Yes,No,Fiber optic,No,No,No,No,Yes,No,Month-to-month,No,Electronic check,83.07,826.5,1,Yes
CUST-11503,Male,0,Yes,No,72,Yes,No,No,No internet service,No internet service,No internet service,No internet service,No internet service,No internet service,Month-to-month,No,Credit card (automatic),18.0,1277.41,2,No
CUST-11504,Male,0,No,Yes,16,Yes,No,No,No internet service,No internet service,No internet service,No internet service,No internet service,No internet service,Two year,Yes,Bank transfer (automatic),18.0,279.17,0,No
CUST-11505,Male,0,Yes,No,19,Yes,Yes,DSL,No,Yes,No,Yes,Yes,Yes,Month-to-month,No,Electronic check,66.83,1251.87,0,No
CUST-11506,Female,0,Yes,No,22,Yes,No,DSL,No,No,No,No,Yes,No,Month-to-month,No,Bank transfer (automatic),59.63,1338.44,1,No
CUST-11507,Female,0,No,No,15,Yes,No,Fiber optic,Yes,Yes,No,No,No,Yes,Month-to-month,Yes,Mailed check,89.79,1350.2,1,No
CUST-11508,Female,0,No,Yes,35,Yes,No,DSL,Yes,No,No,No,No,Yes,Month-to-month,Yes,Credit card (automatic),58.42,2068.87,1,No
CUST-11509,Female,1,Yes,Yes,16,Yes,No,DSL,No,No,No,No,No,No,One year,Yes,Electronic check,49.51,794.85,0,No
CUST-11510,Male,0,Yes,No,19,Yes,Yes,DSL,Yes,No,Yes,Yes,No,Yes,One year,No,Electronic check,63.87,1232.84,1,No
CUST-11511,Male,0,No,No,15,Yes,No,DSL,No,No,No,No,No,No,One year,Yes,Electronic check,40.93,618.34,1,Yes
CUST-11512,Male,0,Yes,No,19,Yes,No,Fiber optic,No,No,No,No,Yes,No,Month-to-month,No,Credit card (automatic),75.42,1431.3,1,No
CUST-11513,Male,0,Yes,No,8,Yes,No,No,No internet service,No internet service,No internet service,No internet service,No internet service,No internet service,Month-to-month,No,Mailed check,24.67,220.77,2,No
CUST-11514,Female,0,No,No,7,Yes,No,DSL,No,Yes,No,Yes,Yes,Yes,Two year,No,Electronic check,63.87,444.15,1,No
CUST-11515,Female,0,No,No,71,Yes,No,Fiber optic,No,Yes,Yes,Yes,No,No,Month-to-month,Yes,Mailed check,82.52,5863.32,2,Yes
CUST-11516,Male,0,No,No,45,Yes,Yes,Fiber optic,No,No,No,Yes,No,No,Two year,Yes,Electronic check,74.41,3372.35,0,No
CUST-11517,Male,1,No,No,64,Yes,Yes,No,No internet service,No internet service,No internet service,No internet service,No internet service,No internet service,Month-to-month,No,Electronic check,24.95,1559.0,1,Yes
CUST-11518,Female,0,No,No,68,Yes,No,Fiber optic,No,Yes,Yes,No,No,Yes,Month-to-month,No,Bank transfer (automatic),88.46,6015.45,2,Yes
CUST-11519,Male,0,No,Yes,11,Yes,No,DSL,No,No,Yes,No,No,No,Month-to-month,Yes,Electronic check,51.14,602.32,2,No
CUST-11520,Female,1,No,Yes,62,Yes,No,No,No internet service,No internet service,No internet service,No internet service,No internet service,No internet service,Two year,No,Mailed check,18.0,1148.44,0,No
CUST-11521,Male,0,No,No,51,Yes,No,No,No internet service,No internet service,No internet service,No internet service,No internet service,No internet service,Month-to-month,No,Mailed check,18.0,932.35,3,No
CUST-11522,Male,1,No,No,19,Yes,No,Fiber optic,No,No,Yes,No,Yes,Yes,One year,Yes,Mailed check,80.95,1525.82,0,No
CUST-11523,Male,0,Yes,No,32,No,No phone service,DSL,Yes,Yes,No,Yes,No,Yes,One year,No,Electronic check,60.15,1948.76,1,No
CUST-11524,Male,0,Yes,No,44,Yes,Yes,DSL,No,Yes,No,No,No,Yes,Month-to-month,Yes,Bank transfer (automatic),50.81,2220.31,1,No
CUST-11525,Male,0,No,No,38,Yes,Yes,DSL,No,No,Yes,No,No,Yes,Month-to-month,No,Electronic check,59.93,2289.55,2,Yes
CUST-11526,Male,0,No,No,22,Yes,No,DSL,No,No,Yes,No,Yes,Yes,Two year,Yes,Mailed check,63.24,1410.22,1,No
CUST-11527,Male,1,Yes,No,28,Yes,No,DSL,No,Yes,Yes,Yes,Yes,No,Month-to-month,No,Electronic check,66.79,1906.47,1,Yes
CUST-11528,Female,0,No,Yes,35,No,No phone service,DSL,No,Yes,No,Yes,No,Yes,One year,Yes,Mailed check,56.65,1997.59,0,No
CUST-11529,Female,0,Yes,No,18,Yes,Yes,DSL,Yes,No,No,Yes,Yes,Yes,Two year,Yes,Mailed check,65.13,1183.67,1,No
CUST-11530,Female,0,No,No,37,Yes,No,Fiber optic,No,No,Yes,No,No,No,Month-to-month,Yes,Bank transfer (automatic),76.87,2841.68,4,Yes
CUST-11531,Female,0,No,No,14,Yes,Yes,Fiber optic,Yes,Yes,No,No,No,Yes,Month-to-month,No,Bank transfer (automatic),82.29,1135.3,2,Yes
CUST-11532,Female,0,No,No,63,Yes,Yes,DSL,No,No,Yes,No,Yes,Yes,Month-to-month,Yes,Mailed check,60.08,3768.24,2,No
CUST-11533,Male,0,Yes,Yes,49,Yes,No,No,No internet service,No internet service,No internet service,No internet service,No internet service,No internet service,Month-to-month,Yes,Electronic check,19.67,964.36,1,Yes
CUST-11534,Male,0,No,No,45,Yes,Yes,Fiber optic,No,No,No,No,Yes,No,Month-to-month,No,Bank transfer (automatic),82.94,3754.34,1,Yes
CUST-11535,Female,0,Yes,No,33,Yes,No,DSL,No,Yes,No,No,No,No,One year,Yes,Credit card (automatic),55.27,1786.63,1,No
CUST-11536,Male,0,Yes,No,29,Yes,No,DSL,Yes,No,No,No,Yes,Yes,One year,Yes,Electronic check,70.88,2069.46,0,No
CUST-11537,Female,0,Yes,No,51,Yes,No,DSL,Yes,No,Yes,No,No,No,One year,No,Electronic check,53.06,2735.18,0,No
CUST-11538,Female,0,No,No,9,Yes,No,Fiber optic,Yes,Yes,No,No,No,No,Two year,No,Electronic check,83.78,752.97,1,Yes
CUST-11539,Male,0,Yes,No,12,Yes,Yes,DSL,No,Yes,No,No,Yes,Yes,Month-to-month,Yes,Mailed check,62.94,690.77,2,Yes
CUST-11540,Male,0,Yes,Yes,38,Yes,No,DSL,No,No,No,No,No,Yes,Month-to-month,No,Electronic check,55.92,2115.76,3,No
CUST-11541,Male,0,No,No,24,Yes,Yes,Fiber optic,Yes,No,No,No,No,No,Month-to-month,Yes,Credit card (automatic),83.85,2006.39,3,Yes
CUST-11542,Female,0,No,No,16,Yes,No,Fiber optic,Yes,No,Yes,No,No,No,Month-to-month,Yes,Mailed check,75.68,1205.37,2,Yes
CUST-11543,Male,0,No,No,53,Yes,No,DSL,No,Yes,No,No,Yes,Yes,Month-to-month,Yes,Electronic check,58.6,3077.82,1,No
CUST-11544,Female,0,No,No,27,Yes,Yes,Fiber optic,Yes,No,No,Yes,No,Yes,Month-to-month,Yes,Credit card (automatic),78.45,2111.57,2,No
CUST-11545,Female,0,Yes,No,32,Yes,Yes,DSL,No,Yes,No,No,No,Yes,Two year,Yes,Electronic check,59.86,1941.86,0,No
CUST-11546,Female,0,No,No,54,Yes,Yes,Fiber optic,No,No,Yes,No,Yes,No,Two year,Yes,Electronic check,76.74,4103.96,0,No
CUST-11547,Male,0,No,Yes,22,Yes,Yes,Fiber optic,No,No,No,No,No,No,Month-to-month,No,Electronic check,66.08,1450.67,0,Yes
CUST-11548,Male,0,Yes,No,72,Yes,No,Fiber optic,No,No,No,No,No,Yes,Two year,Yes,Electronic check,78.06,5616.38,0,No
CUST-11549,Female,0,Yes,Yes,10,Yes,No,Fiber optic,No,Yes,Yes,No,Yes,Yes,Two year,Yes,Bank transfer (automatic),84.69,854.19,0,Yes
CUST-11550,Male,1,Yes,Yes,53,Yes,Yes,DSL,No,No,Yes,No,No,Yes,Month-to-month,Yes,Electronic check,49.7,2653.61,1,No
CUST-11551,Male,0,Yes,No,16,Yes,No,DSL,No,Yes,No,Yes,No,Yes,Month-to-month,Yes,Bank transfer (automatic),58.79,939.07,6,Yes
CUST-11552,Male,0,No,Yes,47,Yes,No,DSL,No,Yes,Yes,Yes,No,No,Two year,Yes,Bank transfer (automatic),61.63,2930.35,0,No
CUST-11553,Female,1,No,No,14,Yes,No,DSL,No,Yes,No,No,Yes,No,One year,No,Electronic check,54.28,747.18,0,No
CUST-11554,Female,0,No,No,6,Yes,No,DSL,No,No,No,Yes,No,Yes,Two year,No,Mailed check,56.85,377.17,0,No
CUST-11555,Male,0,No,No,48,Yes,No,DSL,No,No,Yes,No,No,Yes,Month-to-month,No,Mailed check,61.57,2951.79,1,No
CUST-11556,Female,0,Yes,No,19,Yes,No,Fiber optic,No,No,No,No,Yes,Yes,Month-to-month,No,Credit card (automatic),83.83,1571.69,1,Yes
CUST-11557,Male,0,No,No,7,Yes,No,DSL,No,Yes,Yes,No,Yes,Yes,Month-to-month,Yes,Electronic check,63.85,419.6,0,No
CUST-11558,Male,1,Yes,No,49,Yes,No,No,No internet service,No internet service,No internet service,No internet service,No internet service,No internet service,Two year,No,Electronic check,18.0,895.96,1,No
CUST-11559,Male,1,No,No,29,Yes,No,No,No internet service,No internet service,No internet service,No internet service,No internet service,No internet service,Month-to-month,No,Credit card (automatic),22.64,641.9,2,No
CUST-11560,Male,0,Yes,Yes,19,Yes,Yes,DSL,No,No,No,No,No,No,Month-to-month,Yes,Electronic check,43.87,841.69,5,Yes
CUST-11561,Female,0,No,No,33,Yes,Yes,Fiber optic,Yes,No,No,No,No,No,Month-to-month,No,Electronic check,80.84,2683.06,1,Yes
CUST-11562,Female,1,Yes,No,22,Yes,Yes,No,No internet service,No internet service,No internet service,No internet service,No internet service,No internet service,Month-to-month,Yes,Bank transfer (automatic),19.93,420.2,2,No
CUST-11563,Female,0,Yes,No,20,Yes,Yes,Fiber optic,Yes,No,Yes,No,Yes,No,Month-to-month,Yes,Electronic check,79.58,1604.32,2,Yes
CUST-11564,Male,0,Yes,No,44,Yes,No,No,No internet service,No internet service,No internet service,No internet service,No internet service,No internet service,One year,Yes,Mailed check,20.78,888.19,1,No
CUST-11565,Male,1,No,No,30,Yes,No,No,No internet service,No internet service,No internet service,No internet service,No internet service,No internet service,Month-to-month,No,Credit card (automatic),19.54,567.07,0,No
CUST-11566,Male,0,No,No,13,No,No phone service,No,No internet service,No internet service,No internet service,No internet service,No internet service,No internet service,Month-to-month,No,Mailed check,21.08,287.73,1,No
CUST-11567,Female,0,Yes,No,25,Yes,No,DSL,No,No,No,No,No,No,Month-to-month,No,Mailed check,38.51,976.78,5,No
CUST-11568,Male,0,No,No,43,Yes,Yes,DSL,Yes,No,No,No,No,No,One year,Yes,Electronic check,43.73,1880.55,1,Yes
CUST-11569,Female,1,No,Yes,10,Yes,No,DSL,Yes,No,Yes,No,Yes,Yes,Month-to-month,No,Credit card (automatic),74.78,738.37,0,No
CUST-11570,Female,0,No,No,57,Yes,Yes,Fiber optic,Yes,No,No,No,No,No,Month-to-month,Yes,Bank transfer (automatic),71.57,4081.36,0,No
CUST-11571,Female,0,No,Yes,29,Yes,No,Fiber optic,Yes,No,Yes,Yes,No,No,One year,Yes,Electronic check,84.67,2465.6,0,No
CUST-11572,Female,0,Yes,No,27,Yes,No,DSL,No,No,No,No,No,No,Month-to-month,No,Electronic check,35.3,943.42,2,No
CUST-11573,Female,0,Yes,No,28,Yes,No,DSL,Yes,No,No,No,Yes,No,Month-to-month,Yes,Bank transfer (automatic),56.29,1560.69,2,No
CUST-11574,Female,0,No,Yes,72,Yes,No,Fiber optic,No,No,No,Yes,No,No,One year,Yes,Mailed check,66.86,4813.12,2,No
CUST-11575,Male,0,No,No,25,Yes,Yes,Fiber optic,Yes,No,Yes,No,Yes,Yes,Month-to-month,Yes,Mailed check,91.55,2316.04,1,Yes
CUST-11576,Male,0,No,No,19,Yes,Yes,Fiber optic,No,Yes,No,No,No,No,Month-to-month,Yes,Mailed check,76.46,1434.77,0,No
CUST-11577,Female,0,No,No,22,Yes,No,Fiber optic,No,No,No,No,No,Yes,One year,Yes,Electronic check,72.79,1612.34,0,Yes
CUST-11578,Female,1,Yes,Yes,48,Yes,No,Fiber optic,No,Yes,No,Yes,No,No,One year,Yes,Mailed check,84.05,4064.9,1,No
CUST-11579,Male,0,No,No,39,Yes,No,DSL,No,Yes,Yes,No,No,No,One year,Yes,Credit card (automatic),56.25,2184.49,0,No
CUST-11580,Female,1,Yes,No,25,Yes,Yes,No,No internet service,No internet service,No internet service,No internet service,No internet service,No internet service,Month-to-month,Yes,Mailed check,21.73,573.97,0,No
CUST-11581,Female,0,No,No,72,Yes,Yes,DSL,Yes,No,No,No,Yes,Yes,Month-to-month,Yes,Mailed check,60.31,4289.88,0,No
CUST-11582,Male,0,Yes,No,37,No,No phone service,No,No internet service,No internet service,No internet service,No internet service,No internet service,No internet service,One year,No,Electronic check,20.03,723.45,1,No
CUST-11583,Female,0,No,No,12,Yes,No,No,No internet service,No internet service,No internet service,No internet service,No internet service,No internet service,Month-to-month,No,Electronic check,30.52,385.43,0,No
CUST-11584,Female,0,No,No,3,Yes,Yes,Fiber optic,No,No,No,No,No,Yes,Month-to-month,No,Electronic check,74.48,196.94,1,No
CUST-11585,Female,1,Yes,No,39,Yes,No,Fiber optic,Yes,No,Yes,Yes,Yes,Yes,One year,No,Electronic check,92.45,3622.9,0,Yes
CUST-11586,Male,0,Yes,Yes,20,Yes,Yes,Fiber optic,No,No,Yes,No,Yes,No,Month-to-month,Yes,Mailed check,79.78,1603.35,1,No
CUST-11587,Male,0,No,Yes,6,Yes,No,No,No internet service,No internet service,No internet service,No internet service,No internet service,No internet service,One year,No,Mailed check,24.59,169.28,1,No
CUST-11588,Male,0,No,Yes,23,Yes,No,DSL,No,No,No,No,No,No,Month-to-month,No,Electronic check,40.02,892.72,0,Yes
CUST-11589,Female,0,Yes,No,41,Yes,Yes,Fiber optic,Yes,No,No,Yes,Yes,Yes,Month-to-month,Yes,Credit card (automatic),81.36,3349.73,2,No
CUST-11590,Female,0,No,No,22,Yes,Yes,DSL,No,No,Yes,Yes,No,No,Two year,Yes,Mailed check,43.31,947.39,0,No
CUST-11591,Male,0,No,No,24,Yes,No,No,No internet service,No internet service,No internet service,No internet service,No internet service,No internet service,Month-to-month,No,Bank transfer (automatic),20.18,505.73,0,No
CUST-11592,Female,0,Yes,No,3,Yes,No,No,No internet service,No internet service,No internet service,No internet service,No internet service,No internet service,One year,Yes,Electronic check,18.0,40.95,0,No
CUST-11593,Female,0,Yes,No,40,Yes,Yes,Fiber optic,No,No,Yes,No,No,Yes,Month-to-month,No,Electronic check,85.96,3429.55,1,Yes
CUST-11594,Female,0,No,No,5,Yes,No,Fiber optic,Yes,No,Yes,No,No,No,Month-to-month,No,Mailed check,80.02,421.07,2,Yes
CUST-11595,Female,0,No,Yes,15,Yes,No,DSL,No,Yes,No,No,No,No,Month-to-month,Yes,Electronic check,57.68,870.28,4,Yes
CUST-11596,Female,0,No,Yes,31,Yes,No,Fiber optic,Yes,No,Yes,No,No,Yes,Month-to-month,Yes,Electronic check,78.67,2452.33,1,No
CUST-11597,Male,0,No,No,13,Yes,No,No,No internet service,No internet service,No internet service,No internet service,No internet service,No internet service,Two year,No,Electronic check,20.53,275.48,0,No
CUST-11598,Female,0,Yes,No,15,Yes,No,Fiber optic,Yes,Yes,No,No,Yes,No,Two year,Yes,Electronic check,90.01,1373.35,0,No
CUST-11599,Male,0,Yes,No,30,Yes,No,Fiber optic,No,No,No,Yes,Yes,Yes,One year,No,Mailed check,86.78,2593.59,0,No
CUST-11600,Female,0,Yes,No,31,Yes,No,No,No internet service,No internet service,No internet service,No internet service,No internet service,No internet service,Two year,Yes,Bank transfer (automatic),22.48,679.88,0,No
CUST-11601,Male,0,Yes,No,26,Yes,No,DSL,Yes,No,No,No,Yes,Yes,One year,No,Electronic check,62.93,1620.14,1,No
CUST-11602,Female,1,No,No,2,Yes,Yes,No,No internet service,No internet service,No internet service,No internet service,No internet service,No internet service,Month-to-month,Yes,Electronic check,18.0,0.0,2,No
CUST-11603,Male,0,No,No,4,Yes,Yes,Fiber optic,Yes,No,No,Yes,Yes,Yes,Month-to-month,No,Credit card (automatic),86.4,348.55,1,Yes
CUST-11604,Female,0,Yes,Yes,48,Yes,Yes,DSL,No,Yes,Yes,Yes,No,No,One year,Yes,Electronic check,61.92,2964.4,0,No
CUST-11605,Male,1,Yes,No,18,Yes,Yes,Fiber optic,No,No,No,Yes,Yes,Yes,Month-to-month,Yes,Bank transfer (automatic),96.5,1733.95,0,Yes
CUST-11606,Female,1,No,No,72,Yes,Yes,No,No internet service,No internet service,No internet service,No internet service,No internet service,No internet service,Month-to-month,No,Credit card (automatic),18.0,1260.91,2,No
CUST-11607,Male,0,No,No,30,Yes,Yes,Fiber optic,No,No,No,No,Yes,Yes,Two year,Yes,Electronic check,83.7,2514.09,0,No
CUST-11608,Female,1,No,Yes,72,No,No phone service,Fiber optic,No,Yes,No,No,No,Yes,Month-to-month,Yes,Electronic check,80.76,5807.81,1,Yes
CUST-11609,Male,0,No,No,21,Yes,Yes,No,No internet service,No internet service,No internet service,No internet service,No internet service,No internet service,Month-to-month,Yes,Credit card (automatic),22.39,488.11,0,No
CUST-11610,Male,0,No,No,17,Yes,Yes,No,No internet service,No internet service,No internet service,No internet service,No internet service,No internet service,Month-to-month,Yes,Electronic check,20.44,349.6,4,Yes
CUST-11611,Female,0,No,No,40,Yes,Yes,No,No internet service,No internet service,No internet service,No internet service,No internet service,No internet service,One year,Yes,Electronic check,18.0,714.44,0,No
CUST-11612,Female,0,Yes,Yes,55,Yes,No,Fiber optic,No,No,Yes,No,Yes,Yes,Month-to-month,No,Mailed check,89.52,4934.65,2,Yes
CUST-11613,Male,0,Yes,Yes,22,Yes,No,Fiber optic,No,No,No,Yes,Yes,Yes,Month-to-month,Yes,Electronic check,87.67,1922.67,1,No
CUST-11614,Female,0,Yes,No,39,Yes,No,No,No internet service,No internet service,No internet service,No internet service,No internet service,No internet service,Month-to-month,Yes,Credit card (automatic),28.01,1104.01,4,Yes
CUST-11615,Male,0,No,No,5,Yes,No,Fiber optic,No,Yes,No,Yes,No,No,Month-to-month,Yes,Electronic check,83.61,431.25,2,No
CUST-11616,Male,0,No,Yes,12,Yes,Yes,Fiber optic,No,Yes,Yes,No,No,No,Month-to-month,No,Mailed check,74.48,888.47,0,No
CUST-11617,Male,1,No,No,34,Yes,No,Fiber optic,Yes,Yes,No,No,Yes,No,Two year,No,Mailed check,89.98,3053.47,0,No
CUST-11618,Female,0,Yes,Yes,18,Yes,No,Fiber optic,No,Yes,No,Yes,No,Yes,Month-to-month,Yes,Mailed check,90.47,1657.06,3,Yes
CUST-11619,Male,1,Yes,No,31,Yes,No,DSL,No,Yes,Yes,No,Yes,No,One year,No,Mailed check,63.54,1967.83,1,No
CUST-11620,Male,1,Yes,No,34,Yes,No,DSL,No,Yes,Yes,No,Yes,No,One year,No,Credit card (automatic),68.26,2300.79,2,No
CUST-11621,Female,0,Yes,No,39,Yes,Yes,Fiber optic,Yes,No,Yes,No,Yes,Yes,Month-to-month,Yes,Credit card (automatic),82.58,3226.63,1,Yes
CUST-11622,Female,0,No,No,47,Yes,No,Fiber optic,No,No,Yes,No,Yes,Yes,Month-to-month,Yes,Electronic check,93.95,4438.15,3,Yes
CUST-11623,Female,0,No,No,48,Yes,No,No,No internet service,No internet service,No internet service,No internet service,No internet service,No internet service,Month-to-month,Yes,Mailed check,21.4,1024.93,0,No
CUST-11624,Female,1,No,No,9,Yes,No,DSL,Yes,Yes,No,No,Yes,No,One year,Yes,Electronic check,66.41,586.47,0,Yes
CUST-11625,Male,0,No,No,22,No,No phone service,DSL,Yes,Yes,No,No,Yes,Yes,Month-to-month,No,Mailed check,62.98,1399.26,0,No
CUST-11626,Male,0,No,No,21,Yes,Yes,No,No internet service,No internet service,No internet service,No internet service,No internet service,No internet service,Month-to-month,Yes,Electronic check,18.0,385.18,1,Yes
CUST-11627,Male,0,No,No,24,No,No phone service,Fiber optic,Yes,Yes,No,No,No,No,Month-to-month,No,Bank transfer (automatic),80.31,1921.21,1,No
CUST-11628,Male,0,Yes,No,20,Yes,No,Fiber optic,No,Yes,No,No,No,Yes,Month-to-month,Yes,Electronic check,81.68,1641.72,4,No
CUST-11629,Female,0,No,Yes,25,Yes,Yes,No,No internet service,No internet service,No internet service,No internet service,No internet service,No internet service,Month-to-month,No,Bank transfer (automatic),18.0,445.74,1,No
CUST-11630,Male,0,No,Yes,15,Yes,No,Fiber optic,Yes,No,Yes,No,Yes,Yes,Two year,Yes,Electronic check,94.97,1470.15,0,Yes
CUST-11631,Male,0,No,No,45,Yes,Yes,Fiber optic,No,No,No,No,Yes,No,Month-to-month,Yes,Credit card (automatic),77.28,3486.59,0,No
CUST-11632,Female,0,Yes,No,34,Yes,Yes,No,No internet service,No internet service,No internet service,No internet service,No internet service,No internet service,Month-to-month,No,Mailed check,27.63,963.32,1,No
CUST-11633,Male,1,Yes,Yes,15,Yes,Yes,DSL,No,Yes,No,No,No,Yes,One year,Yes,Credit card (automatic),56.31,840.89,0,No
CUST-11634,Male,0,Yes,No,25,Yes,No,Fiber optic,Yes,Yes,No,Yes,No,No,Two year,Yes,Bank transfer (automatic),92.98,2349.89,0,No
CUST-11635,Male,1,No,No,72,Yes,No,No,No internet service,No internet service,No internet service,No internet service,No internet service,No internet service,Month-to-month,No,Credit card (automatic),20.19,1453.51,1,No
CUST-11636,Male,0,Yes,No,10,Yes,No,Fiber optic,No,No,No,Yes,No,No,Month-to-month,No,Bank transfer (automatic),76.37,775.89,1,No
CUST-11637,Male,0,No,Yes,12,Yes,No,No,No internet service,No internet service,No internet service,No internet service,No internet service,No internet service,Month-to-month,Yes,Bank transfer (automatic),23.55,300.3,4,Yes
CUST-11638,Male,0,No,No,46,No,No phone service,DSL,Yes,No,No,Yes,Yes,Yes,Month-to-month,No,Electronic check,67.98,3133.08,1,No
CUST-11639,Female,0,Yes,No,69,Yes,Yes,DSL,No,No,No,No,No,Yes,Month-to-month,No,Mailed check,46.72,3214.22,2,No
CUST-11640,Female,1,No,No,32,Yes,No,Fiber optic,No,No,Yes,No,Yes,No,Month-to-month,Yes,Electronic check,74.34,2367.53,5,No
CUST-11641,Male,0,No,Yes,27,No,No phone service,Fiber optic,No,No,Yes,No,No,Yes,Month-to-month,Yes,Electronic check,76.59,2049.65,3,Yes
CUST-11642,Male,1,Yes,No,8,Yes,Yes,DSL,Yes,Yes,Yes,Yes,No,No,Two year,No,Bank transfer (automatic),69.03,505.13,1,Yes
CUST-11643,Female,0,No,No,17,Yes,No,DSL,No,Yes,Yes,Yes,Yes,Yes,Month-to-month,Yes,Electronic check,74.38,1283.21,1,No
CUST-11644,Male,0,Yes,No,17,Yes,No,No,No internet service,No internet service,No internet service,No internet service,No internet service,No internet service,Month-to-month,Yes,Mailed check,26.34,442.39,1,No
CUST-11645,Male,0,Yes,No,17,Yes,Yes,No,No internet service,No internet service,No internet service,No internet service,No internet service,No internet service,Two year,No,Electronic check,19.78,353.72,0,No
CUST-11646,Male,0,No,No,13,Yes,No,DSL,No,No,Yes,No,Yes,Yes,One year,No,Electronic check,63.52,808.08,3,No
CUST-11647,Female,0,No,No,8,Yes,Yes,Fiber optic,No,No,No,No,Yes,No,Month-to-month,Yes,Electronic check,79.77,638.26,1,Yes
CUST-11648,Male,1,No,Yes,40,Yes,Yes,Fiber optic,No,No,Yes,No,No,Yes,Month-to-month,Yes,Electronic check,74.04,2961.9,1,Yes
CUST-11649,Female,0,No,No,33,Yes,No,No,No internet service,No internet service,No internet service,No internet service,No internet service,No internet service,Two year,No,Electronic check,18.0,585.52,0,No
CUST-11650,Male,0,No,Yes,8,Yes,No,Fiber optic,No,Yes,No,Yes,No,Yes,Month-to-month,Yes,Mailed check,91.72,754.4,1,Yes
CUST-11651,Female,0,No,Yes,26,Yes,Yes,No,No internet service,No internet service,No internet service,No internet service,No internet service,No internet service,One year,No,Electronic check,18.0,486.67,0,No
CUST-11652,Female,0,No,No,19,Yes,No,No,No internet service,No internet service,No internet service,No internet service,No internet service,No internet service,Two year,No,Credit card (automatic),18.0,337.34,0,No
CUST-11653,Male,1,No,No,72,Yes,No,Fiber optic,Yes,Yes,Yes,No,Yes,Yes,Month-to-month,Yes,Credit card (automatic),100.83,7280.6,2,No
CUST-11654,Female,0,Yes,No,58,Yes,No,DSL,No,No,No,Yes,No,Yes,One year,No,Electronic check,49.22,2874.98,2,No
CUST-11655,Male,0,No,No,72,Yes,No,Fiber optic,No,Yes,No,No,Yes,Yes,Two year,No,Electronic check,81.3,5875.83,2,No
CUST-11656,Female,0,Yes,No,17,Yes,Yes,No,No internet service,No internet service,No internet service,No internet service,No internet service,No internet service,One year,Yes,Electronic check,19.56,361.4,0,No
CUST-11657,Male,0,No,Yes,4,Yes,No,Fiber optic,Yes,Yes,No,No,No,Yes,Month-to-month,Yes,Credit card (automatic),82.97,348.13,0,No
CUST-11658,Male,0,Yes,Yes,9,Yes,Yes,No,No internet service,No internet service,No internet service,No internet service,No internet service,No internet service,Two year,Yes,Bank transfer (automatic),18.0,182.66,0,No
CUST-11659,Female,0,No,Yes,17,Yes,Yes,No,No internet service,No internet service,No internet service,No internet service,No internet service,No internet service,One year,Yes,Bank transfer (automatic),19.45,327.75,1,No
CUST-11660,Male,0,Yes,No,20,Yes,No,Fiber optic,No,Yes,No,Yes,No,Yes,One year,Yes,Credit card (automatic),88.91,1774.0,0,No
CUST-11661,Male,0,Yes,Yes,72,Yes,Yes,Fiber optic,Yes,No,No,Yes,No,Yes,One year,Yes,Credit card (automatic),81.01,5834.33,1,No
CUST-11662,Female,0,No,No,45,Yes,Yes,Fiber optic,No,No,Yes,Yes,No,No,Month-to-month,Yes,Credit card (automatic),80.0,3597.95,2,No
CUST-11663,Male,0,Yes,No,33,No,No phone service,DSL,No,Yes,Yes,No,No,Yes,Month-to-month,Yes,Bank transfer (automatic),67.61,2240.07,1,No
CUST-11664,Male,0,No,Yes,59,Yes,No,Fiber optic,No,No,No,Yes,Yes,Yes,Month-to-month,Yes,Credit card (automatic),88.7,5235.13,2,No
CUST-11665,Female,0,Yes,Yes,37,Yes,No,DSL,Yes,No,No,No,No,Yes,Month-to-month,Yes,Credit card (automatic),50.96,1884.74,2,No
CUST-11666,Female,0,Yes,No,43,Yes,No,No,No internet service,No internet service,No internet service,No internet service,No internet service,No internet service,Month-to-month,Yes,Mailed check,25.63,1138.51,2,No
CUST-11667,Male,0,Yes,No,19,Yes,No,No,No internet service,No internet service,No internet service,No internet service,No internet service,No internet service,Month-to-month,Yes,Credit card (automatic),22.28,451.82,0,No
CUST-11668,Male,0,No,No,6,Yes,No,DSL,No,No,Yes,No,Yes,Yes,Month-to-month,No,Bank transfer (automatic),59.95,388.5,2,Yes
CUST-11669,Female,0,Yes,No,5,Yes,No,Fiber optic,No,Yes,Yes,No,Yes,Yes,Two year,Yes,Mailed check,95.04,459.13,0,No
CUST-11670,Female,0,No,No,5,Yes,No,Fiber optic,No,No,No,No,Yes,Yes,One year,No,Mailed check,77.37,389.95,0,No
CUST-11671,Male,1,Yes,No,40,Yes,Yes,Fiber optic,No,Yes,No,No,No,No,One year,Yes,Bank transfer (automatic),75.2,3017.38,0,No
CUST-11672,Female,0,Yes,No,12,Yes,No,Fiber optic,Yes,Yes,No,Yes,Yes,No,Month-to-month,No,Mailed check,90.21,1089.13,0,No
CUST-11673,Male,0,Yes,No,19,Yes,No,DSL,Yes,Yes,Yes,No,No,No,Month-to-month,Yes,Credit card (automatic),67.11,1248.08,1,No
CUST-11674,Male,0,Yes,No,7,Yes,Yes,DSL,No,No,No,No,Yes,No,Month-to-month,No,Electronic check,45.18,321.34,1,No
CUST-11675,Male,1,No,No,53,Yes,Yes,DSL,No,No,Yes,No,No,Yes,One year,Yes,Credit card (automatic),58.64,3096.51,0,No
CUST-11676,Male,0,No,No,25,Yes,No,No,No internet service,No internet service,No internet service,No internet service,No internet service,No internet service,One year,No,Electronic check,19.12,490.12,0,Yes
CUST-11677,Male,1,No,No,30,Yes,No,Fiber optic,No,Yes,Yes,Yes,No,Yes,Month-to-month,Yes,Electronic check,88.25,2643.14,1,Yes
CUST-11678,Female,0,Yes,Yes,32,Yes,Yes,No,No internet service,No internet service,No internet service,No internet service,No internet service,No internet service,One year,Yes,Credit card (automatic),18.0,546.44,1,No
CUST-11679,Female,0,Yes,No,35,Yes,Yes,Fiber optic,No,No,Yes,Yes,No,Yes,One year,Yes,Electronic check,91.52,3212.75,1,No
CUST-11680,Female,0,Yes,No,55,Yes,No,Fiber optic,Yes,No,No,No,Yes,No,One year,No,Credit card (automatic),84.21,4614.1,0,Yes
CUST-11681,Female,0,No,No,41,Yes,Yes,No,No internet service,No internet service,No internet service,No internet service,No internet service,No internet service,Month-to-month,No,Electronic check,18.0,766.81,2,No
CUST-11682,Male,1,Yes,Yes,10,Yes,No,No,No internet service,No internet service,No internet service,No internet service,No internet service,No internet service,Month-to-month,Yes,Credit card (automatic),23.06,215.11,3,No
CUST-11683,Male,0,No,No,12,Yes,No,DSL,No,Yes,No,No,No,Yes,Month-to-month,No,Electronic check,48.86,561.26,3,Yes
CUST-11684,Male,0,Yes,Yes,72,Yes,Yes,DSL,Yes,Yes,No,No,Yes,Yes,Month-to-month,No,Electronic check,68.86,4957.67,3,No
CUST-11685,Male,0,Yes,Yes,49,Yes,No,DSL,No,Yes,No,No,No,Yes,Month-to-month,Yes,Credit card (automatic),43.67,2152.64,1,Yes
CUST-11686,Female,0,Yes,Yes,72,Yes,Yes,No,No internet service,No internet service,No internet service,No internet service,No internet service,No internet service,Month-to-month,No,Electronic check,18.0,1243.23,0,No
CUST-11687,Male,0,Yes,No,21,Yes,No,No,No internet service,No internet service,No internet service,No internet service,No internet service,No internet service,Month-to-month,Yes,Credit card (automatic),21.97,484.22,2,No
CUST-11688,Male,0,No,No,69,Yes,Yes,DSL,Yes,No,No,No,No,Yes,Month-to-month,Yes,Credit card (automatic),64.04,4398.16,1,No
CUST-11689,Female,1,Yes,No,35,Yes,No,DSL,No,No,No,Yes,Yes,No,Month-to-month,No,Electronic check,63.11,2238.53,0,No
CUST-11690,Female,0,No,No,31,Yes,Yes,Fiber optic,No,Yes,Yes,No,Yes,Yes,Month-to-month,Yes,Mailed check,90.9,2794.6,4,No
CUST-11691,Female,0,Yes,No,25,Yes,No,Fiber optic,No,Yes,Yes,Yes,Yes,Yes,Month-to-month,No,Electronic check,101.85,2527.42,1,Yes
CUST-11692,Female,0,No,No,44,Yes,No,Fiber optic,Yes,Yes,Yes,No,Yes,No,Month-to-month,No,Electronic check,91.74,4028.17,0,No
CUST-11693,Male,0,Yes,Yes,37,Yes,No,No,No internet service,No internet service,No internet service,No internet service,No internet service,No internet service,One year,No,Mailed check,21.55,832.09,0,No
CUST-11694,Male,0,No,No,22,Yes,No,Fiber optic,Yes,No,Yes,Yes,Yes,Yes,Two year,Yes,Bank transfer (automatic),95.8,2148.73,0,No
CUST-11695,Female,1,No,No,15,Yes,No,DSL,Yes,Yes,Yes,No,No,No,Month-to-month,Yes,Credit card (automatic),65.53,967.27,1,Yes
CUST-11696,Male,0,No,No,22,Yes,No,DSL,No,No,No,Yes,No,No,Month-to-month,Yes,Electronic check,54.42,1170.5,2,Yes
CUST-11697,Male,0,Yes,No,25,Yes,No,Fiber optic,Yes,Yes,Yes,No,No,No,Two year,No,Electronic check,88.48,2248.34,0,No
CUST-11698,Male,0,No,No,18,Yes,Yes,DSL,Yes,No,Yes,No,No,Yes,One year,Yes,Bank transfer (automatic),54.56,944.36,0,No
CUST-11699,Female,1,Yes,Yes,11,Yes,No,No,No internet service,No internet service,No internet service,No internet service,No internet service,No internet service,Month-to-month,Yes,Electronic check,23.58,241.89,0,No
CUST-11700,Male,0,Yes,No,26,No,No phone service,Fiber optic,No,Yes,No,Yes,Yes,Yes,One year,Yes,Bank transfer (automatic),93.4,2435.03,2,No
CUST-11701,Female,0,Yes,Yes,34,Yes,No,Fiber optic,Yes,Yes,Yes,Yes,Yes,Yes,Month-to-month,Yes,Mailed check,104.64,3550.34,2,No
CUST-11702,Male,0,Yes,Yes,30,Yes,No,Fiber optic,No,Yes,Yes,No,No,No,One year,Yes,Credit card (automatic),61.77,1833.4,0,No
CUST-11703,Male,0,No,No,9,Yes,Yes,DSL,Yes,No,Yes,No,Yes,Yes,Two year,Yes,Bank transfer (automatic),57.09,478.43,0,No
CUST-11704,Male,0,Yes,No,72,Yes,Yes,DSL,No,Yes,No,No,No,Yes,Month-to-month,Yes,Mailed check,59.76,4285.02,2,Yes
CUST-11705,Female,0,No,Yes,72,Yes,No,Fiber optic,No,No,Yes,No,No,No,Two year,No,Bank transfer (automatic),84.95,6122.76,1,No
CUST-11706,Male,0,No,No,39,Yes,Yes,No,No internet service,No internet service,No internet service,No internet service,No internet service,No internet service,Month-to-month,No,Credit card (automatic),18.0,704.01,1,No
CUST-11707,Female,0,No,No,45,Yes,Yes,DSL,No,No,Yes,No,Yes,No,Month-to-month,No,Credit card (automatic),55.26,2463.3,3,Yes
CUST-11708,Female,0,No,No,30,Yes,Yes,Fiber optic,No,No,No,No,No,No,Month-to-month,Yes,Electronic check,56.5,1702.54,2,No
CUST-11709,Female,0,Yes,No,32,No,No phone service,Fiber optic,No,No,Yes,No,No,No,One year,No,Mailed check,73.52,2362.97,1,No
CUST-11710,Male,0,No,No,5,Yes,Yes,Fiber optic,No,Yes,No,No,No,No,Month-to-month,No,Mailed check,74.43,332.78,1,No
CUST-11711,Male,0,Yes,No,23,Yes,No,Fiber optic,Yes,No,Yes,Yes,No,Yes,One year,No,Mailed check,88.75,2033.43,0,Yes
CUST-11712,Male,0,No,No,23,Yes,No,No,No internet service,No internet service,No internet service,No internet service,No internet service,No internet service,One year,Yes,Electronic check,26.82,578.35,0,No
CUST-11713,Male,0,No,No,72,Yes,Yes,DSL,Yes,No,No,No,No,No,Month-to-month,No,Bank transfer (automatic),51.81,3764.14,1,No
CUST-11714,Female,0,No,No,20,Yes,No,Fiber optic,Yes,No,No,Yes,No,No,Month-to-month,Yes,Electronic check,78.07,1574.3,1,Yes
CUST-11715,Female,0,Yes,No,72,No,No phone service,No,No internet service,No internet service,No internet service,No internet service,No internet service,No internet service,Month-to-month,Yes,Electronic check,22.47,1614.29,1,Yes
CUST-11716,Female,0,Yes,Yes,25,Yes,No,No,No internet service,No internet service,No internet service,No internet service,No internet service,No internet service,One year,Yes,Electronic check,25.38,602.98,1,No
CUST-11717,Male,1,Yes,Yes,17,Yes,No,DSL,No,Yes,Yes,No,No,Yes,Two year,No,Electronic check,55.45,925.75,0,No
CUST-11718,Female,0,Yes,Yes,5,Yes,Yes,Fiber optic,No,Yes,No,No,No,Yes,Month-to-month,No,Electronic check,76.19,377.1,1,Yes
CUST-11719,Male,1,Yes,No,32,Yes,Yes,DSL,No,Yes,No,No,No,No,One year,Yes,Bank transfer (automatic),42.13,1375.25,0,No
CUST-11720,Female,0,No,No,13,Yes,No,No,No internet service,No internet service,No internet service,No internet service,No internet service,No internet service,Month-to-month,No,Credit card (automatic),18.69,252.86,1,Yes
CUST-11721,Male,0,Yes,No,6,Yes,Yes,Fiber optic,No,No,No,Yes,Yes,No,Month-to-month,Yes,Mailed check,82.24,498.64,1,Yes
CUST-11722,Male,0,No,No,39,Yes,No,DSL,No,No,No,No,Yes,Yes,Month-to-month,Yes,Electronic check,51.49,2008.8,2,No
CUST-11723,Female,0,No,No,33,Yes,No,Fiber optic,Yes,Yes,No,Yes,No,No,One year,Yes,Credit card (automatic),92.74,3070.82,0,No
CUST-11724,Female,0,No,No,35,Yes,No,Fiber optic,No,No,No,Yes,Yes,No,Two year,Yes,Electronic check,85.19,3011.22,0,Yes
CUST-11725,Female,0,Yes,No,25,Yes,Yes,DSL,No,No,Yes,Yes,Yes,Yes,Two year,Yes,Electronic check,62.24,1518.5,0,Yes
CUST-11726,Female,1,Yes,Yes,14,Yes,Yes,No,No internet service,No internet service,No internet service,No internet service,No internet service,No internet service,Month-to-month,Yes,Mailed check,18.0,260.4,0,No
CUST-11727,Male,1,Yes,Yes,10,Yes,Yes,DSL,No,No,Yes,No,Yes,No,One year,No,Mailed check,48.74,491.4,0,No
CUST-11728,Female,0,Yes,No,67,Yes,Yes,Fiber optic,No,Yes,Yes,No,Yes,Yes,Month-to-month,No,Credit card (automatic),89.64,6010.7,2,No
CUST-11729,Female,0,No,No,41,Yes,No,Fiber optic,Yes,Yes,Yes,No,Yes,No,Month-to-month,Yes,Credit card (automatic),99.43,4090.59,2,Yes
CUST-11730,Female,0,Yes,No,49,Yes,Yes,No,No internet service,No internet service,No internet service,No internet service,No internet service,No internet service,Month-to-month,Yes,Mailed check,18.0,896.19,4,No
CUST-11731,Male,0,No,Yes,22,No,No phone service,DSL,No,Yes,No,No,No,Yes,Month-to-month,Yes,Mailed check,58.63,1295.04,1,Yes
CUST-11732,Male,0,No,Yes,13,Yes,No,Fiber optic,Yes,Yes,No,No,No,No,One year,Yes,Electronic check,80.99,1048.62,1,No
CUST-11733,Female,1,No,No,11,Yes,Yes,DSL,No,Yes,Yes,No,No,Yes,Month-to-month,Yes,Mailed check,52.55,585.27,4,No
CUST-11734,Male,0,Yes,No,27,Yes,No,No,No internet service,No internet service,No internet service,No internet service,No internet service,No internet service,Two year,Yes,Credit card (automatic),24.15,646.02,2,No
CUST-11735,Female,0,Yes,No,13,No,No phone service,DSL,Yes,Yes,Yes,No,Yes,Yes,Month-to-month,Yes,Mailed check,69.82,914.14,2,No
CUST-11736,Male,0,No,No,4,Yes,Yes,Fiber optic,No,Yes,No,No,Yes,No,Month-to-month,Yes,Electronic check,77.95,323.75,0,No
CUST-11737,Male,0,No,No,38,Yes,No,Fiber optic,No,No,Yes,Yes,No,No,Month-to-month,Yes,Electronic check,80.81,3050.49,1,No
CUST-11738,Male,0,Yes,No,49,Yes,Yes,DSL,Yes,No,No,Yes,No,Yes,Month-to-month,No,Mailed check,59.91,2953.31,0,Yes
CUST-11739,Male,0,Yes,No,16,Yes,No,DSL,Yes,No,No,Yes,No,No,Two year,No,Bank transfer (automatic),60.79,986.49,0,No
CUST-11740,Female,0,Yes,No,5,Yes,Yes,DSL,No,Yes,No,Yes,Yes,No,Month-to-month,No,Mailed check,58.31,255.9,2,No
CUST-11741,Female,0,No,No,28,Yes,No,No,No internet service,No internet service,No internet service,No internet service,No internet service,No internet service,Two year,No,Bank transfer (automatic),21.0,550.74,0,No
CUST-11742,Female,0,Yes,No,22,Yes,No,Fiber optic,No,Yes,No,No,Yes,Yes,Month-to-month,Yes,Bank transfer (automatic),89.0,1974.81,0,No
CUST-11743,Male,1,No,No,18,No,No phone service,No,No internet service,No internet service,No internet service,No internet service,No internet service,No internet service,Month-to-month,No,Bank transfer (automatic),18.0,295.06,2,Yes
CUST-11744,Female,0,Yes,Yes,34,Yes,No,DSL,Yes,No,Yes,No,Yes,Yes,Month-to-month,Yes,Credit card (automatic),67.18,2270.89,1,No
CUST-11745,Female,0,No,No,27,Yes,Yes,DSL,No,No,Yes,Yes,Yes,No,Two year,No,Credit card (automatic),56.81,1522.17,0,No
CUST-11746,Female,0,No,No,33,Yes,No,No,No internet service,No internet service,No internet service,No internet service,No internet service,No internet service,Month-to-month,No,Electronic check,22.22,732.51,0,No
CUST-11747,Male,0,No,Yes,26,Yes,No,Fiber optic,Yes,No,Yes,Yes,Yes,No,Two year,Yes,Bank transfer (automatic),79.65,2084.2,0,No
CUST-11748,Male,0,Yes,No,13,Yes,No,No,No internet service,No internet service,No internet service,No internet service,No internet service,No internet service,Month-to-month,Yes,Bank transfer (automatic),26.46,366.96,2,No
CUST-11749,Male,0,Yes,Yes,12,No,No phone service,No,No internet service,No internet service,No internet service,No internet service,No internet service,No internet service,Month-to-month,Yes,Electronic check,18.0,206.25,1,No
CUST-11750,Female,0,Yes,No,25,Yes,No,No,No internet service,No internet service,No internet service,No internet service,No internet service,No internet service,One year,Yes,Credit card (automatic),20.73,534.38,3,Yes
CUST-11751,Female,0,No,No,47,Yes,No,DSL,Yes,No,No,No,Yes,No,Month-to-month,No,Electronic check,57.17,2698.25,0,Yes
CUST-11752,Female,0,No,Yes,27,Yes,Yes,DSL,No,No,Yes,No,Yes,Yes,Month-to-month,No,Credit card (automatic),58.88,1591.06,1,No
CUST-11753,Male,0,No,No,14,Yes,No,DSL,No,No,No,No,Yes,No,Two year,Yes,Electronic check,47.24,669.32,1,No
CUST-11754,Male,1,Yes,No,28,Yes,No,No,No internet service,No internet service,No internet service,No internet service,No internet service,No internet service,Month-to-month,Yes,Bank transfer (automatic),20.92,580.89,1,No
CUST-11755,Female,1,No,No,29,Yes,Yes,Fiber optic,No,No,Yes,Yes,No,No,Month-to-month,Yes,Electronic check,87.18,2525.34,1,Yes
CUST-11756,Male,0,Yes,No,13,Yes,Yes,Fiber optic,Yes,No,No,Yes,No,No,Month-to-month,No,Mailed check,83.32,1093.73,1,No
CUST-11757,Male,0,No,No,72,No,No phone service,No,No internet service,No internet service,No internet service,No internet service,No internet service,No internet service,Month-to-month,No,Electronic check,18.0,1271.53,0,No
CUST-11758,Male,0,Yes,No,45,Yes,Yes,Fiber optic,No,Yes,Yes,No,Yes,No,Month-to-month,Yes,Electronic check,92.92,4162.4,1,Yes
CUST-11759,Male,1,No,No,22,Yes,No,DSL,Yes,No,No,No,No,No,Month-to-month,No,Credit card (automatic),58.96,1306.59,2,No
CUST-11760,Female,0,Yes,Yes,72,Yes,Yes,Fiber optic,No,Yes,Yes,Yes,Yes,No,One year,No,Electronic check,90.57,6538.71,0,No
CUST-11761,Male,1,Yes,No,32,Yes,No,DSL,Yes,Yes,No,Yes,Yes,No,Month-to-month,Yes,Mailed check,68.38,2197.23,1,No
CUST-11762,Male,0,No,Yes,30,No,No phone service,Fiber optic,No,No,No,No,Yes,Yes,One year,No,Bank transfer (automatic),82.76,2475.38,1,No
CUST-11763,Male,0,Yes,No,63,Yes,Yes,DSL,Yes,No,Yes,No,Yes,Yes,Month-to-month,Yes,Electronic check,74.78,4710.22,0,No
CUST-11764,Male,0,No,No,45,Yes,No,DSL,No,Yes,No,No,No,No,Month-to-month,Yes,Electronic check,53.82,2394.14,1,No
CUST-11765,Female,1,No,Yes,35,Yes,No,No,No internet service,No internet service,No internet service,No internet service,No internet service,No internet service,Month-to-month,Yes,Electronic check,24.68,870.07,4,No
CUST-11766,Female,1,No,No,18,Yes,No,No,No internet service,No internet service,No internet service,No internet service,No internet service,No internet service,One year,No,Bank transfer (automatic),29.25,510.2,0,No
CUST-11767,Male,0,Yes,Yes,25,Yes,Yes,No,No internet service,No internet service,No internet service,No internet service,No internet service,No internet service,One year,Yes,Credit card (automatic),21.13,503.99,1,No
CUST-11768,Male,0,No,No,22,Yes,Yes,DSL,Yes,Yes,No,No,Yes,Yes,Month-to-month,No,Credit card (automatic),70.22,1572.99,1,Yes
CUST-11769,Male,0,No,No,15,Yes,Yes,No,No internet service,No internet service,No internet service,No internet service,No internet service,No internet service,Month-to-month,No,Credit card (automatic),21.46,324.09,1,Yes
CUST-11770,Male,0,Yes,No,72,Yes,No,Fiber optic,Yes,Yes,Yes,No,No,No,One year,No,Bank transfer (automatic),86.14,6183.16,1,No
CUST-11771,Male,0,No,No,46,Yes,No,No,No internet service,No internet service,No internet service,No internet service,No internet service,No internet service,Two year,No,Credit card (automatic),18.0,812.84,1,No
CUST-11772,Male,0,Yes,No,21,Yes,No,No,No internet service,No internet service,No internet service,No internet service,No internet service,No internet service,One year,Yes,Electronic check,18.0,380.65,0,No
CUST-11773,Female,0,Yes,No,33,Yes,No,No,No internet service,No internet service,No internet service,No internet service,No internet service,No internet service,Month-to-month,Yes,Mailed check,18.0,568.39,0,No
CUST-11774,Male,0,Yes,No,22,Yes,No,DSL,No,Yes,No,No,Yes,No,One year,Yes,Mailed check,57.93,1300.05,1,Yes
CUST-11775,Female,0,Yes,No,13,Yes,No,Fiber optic,No,Yes,No,No,Yes,No,One year,Yes,Electronic check,83.96,1047.29,1,Yes
CUST-11776,Female,0,Yes,No,4,No,No phone service,Fiber optic,No,No,Yes,Yes,No,Yes,Month-to-month,No,Credit card (automatic),81.15,319.07,0,Yes
CUST-11777,Male,0,No,No,35,Yes,No,DSL,Yes,No,No,Yes,Yes,No,Month-to-month,No,Electronic check,58.3,2040.09,1,No
CUST-11778,Female,0,No,No,26,Yes,No,Fiber optic,Yes,Yes,No,Yes,No,No,Month-to-month,Yes,Bank transfer (automatic),86.09,2231.72,2,Yes
CUST-11779,Female,0,Yes,No,54,Yes,No,DSL,No,No,No,No,Yes,Yes,Month-to-month,No,Mailed check,63.78,3459.13,0,No
CUST-11780,Female,0,No,No,16,Yes,Yes,No,No internet service,No internet service,No internet service,No internet service,No internet service,No internet service,Two year,No,Electronic check,18.27,299.29,0,No
CUST-11781,Female,0,No,No,55,Yes,Yes,No,No internet service,No internet service,No internet service,No internet service,No internet service,No internet service,Two year,No,Electronic check,27.81,1521.87,0,No
CUST-11782,Female,0,No,Yes,59,Yes,Yes,Fiber optic,Yes,Yes,No,No,No,Yes,Month-to-month,Yes,Mailed check,71.23,4188.49,2,No
CUST-11783,Female,0,No,No,49,Yes,Yes,Fiber optic,No,Yes,No,Yes,No,No,Month-to-month,No,Credit card (automatic),85.94,4198.11,1,Yes
CUST-11784,Male,0,No,No,44,Yes,No,DSL,No,No,No,No,No,No,One year,Yes,Bank transfer (automatic),38.26,1694.26,1,Yes
CUST-11785,Female,0,Yes,No,24,Yes,No,No,No internet service,No internet service,No internet service,No internet service,No internet service,No internet service,Month-to-month,Yes,Mailed check,19.37,450.57,1,No
CUST-11786,Female,1,Yes,No,54,Yes,No,DSL,No,No,No,No,No,Yes,Month-to-month,Yes,Electronic check,45.94,2529.48,3,No
CUST-11787,Female,1,Yes,No,48,Yes,No,Fiber optic,No,No,No,No,No,Yes,Month-to-month,Yes,Mailed check,74.25,3572.42,1,Yes
CUST-11788,Male,0,No,No,28,Yes,Yes,No,No internet service,No internet service,No internet service,No internet service,No internet service,No internet service,Month-to-month,Yes,Electronic check,18.66,524.34,0,No
CUST-11789,Female,0,Yes,No,6,Yes,No,Fiber optic,No,No,No,Yes,No,No,Month-to-month,Yes,Bank transfer (automatic),71.82,428.9,2,No
CUST-11790,Male,0,No,No,21,Yes,No,Fiber optic,No,Yes,Yes,Yes,No,Yes,One year,No,Electronic check,91.7,1904.8,1,Yes
CUST-11791,Female,1,Yes,Yes,50,Yes,No,DSL,No,No,Yes,No,No,No,Month-to-month,No,Bank transfer (automatic),51.23,2577.02,1,No
CUST-11792,Male,0,No,No,32,Yes,Yes,DSL,No,No,No,No,No,Yes,Two year,No,Bank transfer (automatic),44.64,1404.79,0,No
CUST-11793,Male,0,Yes,No,17,Yes,Yes,Fiber optic,No,Yes,No,Yes,No,Yes,Two year,Yes,Mailed check,81.53,1419.11,1,No
CUST-11794,Female,0,Yes,No,26,Yes,No,DSL,No,No,Yes,Yes,No,Yes,One year,No,Bank transfer (automatic),68.44,1799.02,2,No
CUST-11795,Female,0,Yes,Yes,28,Yes,No,DSL,No,No,No,No,No,No,Month-to-month,No,Bank transfer (automatic),44.67,1263.97,4,No
CUST-11796,Male,0,Yes,Yes,12,Yes,No,Fiber optic,No,No,Yes,No,Yes,No,Month-to-month,Yes,Electronic check,81.35,992.02,3,Yes
CUST-11797,Female,0,Yes,Yes,17,Yes,No,Fiber optic,No,No,No,Yes,No,Yes,One year,No,Bank transfer (automatic),76.73,1310.79,0,No
CUST-11798,Male,0,No,Yes,72,Yes,Yes,Fiber optic,Yes,No,No,No,Yes,No,Two year,No,Bank transfer (automatic),81.63,5880.03,1,Yes
CUST-11799,Male,0,Yes,No,1,Yes,No,Fiber optic,No,No,No,No,Yes,No,Month-to-month,Yes,Mailed check,72.65,66.34,1,No
CUST-11800,Male,0,Yes,No,26,No,No phone service,Fiber optic,No,No,Yes,Yes,Yes,No,Month-to-month,No,Electronic check,89.35,2319.01,2,Yes
CUST-11801,Male,0,No,No,50,Yes,No,DSL,No,No,Yes,Yes,Yes,Yes,Month-to-month,No,Electronic check,64.55,3215.74,1,No
CUST-11802,Male,1,Yes,No,26,Yes,Yes,DSL,No,No,No,No,No,No,Month-to-month,No,Credit card (automatic),43.73,1140.53,1,No
CUST-11803,Female,0,No,No,16,Yes,Yes,No,No internet service,No internet service,No internet service,No internet service,No internet service,No internet service,Month-to-month,No,Mailed check,30.19,519.33,1,Yes
CUST-11804,Male,0,No,No,19,Yes,Yes,Fiber optic,Yes,No,No,No,Yes,Yes,Two year,No,Electronic check,89.06,1702.01,0,No
CUST-11805,Male,0,Yes,No,72,No,No phone service,Fiber optic,Yes,No,Yes,No,Yes,No,Month-to-month,No,Electronic check,85.48,6131.05,1,No
CUST-11806,Female,0,Yes,No,40,Yes,No,Fiber optic,No,Yes,Yes,Yes,No,No,Month-to-month,No,Electronic check,86.67,3492.0,0,No
CUST-11807,Male,1,Yes,No,39,Yes,No,DSL,No,Yes,Yes,No,Yes,No,Two year,No,Electronic check,67.34,2603.16,3,No
CUST-11808,Female,0,No,No,24,Yes,Yes,DSL,Yes,Yes,No,Yes,Yes,Yes,Month-to-month,No,Mailed check,67.0,1632.93,0,No
CUST-11809,Female,1,No,Yes,30,Yes,No,Fiber optic,Yes,Yes,No,Yes,No,No,Two year,No,Mailed check,86.41,2598.3,1,No
CUST-11810,Female,0,No,No,11,Yes,Yes,Fiber optic,Yes,Yes,No,No,Yes,No,Month-to-month,Yes,Credit card (automatic),86.6,957.53,2,Yes
CUST-11811,Male,1,No,No,72,Yes,Yes,Fiber optic,Yes,No,No,No,Yes,Yes,Two year,No,Credit card (automatic),87.32,6309.79,0,No
CUST-11812,Male,0,Yes,No,42,Yes,Yes,DSL,No,Yes,No,No,No,Yes,Month-to-month,Yes,Mailed check,53.22,2264.85,0,Yes
CUST-11813,Male,0,No,No,26,No,No phone service,DSL,Yes,No,No,No,Yes,Yes,Two year,Yes,Credit card (automatic),60.29,1561.61,1,No
CUST-11814,Female,0,No,No,29,Yes,No,Fiber optic,No,No,No,No,Yes,No,Month-to-month,Yes,Mailed check,65.96,1876.6,0,Yes
CUST-11815,Male,1,No,Yes,36,Yes,Yes,Fiber optic,Yes,Yes,No,No,Yes,No,Month-to-month,Yes,Bank transfer (automatic),89.47,3236.0,1,No
CUST-11816,Female,1,No,No,11,Yes,Yes,No,No internet service,No internet service,No internet service,No internet service,No internet service,No internet service,Month-to-month,Yes,Electronic check,18.0,178.08,2,Yes
CUST-11817,Male,0,No,Yes,20,Yes,No,DSL,No,Yes,No,Yes,No,Yes,Month-to-month,No,Electronic check,70.92,1402.67,1,Yes
CUST-11818,Female,1,Yes,No,11,Yes,No,No,No internet service,No internet service,No internet service,No internet service,No internet service,No internet service,Month-to-month,No,Electronic check,20.1,227.15,1,No
CUST-11819,Male,0,Yes,No,42,Yes,Yes,No,No internet service,No internet service,No internet service,No internet service,No internet service,No internet service,Two year,Yes,Electronic check,18.0,747.31,2,No
CUST-11820,Male,0,No,Yes,8,Yes,Yes,Fiber optic,No,No,Yes,Yes,Yes,No,Month-to-month,No,Bank transfer (automatic),78.98,617.96,3,No
CUST-11821,Male,0,Yes,No,12,Yes,No,Fiber optic,No,Yes,Yes,Yes,Yes,No,One year,No,Electronic check,90.61,1079.55,0,No
CUST-11822,Female,0,No,Yes,46,Yes,No,No,No internet service,No internet service,No internet service,No internet service,No internet service,No internet service,Month-to-month,Yes,Electronic check,22.24,1046.81,1,No
CUST-11823,Female,0,Yes,Yes,30,Yes,Yes,DSL,No,Yes,No,No,No,No,Two year,Yes,Credit card (automatic),52.78,1573.42,0,No
CUST-11824,Male,0,No,No,72,Yes,Yes,DSL,No,Yes,No,Yes,Yes,Yes,Month-to-month,Yes,Bank transfer (automatic),62.23,4481.1,1,No
CUST-11825,Male,0,No,Yes,20,Yes,No,DSL,No,Yes,No,Yes,No,No,Two year,No,Mailed check,72.15,1467.31,0,No
CUST-11826,Female,0,Yes,No,23,Yes,No,Fiber optic,Yes,No,No,No,Yes,Yes,Month-to-month,Yes,Electronic check,91.38,2096.99,1,No
CUST-11827,Female,0,No,Yes,66,Yes,No,DSL,Yes,No,No,Yes,No,No,Month-to-month,No,Credit card (automatic),62.9,4131.69,1,No
CUST-11828,Female,0,No,Yes,55,Yes,No,No,No internet service,No internet service,No internet service,No internet service,No internet service,No internet service,Month-to-month,Yes,Electronic check,21.73,1189.52,2,No
CUST-11829,Male,0,No,No,47,Yes,No,Fiber optic,No,Yes,Yes,No,Yes,No,One year,Yes,Bank transfer (automatic),81.45,3787.77,1,No
CUST-11830,Female,0,Yes,No,14,Yes,No,No,No internet service,No internet service,No internet service,No internet service,No internet service,No internet service,One year,Yes,Bank transfer (automatic),20.67,291.7,0,No
CUST-11831,Male,0,Yes,Yes,15,Yes,No,DSL,No,No,No,Yes,No,Yes,One year,Yes,Mailed check,55.25,821.39,0,No
CUST-11832,Female,0,Yes,No,24,Yes,No,Fiber optic,Yes,Yes,Yes,No,Yes,No,Month-to-month,No,Credit card (automatic),95.95,2280.49,2,No
CUST-11833,Male,0,Yes,No,24,Yes,No,Fiber optic,No,Yes,Yes,No,Yes,No,One year,Yes,Electronic check,84.55,2075.15,1,Yes
CUST-11834,Female,0,No,No,14,Yes,No,Fiber optic,No,No,No,No,No,Yes,Two year,Yes,Credit card (automatic),74.07,1016.49,1,No
CUST-11835,Female,0,No,Yes,19,No,No phone service,No,No internet service,No internet service,No internet service,No internet service,No internet service,No internet service,Month-to-month,Yes,Mailed check,18.0,362.59,4,No
CUST-11836,Female,0,No,No,25,Yes,No,Fiber optic,No,No,No,Yes,Yes,Yes,Month-to-month,No,Bank transfer (automatic),87.49,2200.24,1,Yes
CUST-11837,Female,0,No,No,53,Yes,Yes,DSL,No,Yes,No,No,Yes,No,One year,No,Credit card (automatic),51.55,2723.89,0,No
CUST-11838,Female,0,No,Yes,63,Yes,No,No,No internet service,No internet service,No internet service,No internet service,No internet service,No internet service,Month-to-month,No,Bank transfer (automatic),19.19,1219.13,3,No
CUST-11839,Male,0,Yes,No,41,Yes,No,Fiber optic,No,No,No,Yes,No,No,One year,No,Credit card (automatic),74.1,3031.06,0,No
CUST-11840,Female,1,No,No,7,Yes,Yes,DSL,Yes,No,No,Yes,Yes,No,Month-to-month,No,Electronic check,54.66,374.13,2,No
CUST-11841,Female,1,Yes,No,58,Yes,No,Fiber optic,Yes,No,No,No,Yes,Yes,Two year,Yes,Credit card (automatic),83.84,4856.29,2,No
CUST-11842,Female,0,No,No,41,Yes,Yes,Fiber optic,No,No,No,No,Yes,Yes,Two year,Yes,Bank transfer (automatic),77.89,3208.76,0,Yes
CUST-11843,Male,0,Yes,No,48,Yes,No,Fiber optic,No,Yes,Yes,Yes,No,No,One year,Yes,Credit card (automatic),88.14,4236.48,0,Yes
CUST-11844,Female,0,Yes,No,15,Yes,No,Fiber optic,No,No,No,No,No,No,Month-to-month,Yes,Credit card (automatic),65.99,995.42,4,Yes
CUST-11845,Male,0,No,No,68,Yes,No,Fiber optic,No,Yes,Yes,Yes,No,Yes,Month-to-month,No,Electronic check,94.96,6422.9,0,Yes
CUST-11846,Female,1,No,No,22,Yes,Yes,DSL,No,Yes,Yes,Yes,Yes,No,Two year,No,Mailed check,69.66,1540.13,0,No
CUST-11847,Female,0,No,No,14,Yes,No,DSL,Yes,No,Yes,Yes,Yes,Yes,One year,Yes,Credit card (automatic),70.0,957.89,0,No
CUST-11848,Male,0,No,No,44,Yes,Yes,Fiber optic,Yes,No,No,No,No,No,One year,Yes,Bank transfer (automatic),74.66,3263.4,0,No
CUST-11849,Female,0,Yes,No,25,Yes,No,Fiber optic,Yes,Yes,Yes,No,Yes,Yes,Month-to-month,No,Mailed check,98.62,2464.3,1,No
CUST-11850,Male,1,No,No,40,Yes,No,DSL,No,Yes,Yes,Yes,No,Yes,Month-to-month,No,Electronic check,64.51,2613.44,0,No
CUST-11851,Male,0,Yes,Yes,19,Yes,No,DSL,No,No,No,Yes,No,No,Month-to-month,Yes,Mailed check,52.38,1005.06,2,No
CUST-11852,Female,0,No,No,10,Yes,Yes,No,No internet service,No internet service,No internet service,No internet service,No internet service,No internet service,Month-to-month,Yes,Bank transfer (automatic),24.47,219.12,0,No
CUST-11853,Male,0,No,No,19,Yes,No,No,No internet service,No internet service,No internet service,No internet service,No internet service,No internet service,One year,No,Bank transfer (automatic),25.94,537.53,0,No
CUST-11854,Female,0,Yes,No,8,Yes,No,Fiber optic,Yes,No,No,No,No,No,One year,No,Mailed check,80.81,626.39,1,No
CUST-11855,Female,0,No,No,41,Yes,No,DSL,Yes,No,Yes,No,Yes,Yes,Month-to-month,Yes,Electronic check,67.75,2799.49,3,Yes
CUST-11856,Male,0,No,No,1,Yes,Yes,Fiber optic,Yes,No,No,Yes,No,Yes,One year,Yes,Bank transfer (automatic),83.34,111.6,1,No
CUST-11857,Male,1,Yes,Yes,55,Yes,Yes,DSL,No,No,No,No,Yes,Yes,Two year,Yes,Credit card (automatic),62.27,3428.43,0,Yes
CUST-11858,Male,1,No,No,9,Yes,No,Fiber optic,Yes,No,No,No,No,No,One year,No,Mailed check,75.19,651.22,0,No
CUST-11859,Male,1,No,Yes,51,Yes,No,Fiber optic,No,No,Yes,Yes,No,Yes,Month-to-month,Yes,Credit card (automatic),88.32,4507.09,1,Yes
CUST-11860,Female,0,No,No,38,Yes,No,Fiber optic,Yes,No,No,No,Yes,Yes,Month-to-month,No,Mailed check,72.72,2761.79,2,No
CUST-11861,Female,0,Yes,No,3,Yes,No,DSL,No,No,No,Yes,No,Yes,Two year,Yes,Credit card (automatic),64.8,156.19,0,No
CUST-11862,Male,0,Yes,Yes,30,No,No phone service,Fiber optic,No,No,No,No,Yes,No,Month-to-month,No,Bank transfer (automatic),83.67,2503.5,1,No
CUST-11863,Female,0,No,No,7,Yes,No,No,No internet service,No internet service,No internet service,No internet service,No internet service,No internet service,Two year,No,Credit card (automatic),18.0,100.15,0,No
CUST-11864,Female,0,Yes,No,30,Yes,No,Fiber optic,Yes,No,No,No,No,Yes,One year,Yes,Credit card (automatic),79.27,2377.54,0,No
CUST-11865,Female,0,No,No,15,No,No phone service,Fiber optic,Yes,No,No,Yes,No,No,Two year,Yes,Electronic check,78.34,1189.34,1,No
CUST-11866,Female,0,Yes,No,3,Yes,No,DSL,No,No,Yes,No,Yes,No,Two year,Yes,Credit card (automatic),48.45,141.57,1,No
CUST-11867,Male,0,No,Yes,37,Yes,Yes,Fiber optic,Yes,No,No,No,No,No,One year,No,Bank transfer (automatic),71.36,2663.99,0,No
CUST-11868,Male,0,No,Yes,24,Yes,Yes,Fiber optic,No,Yes,No,No,Yes,No,Month-to-month,Yes,Electronic check,91.91,2215.61,2,No
CUST-11869,Female,0,Yes,No,26,Yes,Yes,DSL,No,No,Yes,No,Yes,No,Month-to-month,No,Electronic check,57.77,1483.77,0,No
CUST-11870,Male,0,Yes,No,4,Yes,No,Fiber optic,No,Yes,Yes,No,Yes,Yes,Month-to-month,No,Mailed check,98.9,381.78,1,Yes
CUST-11871,Male,0,No,No,3,Yes,Yes,Fiber optic,No,Yes,No,No,No,Yes,Month-to-month,Yes,Bank transfer (automatic),80.8,267.61,0,No
CUST-11872,Male,0,No,Yes,20,Yes,Yes,Fiber optic,Yes,No,No,No,Yes,Yes,Month-to-month,No,Bank transfer (automatic),75.75,1510.7,0,No
CUST-11873,Female,0,Yes,No,50,Yes,No,DSL,No,Yes,No,No,No,No,Month-to-month,No,Mailed check,49.16,2513.03,0,No
CUST-11874,Female,0,No,No,42,Yes,No,DSL,No,No,No,Yes,No,No,Month-to-month,No,Electronic check,50.1,2081.44,0,No
CUST-11875,Female,0,Yes,No,36,Yes,Yes,No,No internet service,No internet service,No internet service,No internet service,No internet service,No internet service,Month-to-month,No,Mailed check,18.04,672.22,1,Yes
CUST-11876,Male,0,Yes,Yes,61,Yes,No,Fiber optic,Yes,No,No,Yes,No,No,Two year,No,Electronic check,72.27,4373.59,0,No
CUST-11877,Female,0,No,No,16,Yes,No,DSL,Yes,No,No,No,Yes,No,One year,Yes,Mailed check,60.32,901.59,1,No
CUST-11878,Female,0,Yes,Yes,37,Yes,No,No,No internet service,No internet service,No internet service,No internet service,No internet service,No internet service,Two year,No,Credit card (automatic),18.0,675.5,1,No
CUST-11879,Male,0,No,Yes,5,Yes,Yes,DSL,No,Yes,No,Yes,No,No,Month-to-month,Yes,Credit card (automatic),53.89,225.23,2,No
CUST-11880,Female,0,Yes,No,72,Yes,Yes,Fiber optic,Yes,Yes,No,Yes,No,Yes,Month-to-month,No,Electronic check,95.76,6921.29,0,No
CUST-11881,Female,0,Yes,No,13,Yes,Yes,DSL,No,Yes,No,Yes,Yes,No,Month-to-month,No,Bank transfer (automatic),56.86,764.58,2,No
CUST-11882,Male,0,Yes,No,35,Yes,No,No,No internet service,No internet service,No internet service,No internet service,No internet service,No internet service,Month-to-month,Yes,Mailed check,20.0,685.37,5,No
CUST-11883,Male,0,No,No,72,Yes,Yes,Fiber optic,No,Yes,No,Yes,Yes,Yes,One year,Yes,Electronic check,93.95,6754.36,1,No
CUST-11884,Male,0,No,No,19,Yes,No,Fiber optic,Yes,Yes,No,No,No,No,Month-to-month,Yes,Credit card (automatic),91.0,1684.71,2,No
CUST-11885,Female,1,No,No,35,Yes,No,Fiber optic,No,No,No,No,Yes,Yes,Month-to-month,Yes,Mailed check,80.02,2768.28,2,Yes
CUST-11886,Female,0,Yes,No,29,No,No phone service,DSL,No,Yes,No,No,Yes,No,One year,No,Mailed check,59.87,1712.9,2,No
CUST-11887,Female,0,Yes,No,18,No,No phone service,Fiber optic,Yes,No,No,No,No,No,One year,No,Bank transfer (automatic),73.57,1299.69,0,Yes
CUST-11888,Male,0,No,Yes,15,Yes,Yes,Fiber optic,No,No,Yes,No,No,Yes,One year,Yes,Electronic check,88.85,1336.38,1,Yes
CUST-11889,Male,0,Yes,Yes,8,Yes,No,No,No internet service,No internet service,No internet service,No internet service,No internet service,No internet service,Month-to-month,Yes,Electronic check,18.0,175.14,1,Yes
CUST-11890,Female,0,No,No,22,Yes,No,No,No internet service,No internet service,No internet service,No internet service,No internet service,No internet service,Month-to-month,No,Electronic check,18.0,388.16,1,No
CUST-11891,Female,0,Yes,No,14,Yes,Yes,No,No internet service,No internet service,No internet service,No internet service,No internet service,No internet service,Month-to-month,Yes,Mailed check,20.66,288.22,0,Yes
CUST-11892,Male,0,No,Yes,13,Yes,Yes,DSL,Yes,No,No,No,No,Yes,Two year,No,Electronic check,53.22,696.92,1,No
CUST-11893,Male,0,Yes,No,39,Yes,No,DSL,No,No,No,No,Yes,No,Two year,Yes,Credit card (automatic),53.74,2073.25,0,No
CUST-11894,Male,0,No,No,28,Yes,Yes,Fiber optic,No,No,No,Yes,Yes,No,Month-to-month,No,Bank transfer (automatic),84.95,2381.06,2,Yes
CUST-11895,Male,0,Yes,No,52,Yes,No,Fiber optic,Yes,No,Yes,No,No,No,Month-to-month,Yes,Credit card (automatic),71.89,3724.96,1,No
CUST-11896,Female,0,Yes,Yes,18,Yes,No,Fiber optic,Yes,No,No,No,No,Yes,One year,Yes,Credit card (automatic),86.28,1586.51,1,Yes
CUST-11897,Male,0,Yes,No,9,Yes,No,No,No internet service,No internet service,No internet service,No internet service,No internet service,No internet service,Month-to-month,Yes,Bank transfer (automatic),21.42,183.5,2,Yes
CUST-11898,Female,0,Yes,No,40,Yes,Yes,No,No internet service,No internet service,No internet service,No internet service,No internet service,No internet service,Two year,No,Electronic check,29.55,1188.67,0,No
CUST-11899,Female,1,Yes,No,41,Yes,No,DSL,No,No,Yes,No,No,Yes,One year,Yes,Bank transfer (automatic),53.5,2189.57,1,Yes
CUST-11900,Female,0,No,Yes,31,Yes,Yes,No,No internet service,No internet service,No internet service,No internet service,No internet service,No internet service,Month-to-month,No,Electronic check,23.74,728.33,2,No
CUST-11901,Male,0,No,Yes,13,Yes,Yes,Fiber optic,No,No,No,No,Yes,No,Month-to-month,Yes,Electronic check,78.54,1029.65,4,Yes
CUST-11902,Male,0,No,No,26,Yes,Yes,Fiber optic,No,No,No,No,No,No,Two year,Yes,Bank transfer (automatic),77.43,2004.33,0,No
CUST-11903,Male,0,No,No,9,Yes,No,Fiber optic,No,No,No,Yes,Yes,No,Month-to-month,Yes,Bank transfer (automatic),67.63,605.36,3,No
CUST-11904,Male,1,No,No,13,Yes,Yes,No,No internet service,No internet service,No internet service,No internet service,No internet service,No internet service,One year,Yes,Electronic check,18.0,227.26,1,No
CUST-11905,Female,0,Yes,No,57,Yes,No,Fiber optic,Yes,Yes,No,No,No,Yes,Month-to-month,Yes,Mailed check,91.72,5271.1,3,No
CUST-11906,Male,1,Yes,No,16,Yes,Yes,DSL,Yes,Yes,No,Yes,No,Yes,Month-to-month,Yes,Electronic check,74.15,1183.59,3,No
CUST-11907,Male,0,Yes,Yes,48,Yes,Yes,Fiber optic,Yes,Yes,No,Yes,Yes,Yes,One year,No,Bank transfer (automatic),100.98,4861.38,0,No
CUST-11908,Female,0,No,No,33,Yes,No,No,No internet service,No internet service,No internet service,No internet service,No internet service,No internet service,Month-to-month,No,Credit card (automatic),18.0,579.85,1,Yes
CUST-11909,Male,0,Yes,Yes,72,Yes,No,No,No internet service,No internet service,No internet service,No internet service,No internet service,No internet service,Month-to-month,No,Bank transfer (automatic),18.44,1321.47,1,No
CUST-11910,Female,1,Yes,No,32,Yes,No,DSL,No,No,Yes,No,Yes,No,Month-to-month,Yes,Credit card (automatic),61.15,1978.18,0,No
CUST-11911,Female,0,No,No,30,Yes,Yes,Fiber optic,No,Yes,No,No,Yes,No,One year,Yes,Mailed check,79.57,2392.7,0,No
CUST-11912,Female,0,Yes,No,5,Yes,No,DSL,No,Yes,Yes,No,Yes,Yes,One year,Yes,Electronic check,66.32,368.8,0,Yes
CUST-11913,Female,0,No,Yes,14,Yes,Yes,Fiber optic,No,No,No,No,Yes,Yes,Month-to-month,Yes,Bank transfer (automatic),88.12,1223.06,0,No
CUST-11914,Female,0,No,Yes,20,Yes,Yes,Fiber optic,No,Yes,Yes,No,No,No,One year,Yes,Electronic check,83.93,1716.82,2,No
CUST-11915,Female,1,Yes,No,72,Yes,No,Fiber optic,Yes,Yes,Yes,No,No,No,Month-to-month,Yes,Mailed check,86.96,6260.24,2,No
CUST-11916,Female,0,Yes,No,15,Yes,Yes,DSL,No,No,Yes,No,No,No,Month-to-month,Yes,Bank transfer (automatic),52.42,783.97,0,Yes
CUST-11917,Female,0,No,No,9,Yes,No,Fiber optic,No,No,No,No,Yes,No,One year,Yes,Credit card (automatic),79.1,720.67,1,No
CUST-11918,Male,0,No,No,6,Yes,No,No,No internet service,No internet service,No internet service,No internet service,No internet service,No internet service,One year,Yes,Mailed check,19.57,113.18,0,No
CUST-11919,Male,0,Yes,No,5,Yes,No,Fiber optic,No,No,No,Yes,Yes,Yes,Month-to-month,Yes,Credit card (automatic),89.31,464.36,3,Yes
CUST-11920,Male,1,No,No,72,Yes,No,DSL,No,Yes,Yes,No,No,Yes,Month-to-month,Yes,Mailed check,57.17,4113.52,1,No
CUST-11921,Male,0,No,Yes,29,Yes,Yes,DSL,Yes,No,No,No,No,No,Month-to-month,No,Electronic check,54.75,1575.87,1,Yes
CUST-11922,Female,0,Yes,No,10,Yes,No,DSL,No,No,Yes,No,Yes,No,Two year,Yes,Mailed check,53.97,538.57,2,Yes
CUST-11923,Male,1,Yes,No,62,Yes,Yes,DSL,No,No,No,No,Yes,Yes,Month-to-month,Yes,Credit card (automatic),51.94,3174.31,1,No
CUST-11924,Female,0,No,No,72,Yes,No,No,No internet service,No internet service,No internet service,No internet service,No internet service,No internet service,Month-to-month,Yes,Mailed check,25.98,1857.8,2,Yes
CUST-11925,Male,0,Yes,No,11,Yes,Yes,Fiber optic,No,No,No,No,No,No,Month-to-month,Yes,Bank transfer (automatic),71.76,799.04,4,Yes
CUST-11926,Male,0,No,Yes,17,Yes,Yes,DSL,Yes,Yes,Yes,No,Yes,Yes,Month-to-month,No,Mailed check,73.74,1279.49,0,No
CUST-11927,Male,0,Yes,Yes,55,Yes,No,DSL,Yes,No,No,Yes,No,No,One year,Yes,Mailed check,58.26,3221.06,2,No
CUST-11928,Female,0,No,Yes,41,No,No phone service,No,No internet service,No internet service,No internet service,No internet service,No internet service,No internet service,Month-to-month,Yes,Electronic check,18.0,741.75,0,No
CUST-11929,Male,1,No,No,22,Yes,Yes,Fiber optic,No,No,No,No,Yes,Yes,Month-to-month,No,Electronic check,84.72,1864.33,2,Yes
CUST-11930,Female,0,No,No,56,Yes,No,Fiber optic,No,No,No,Yes,No,Yes,Month-to-month,No,Electronic check,80.3,4490.98,2,Yes
CUST-11931,Female,0,Yes,No,5,Yes,No,Fiber optic,No,Yes,No,No,No,No,Month-to-month,No,Mailed check,83.36,415.46,1,Yes
CUST-11932,Male,1,Yes,Yes,9,Yes,Yes,DSL,No,No,Yes,No,Yes,Yes,Month-to-month,No,Credit card (automatic),73.91,677.33,2,No
CUST-11933,Male,0,No,Yes,13,Yes,No,No,No internet service,No internet service,No internet service,No internet service,No internet service,No internet service,Month-to-month,Yes,Credit card (automatic),21.69,266.62,1,No
CUST-11934,Male,0,Yes,Yes,12,No,No phone service,DSL,No,No,No,Yes,Yes,Yes,Month-to-month,Yes,Electronic check,63.73,763.77,0,Yes
CUST-11935,Female,0,Yes,No,2,Yes,No,Fiber optic,Yes,Yes,Yes,No,Yes,Yes,One year,No,Mailed check,98.45,217.09,0,Yes
CUST-11936,Male,1,No,Yes,18,Yes,No,DSL,Yes,No,No,No,Yes,Yes,One year,No,Mailed check,52.34,957.85,0,Yes
CUST-11937,Female,0,Yes,Yes,37,Yes,Yes,Fiber optic,Yes,Yes,No,No,No,No,Month-to-month,No,Bank transfer (automatic),73.45,2724.91,0,No
CUST-11938,Female,0,Yes,No,46,Yes,Yes,No,No internet service,No internet service,No internet service,No internet service,No internet service,No internet service,Month-to-month,Yes,Bank transfer (automatic),18.0,809.05,0,Yes
CUST-11939,Male,0,Yes,No,43,Yes,No,Fiber optic,No,No,No,No,Yes,No,Month-to-month,Yes,Electronic check,78.78,3407.98,1,Yes
CUST-11940,Male,0,No,No,53,No,No phone service,DSL,Yes,No,No,No,Yes,Yes,Month-to-month,No,Credit card (automatic),69.12,3623.43,1,No
CUST-11941,Female,0,No,Yes,34,Yes,Yes,Fiber optic,No,Yes,No,No,Yes,No,Two year,Yes,Credit card (automatic),83.45,2823.72,0,No
CUST-11942,Female,1,Yes,No,16,Yes,Yes,DSL,No,No,No,No,Yes,Yes,Two year,Yes,Electronic check,49.89,804.19,0,No
CUST-11943,Female,0,Yes,No,4,Yes,No,No,No internet service,No internet service,No internet service,No internet service,No internet service,No internet service,One year,No,Bank transfer (automatic),18.0,88.69,0,No
CUST-11944,Male,0,Yes,Yes,4,Yes,Yes,Fiber optic,No,Yes,No,No,No,No,Month-to-month,Yes,Electronic check,73.14,282.86,1,Yes
CUST-11945,Female,1,No,Yes,27,Yes,Yes,Fiber optic,No,No,Yes,Yes,Yes,Yes,One year,No,Electronic check,89.89,2436.39,0,No
CUST-11946,Male,0,Yes,No,11,Yes,Yes,DSL,No,No,Yes,No,No,Yes,Month-to-month,No,Credit card (automatic),59.88,638.08,0,Yes
CUST-11947,Female,0,No,No,26,Yes,Yes,DSL,No,Yes,No,Yes,Yes,No,One year,Yes,Bank transfer (automatic),66.95,1748.71,0,No
CUST-11948,Female,0,Yes,Yes,8,Yes,No,No,No internet service,No internet service,No internet service,No internet service,No internet service,No internet service,Month-to-month,No,Electronic check,20.84,188.31,0,No
CUST-11949,Male,1,No,No,60,No,No phone service,Fiber optic,No,Yes,No,No,No,Yes,Month-to-month,No,Bank transfer (automatic),75.25,4513.85,0,Yes
CUST-11950,Female,0,Yes,No,19,Yes,Yes,DSL,No,No,Yes,No,Yes,Yes,Month-to-month,Yes,Credit card (automatic),61.81,1204.32,4,Yes
CUST-11951,Male,0,No,Yes,20,Yes,No,No,No internet service,No internet service,No internet service,No internet service,No internet service,No internet service,Month-to-month,Yes,Credit card (automatic),18.0,366.94,0,Yes
CUST-11952,Male,0,Yes,No,21,No,No phone service,DSL,Yes,No,No,No,Yes,No,One year,Yes,Electronic check,54.67,1163.05,0,No
CUST-11953,Female,0,Yes,No,55,Yes,No,DSL,No,No,No,No,Yes,Yes,One year,No,Credit card (automatic),61.92,3410.92,0,No
CUST-11954,Male,0,No,No,9,Yes,No,Fiber optic,No,No,No,No,No,No,Two year,Yes,Credit card (automatic),69.28,581.1,0,Yes
CUST-11955,Male,0,No,No,22,Yes,No,DSL,No,No,No,No,Yes,No,Two year,Yes,Bank transfer (automatic),57.05,1278.65,0,No
CUST-11956,Female,0,Yes,Yes,26,Yes,Yes,Fiber optic,Yes,No,Yes,No,Yes,Yes,Month-to-month,Yes,Mailed check,90.01,2352.29,2,Yes
CUST-11957,Male,0,No,Yes,12,Yes,Yes,Fiber optic,Yes,No,No,No,Yes,Yes,Month-to-month,Yes,Electronic check,88.99,1070.81,1,Yes
CUST-11958,Male,0,No,No,38,Yes,No,DSL,Yes,No,Yes,No,No,No,Month-to-month,Yes,Electronic check,48.89,1834.32,2,Yes
CUST-11959,Male,0,No,No,51,Yes,No,DSL,Yes,Yes,No,Yes,Yes,Yes,Two year,Yes,Mailed check,74.55,3801.23,0,No
CUST-11960,Female,0,Yes,No,4,Yes,Yes,DSL,No,No,Yes,Yes,Yes,No,Month-to-month,Yes,Credit card (automatic),61.18,238.1,1,Yes
CUST-11961,Male,0,No,No,41,Yes,No,DSL,No,Yes,No,No,Yes,Yes,Month-to-month,Yes,Credit card (automatic),59.4,2397.0,0,Yes
CUST-11962,Female,0,No,No,3,Yes,Yes,DSL,No,No,Yes,No,Yes,No,Month-to-month,No,Mailed check,62.06,228.52,1,No
CUST-11963,Female,0,Yes,No,12,No,No phone service,DSL,Yes,Yes,Yes,No,Yes,No,Two year,No,Bank transfer (automatic),69.47,859.14,1,No
CUST-11964,Male,0,No,No,15,Yes,No,Fiber optic,No,Yes,No,No,No,No,Two year,Yes,Bank transfer (automatic),73.52,1087.07,0,No
CUST-11965,Male,0,Yes,No,16,Yes,Yes,No,No internet service,No internet service,No internet service,No internet service,No internet service,No internet service,Month-to-month,No,Bank transfer (automatic),26.51,410.58,2,No
CUST-11966,Male,1,Yes,No,57,Yes,No,DSL,No,Yes,No,No,Yes,No,Two year,Yes,Electronic check,66.54,3797.38,0,No
CUST-11967,Female,0,No,Yes,17,No,No phone service,Fiber optic,Yes,No,No,No,No,Yes,Month-to-month,Yes,Mailed check,75.41,1298.38,2,Yes
CUST-11968,Male,1,No,No,17,Yes,Yes,DSL,No,No,No,Yes,No,Yes,Month-to-month,Yes,Electronic check,54.38,921.57,3,No
CUST-11969,Male,0,Yes,No,7,Yes,No,Fiber optic,No,Yes,Yes,Yes,No,No,One year,Yes,Electronic check,87.46,619.45,0,Yes
CUST-11970,Male,0,Yes,Yes,31,Yes,No,No,No internet service,No internet service,No internet service,No internet service,No internet service,No internet service,Month-to-month,Yes,Electronic check,33.7,1031.29,0,Yes
CUST-11971,Male,1,No,No,21,No,No phone service,Fiber optic,No,No,No,No,Yes,No,Month-to-month,Yes,Bank transfer (automatic),71.84,1492.87,1,No
CUST-11972,Male,0,Yes,No,35,Yes,Yes,DSL,No,Yes,Yes,Yes,Yes,No,Two year,Yes,Electronic check,66.15,2305.16,0,No
CUST-11973,Female,0,No,No,7,Yes,No,DSL,No,No,Yes,No,No,No,One year,Yes,Mailed check,56.79,387.05,2,No
CUST-11974,Female,0,No,Yes,72,Yes,Yes,No,No internet service,No internet service,No internet service,No internet service,No internet service,No internet service,Two year,Yes,Credit card (automatic),27.21,1930.14,0,No
CUST-11975,Male,0,Yes,No,43,Yes,No,Fiber optic,Yes,Yes,Yes,No,No,No,Month-to-month,No,Credit card (automatic),81.16,3491.27,1,No
CUST-11976,Male,0,No,Yes,25,Yes,No,DSL,Yes,Yes,No,No,No,Yes,Month-to-month,Yes,Bank transfer (automatic),62.36,1587.02,5,Yes
CUST-11977,Male,0,No,No,49,Yes,Yes,No,No internet service,No internet service,No internet service,No internet service,No internet service,No internet service,Month-to-month,No,Electronic check,18.55,887.87,2,Yes
CUST-11978,Male,0,Yes,Yes,72,Yes,No,Fiber optic,No,Yes,Yes,Yes,No,No,Two year,Yes,Bank transfer (automatic),77.02,5535.69,0,No
CUST-11979,Female,0,No,No,31,Yes,Yes,No,No internet service,No internet service,No internet service,No internet service,No internet service,No internet service,Month-to-month,Yes,Mailed check,18.0,544.26,1,No
CUST-11980,Male,1,No,No,21,Yes,No,DSL,No,No,Yes,No,Yes,No,Month-to-month,No,Bank transfer (automatic),59.66,1230.87,1,No
CUST-11981,Female,0,No,No,16,Yes,No,DSL,No,No,No,No,No,Yes,Month-to-month,No,Mailed check,47.44,699.96,1,No
CUST-11982,Female,0,No,No,19,No,No phone service,Fiber optic,Yes,Yes,No,No,No,No,One year,Yes,Mailed check,86.1,1621.35,1,No
CUST-11983,Male,0,Yes,No,28,Yes,Yes,Fiber optic,No,Yes,No,Yes,No,No,Month-to-month,Yes,Credit card (automatic),83.43,2322.72,4,No
CUST-11984,Female,0,Yes,Yes,20,Yes,No,DSL,No,No,No,No,No,No,Month-to-month,Yes,Electronic check,45.92,938.43,1,Yes
CUST-11985,Female,0,Yes,Yes,40,Yes,No,Fiber optic,Yes,Yes,No,Yes,Yes,No,Month-to-month,No,Electronic check,90.24,3609.48,2,No
CUST-11986,Female,0,Yes,Yes,64,Yes,Yes,Fiber optic,Yes,No,No,No,Yes,No,Month-to-month,Yes,Mailed check,81.88,5258.0,2,No
CUST-11987,Female,0,Yes,Yes,8,Yes,Yes,Fiber optic,No,No,No,Yes,No,Yes,Month-to-month,No,Mailed check,86.93,695.66,3,Yes
CUST-11988,Male,0,No,No,8,Yes,No,Fiber optic,Yes,No,No,Yes,Yes,Yes,Month-to-month,No,Electronic check,82.63,655.0,1,Yes
CUST-11989,Male,0,No,No,17,Yes,Yes,Fiber optic,No,Yes,No,Yes,Yes,No,Two year,Yes,Credit card (automatic),80.66,1408.28,0,No
CUST-11990,Female,1,No,Yes,4,Yes,No,Fiber optic,Yes,Yes,No,No,No,No,Month-to-month,No,Mailed check,87.52,342.27,3,No
CUST-11991,Male,0,No,No,72,No,No phone service,DSL,No,No,Yes,Yes,Yes,No,Month-to-month,No,Mailed check,51.8,3730.83,1,No
CUST-11992,Male,0,No,No,53,Yes,Yes,Fiber optic,No,No,Yes,No,No,No,Month-to-month,Yes,Bank transfer (automatic),69.93,3696.23,1,Yes
CUST-11993,Male,0,No,Yes,21,Yes,No,DSL,No,No,Yes,No,Yes,Yes,Two year,Yes,Bank transfer (automatic),64.15,1337.08,0,No
CUST-11994,Male,0,No,No,23,Yes,No,No,No internet service,No internet service,No internet service,No internet service,No internet service,No internet service,Month-to-month,No,Credit card (automatic),21.27,511.3,3,No
CUST-11995,Male,1,Yes,No,32,No,No phone service,Fiber optic,Yes,No,Yes,No,No,No,Two year,Yes,Electronic check,77.37,2477.17,1,No
CUST-11996,Female,0,No,No,12,Yes,Yes,Fiber optic,Yes,Yes,No,Yes,No,Yes,Two year,No,Mailed check,96.26,1135.16,0,No
CUST-11997,Male,0,No,No,18,Yes,Yes,No,No internet service,No internet service,No internet service,No internet service,No internet service,No internet service,Month-to-month,Yes,Electronic check,18.0,328.99,1,Yes
CUST-11998,Male,0,Yes,No,13,Yes,Yes,DSL,Yes,No,No,No,No,No,Month-to-month,Yes,Credit card (automatic),64.08,853.7,2,No
CUST-11999,Male,0,No,Yes,26,Yes,Yes,Fiber optic,Yes,No,No,Yes,No,Yes,One year,No,Mailed check,89.92,2324.5,0,No
CUST-12000,Male,0,No,No,26,Yes,Yes,Fiber optic,Yes,Yes,No,No,Yes,No,One year,Yes,Credit card (automatic),86.24,2228.85,0,No
CUST-12001,Female,0,Yes,No,22,Yes,No,No,No internet service,No internet service,No internet service,No internet service,No internet service,No internet service,One year,Yes,Credit card (automatic),26.25,564.76,0,No
CUST-12002,Female,1,No,No,49,Yes,No,No,No internet service,No internet service,No internet service,No internet service,No internet service,No internet service,Two year,No,Mailed check,24.93,1216.72,2,No
CUST-12003,Female,0,Yes,No,22,Yes,No,Fiber optic,Yes,Yes,No,No,Yes,Yes,Month-to-month,No,Electronic check,97.49,2154.0,0,Yes
CUST-12004,Female,1,Yes,No,23,Yes,Yes,DSL,No,Yes,Yes,No,Yes,No,One year,Yes,Mailed check,60.38,1389.56,2,Yes
CUST-12005,Male,0,No,No,6,Yes,No,DSL,No,Yes,Yes,No,Yes,Yes,Month-to-month,No,Electronic check,59.22,359.56,1,Yes
CUST-12006,Female,0,No,No,39,Yes,Yes,DSL,Yes,Yes,Yes,Yes,No,Yes,Month-to-month,Yes,Credit card (automatic),77.9,3065.7,4,Yes
CUST-12007,Male,1,No,No,28,Yes,Yes,Fiber optic,Yes,Yes,No,No,Yes,Yes,One year,No,Electronic check,96.4,2702.06,0,No
CUST-12008,Male,0,No,No,42,Yes,No,Fiber optic,Yes,Yes,No,No,Yes,No,Month-to-month,Yes,Bank transfer (automatic),90.79,3828.75,5,No
CUST-12009,Male,0,Yes,No,11,Yes,No,DSL,Yes,No,No,No,No,Yes,Month-to-month,Yes,Electronic check,52.32,564.66,3,No
CUST-12010,Male,0,No,No,9,Yes,Yes,Fiber optic,Yes,No,Yes,Yes,Yes,Yes,Month-to-month,No,Electronic check,102.4,931.9,3,Yes
CUST-12011,Male,0,No,No,20,No,No phone service,No,No internet service,No internet service,No internet service,No internet service,No internet service,No internet service,Month-to-month,No,Electronic check,18.0,366.35,0,No
CUST-12012,Female,0,No,No,3,Yes,Yes,DSL,Yes,No,No,Yes,No,Yes,Two year,No,Mailed check,67.99,198.66,0,Yes
CUST-12013,Female,0,Yes,Yes,72,Yes,Yes,No,No internet service,No internet service,No internet service,No internet service,No internet service,No internet service,Month-to-month,Yes,Electronic check,19.41,1403.66,1,No
CUST-12014,Female,0,No,Yes,20,Yes,No,DSL,No,Yes,No,No,Yes,Yes,One year,No,Bank transfer (automatic),55.2,1073.63,0,No
CUST-12015,Female,0,No,No,1,Yes,Yes,DSL,No,No,No,Yes,Yes,No,Month-to-month,Yes,Bank transfer (automatic),51.21,60.99,4,Yes
CUST-12016,Male,0,No,No,16,Yes,No,No,No internet service,No internet service,No internet service,No internet service,No internet service,No internet service,Month-to-month,Yes,Credit card (automatic),18.0,261.73,1,No
CUST-12017,Female,0,No,Yes,21,Yes,No,Fiber optic,No,No,No,No,No,No,Month-to-month,No,Credit card (automatic),76.44,1631.65,0,Yes
CUST-12018,Male,0,Yes,No,64,Yes,Yes,No,No internet service,No internet service,No internet service,No internet service,No internet service,No internet service,Month-to-month,Yes,Mailed check,19.73,1259.08,1,No
CUST-12019,Female,1,No,No,25,Yes,Yes,Fiber optic,Yes,No,No,No,No,Yes,Month-to-month,Yes,Credit card (automatic),78.96,1959.16,2,Yes
CUST-12020,Male,0,No,Yes,6,Yes,No,No,No internet service,No internet service,No internet service,No internet service,No internet service,No internet service,Two year,No,Mailed check,33.26,214.72,1,Yes
CUST-12021,Male,0,Yes,Yes,32,Yes,Yes,DSL,No,No,No,No,Yes,No,Month-to-month,No,Bank transfer (automatic),49.33,1586.47,1,No
CUST-12022,Female,1,No,No,25,Yes,No,Fiber optic,No,Yes,No,Yes,No,No,Month-to-month,No,Mailed check,75.83,1895.95,2,Yes
CUST-12023,Male,0,No,Yes,21,Yes,Yes,No,No internet service,No internet service,No internet service,No internet service,No internet service,No internet service,Month-to-month,Yes,Electronic check,31.52,608.48,2,Yes
CUST-12024,Male,1,Yes,No,18,Yes,No,Fiber optic,No,Yes,Yes,Yes,Yes,Yes,Month-to-month,Yes,Bank transfer (automatic),93.85,1709.18,1,Yes
CUST-12025,Female,0,No,No,47,Yes,Yes,DSL,No,Yes,No,Yes,Yes,Yes,Month-to-month,Yes,Electronic check,61.27,2881.58,3,Yes
CUST-12026,Male,0,Yes,No,25,Yes,No,DSL,No,Yes,Yes,No,No,Yes,One year,Yes,Mailed check,67.47,1675.79,2,Yes
CUST-12027,Female,0,Yes,No,23,Yes,No,No,No internet service,No internet service,No internet service,No internet service,No internet service,No internet service,Month-to-month,Yes,Mailed check,18.0,394.67,3,No
CUST-12028,Female,0,No,No,55,Yes,No,Fiber optic,Yes,No,No,No,No,Yes,Month-to-month,Yes,Credit card (automatic),79.66,4406.66,2,No
CUST-12029,Female,0,Yes,No,43,No,No phone service,Fiber optic,No,Yes,No,Yes,Yes,No,One year,Yes,Electronic check,87.43,3766.99,1,No
CUST-12030,Male,0,Yes,No,32,Yes,Yes,No,No internet service,No internet service,No internet service,No internet service,No internet service,No internet service,Month-to-month,Yes,Mailed check,18.52,625.68,1,No
CUST-12031,Male,0,Yes,No,13,Yes,No,No,No internet service,No internet service,No internet service,No internet service,No internet service,No internet service,Month-to-month,No,Credit card (automatic),18.89,271.56,0,No
CUST-12032,Male,0,Yes,No,19,Yes,Yes,Fiber optic,Yes,Yes,No,No,No,No,One year,Yes,Electronic check,84.01,1600.59,2,Yes
CUST-12033,Female,0,No,No,23,Yes,No,No,No internet service,No internet service,No internet service,No internet service,No internet service,No internet service,One year,No,Credit card (automatic),19.32,453.42,0,No
CUST-12034,Male,0,No,No,7,Yes,No,Fiber optic,Yes,Yes,No,Yes,No,Yes,Month-to-month,Yes,Credit card (automatic),87.73,584.54,1,Yes
CUST-12035,Female,0,No,No,16,Yes,No,Fiber optic,No,Yes,No,Yes,Yes,Yes,One year,Yes,Mailed check,91.14,1472.44,0,No
CUST-12036,Female,0,No,Yes,25,No,No phone service,DSL,No,Yes,No,No,Yes,No,Month-to-month,Yes,Bank transfer (automatic),61.87,1550.15,0,Yes
CUST-12037,Male,1,Yes,Yes,37,Yes,No,DSL,No,No,No,Yes,No,No,One year,Yes,Credit card (automatic),48.22,1783.75,0,Yes
CUST-12038,Female,0,No,No,36,Yes,Yes,No,No internet service,No internet service,No internet service,No internet service,No internet service,No internet service,Two year,Yes,Mailed check,24.86,886.16,0,No
CUST-12039,Male,1,No,No,4,Yes,No,DSL,No,Yes,No,Yes,Yes,Yes,Month-to-month,No,Electronic check,68.07,286.7,1,No
CUST-12040,Male,0,No,No,18,Yes,No,DSL,No,No,No,No,Yes,No,Month-to-month,Yes,Credit card (automatic),48.32,859.63,0,No
CUST-12041,Male,0,No,No,12,Yes,No,Fiber optic,No,Yes,Yes,No,No,No,Month-to-month,No,Electronic check,77.68,910.63,0,Yes
CUST-12042,Male,0,No,Yes,3,Yes,No,Fiber optic,No,Yes,No,Yes,No,Yes,Month-to-month,No,Electronic check,86.64,240.56,1,No
CUST-12043,Male,0,No,No,22,Yes,No,DSL,No,Yes,Yes,Yes,Yes,No,Month-to-month,Yes,Credit card (automatic),74.3,1610.92,2,No
CUST-12044,Female,0,Yes,Yes,16,Yes,No,Fiber optic,Yes,No,No,No,Yes,Yes,One year,Yes,Electronic check,85.46,1386.63,1,No
CUST-12045,Female,0,No,No,25,Yes,Yes,Fiber optic,Yes,No,Yes,No,No,No,Month-to-month,No,Bank transfer (automatic),75.82,1887.05,0,Yes
CUST-12046,Female,0,Yes,No,36,Yes,No,No,No internet service,No internet service,No internet service,No internet service,No internet service,No internet service,Month-to-month,No,Mailed check,18.0,646.24,1,No
CUST-12047,Male,0,Yes,No,32,No,No phone service,Fiber optic,Yes,No,Yes,Yes,Yes,No,One year,No,Bank transfer (automatic),95.93,3097.05,0,No
CUST-12048,Male,0,Yes,No,72,No,No phone service,Fiber optic,No,Yes,No,Yes,Yes,No,One year,No,Electronic check,83.15,5967.52,1,No
CUST-12049,Male,0,Yes,Yes,28,Yes,No,Fiber optic,No,Yes,No,No,No,Yes,Month-to-month,Yes,Mailed check,88.37,2451.84,5,Yes
CUST-12050,Female,0,Yes,No,63,Yes,No,DSL,No,No,No,Yes,No,Yes,One year,Yes,Electronic check,61.37,3869.6,4,No
CUST-12051,Male,0,Yes,Yes,9,Yes,No,DSL,Yes,No,No,No,Yes,No,Two year,No,Electronic check,51.96,457.15,0,No
CUST-12052,Female,0,No,Yes,32,Yes,No,DSL,No,Yes,No,No,No,No,Month-to-month,Yes,Electronic check,50.01,1620.67,1,No
CUST-12053,Female,0,No,Yes,13,Yes,No,No,No internet service,No internet service,No internet service,No internet service,No internet service,No internet service,Month-to-month,Yes,Electronic check,25.94,334.19,2,No
CUST-12054,Male,0,No,No,20,Yes,Yes,No,No internet service,No internet service,No internet service,No internet service,No internet service,No internet service,One year,No,Credit card (automatic),18.03,345.64,0,No
CUST-12055,Male,0,Yes,Yes,44,Yes,No,Fiber optic,Yes,No,No,No,No,Yes,One year,Yes,Mailed check,81.1,3554.94,1,No
CUST-12056,Female,0,No,No,20,Yes,No,DSL,No,No,No,Yes,Yes,Yes,Month-to-month,Yes,Mailed check,66.26,1341.69,1,Yes
CUST-12057,Male,0,No,No,50,No,No phone service,DSL,No,Yes,No,No,No,Yes,Month-to-month,No,Mailed check,63.54,3170.82,2,Yes
CUST-12058,Female,0,Yes,No,14,Yes,No,DSL,No,Yes,No,No,Yes,No,One year,Yes,Credit card (automatic),59.28,837.49,2,No
CUST-12059,Male,0,No,Yes,9,No,No phone service,No,No internet service,No internet service,No internet service,No internet service,No internet service,No internet service,Two year,No,Bank transfer (automatic),20.73,170.21,1,No
CUST-12060,Male,1,No,Yes,29,Yes,No,Fiber optic,Yes,No,Yes,Yes,No,No,One year,No,Bank transfer (automatic),84.62,2433.87,0,No
CUST-12061,Female,1,Yes,No,30,Yes,No,No,No internet service,No internet service,No internet service,No internet service,No internet service,No internet service,Two year,Yes,Electronic check,18.0,522.25,1,No
CUST-12062,Male,0,No,No,19,Yes,No,Fiber optic,No,No,No,Yes,Yes,Yes,One year,Yes,Mailed check,84.95,1599.64,1,No
CUST-12063,Female,0,No,Yes,38,Yes,No,Fiber optic,No,Yes,No,No,No,Yes,Two year,No,Electronic check,79.52,3033.2,1,No
CUST-12064,Male,0,Yes,No,3,No,No phone service,Fiber optic,No,Yes,Yes,Yes,No,No,One year,Yes,Bank transfer (automatic),90.0,241.09,0,No
CUST-12065,Female,0,Yes,No,10,Yes,Yes,DSL,No,Yes,No,No,Yes,Yes,Two year,Yes,Mailed check,60.64,583.5,0,No
CUST-12066,Female,0,Yes,No,33,Yes,No,Fiber optic,No,No,Yes,No,No,No,Month-to-month,No,Bank transfer (automatic),75.64,2508.44,0,Yes
CUST-12067,Male,0,Yes,No,20,No,No phone service,No,No internet service,No internet service,No internet service,No internet service,No internet service,No internet service,Two year,No,Electronic check,26.9,546.82,0,No
CUST-12068,Female,1,No,No,14,Yes,Yes,Fiber optic,No,Yes,Yes,No,No,Yes,Month-to-month,Yes,Mailed check,86.8,1226.67,2,Yes
CUST-12069,Male,0,No,No,27,Yes,No,Fiber optic,Yes,No,Yes,No,No,Yes,Month-to-month,Yes,Mailed check,83.78,2238.34,2,Yes
CUST-12070,Male,0,Yes,No,47,Yes,No,Fiber optic,No,No,No,Yes,Yes,Yes,Month-to-month,No,Electronic check,80.59,3787.0,1,No
CUST-12071,Male,0,No,No,32,Yes,Yes,Fiber optic,Yes,No,No,No,Yes,No,Month-to-month,No,Electronic check,78.76,2487.65,1,Yes
CUST-12072,Female,0,Yes,No,42,Yes,No,Fiber optic,No,No,Yes,No,No,Yes,Month-to-month,Yes,Electronic check,76.25,3173.87,2,No
CUST-12073,Female,0,Yes,No,33,Yes,Yes,DSL,No,No,No,Yes,No,Yes,Two year,No,Mailed check,53.09,1744.47,4,No
CUST-12074,Male,1,Yes,No,56,Yes,No,No,No internet service,No internet service,No internet service,No internet service,No internet service,No internet service,One year,Yes,Bank transfer (automatic),34.12,1915.99,0,No
CUST-12075,Male,0,No,Yes,16,Yes,No,DSL,No,No,Yes,No,Yes,No,Two year,Yes,Mailed check,54.65,895.02,1,No
CUST-12076,Female,0,Yes,Yes,50,Yes,Yes,Fiber optic,Yes,No,Yes,No,Yes,No,Two year,Yes,Mailed check,88.21,4402.06,1,No
CUST-12077,Male,0,Yes,No,5,Yes,Yes,DSL,No,Yes,No,No,Yes,No,Month-to-month,Yes,Mailed check,65.86,339.18,1,No
CUST-12078,Male,0,Yes,No,8,Yes,No,DSL,Yes,No,No,No,Yes,No,Month-to-month,No,Mailed check,51.04,389.92,2,No
CUST-12079,Female,0,No,No,38,Yes,Yes,Fiber optic,No,Yes,No,No,No,Yes,Month-to-month,Yes,Electronic check,82.96,3180.3,0,Yes
CUST-12080,Male,0,No,No,7,No,No phone service,No,No internet service,No internet service,No internet service,No internet service,No internet service,No internet service,Month-to-month,No,Mailed check,25.56,193.95,1,No
CUST-12081,Female,0,Yes,No,19,Yes,Yes,Fiber optic,Yes,No,Yes,Yes,Yes,Yes,One year,Yes,Electronic check,99.19,1869.97,1,No
CUST-12082,Male,0,Yes,Yes,56,Yes,No,DSL,Yes,No,No,No,Yes,No,Month-to-month,Yes,Mailed check,53.82,3005.52,2,No
CUST-12083,Female,0,No,No,9,Yes,Yes,Fiber optic,Yes,No,Yes,No,No,No,Month-to-month,Yes,Bank transfer (automatic),83.72,757.97,3,Yes
CUST-12084,Male,0,No,No,45,Yes,Yes,DSL,Yes,No,No,Yes,No,No,Month-to-month,Yes,Bank transfer (automatic),51.57,2310.15,0,No
CUST-12085,Male,0,Yes,No,18,No,No phone service,Fiber optic,No,No,No,No,No,Yes,Month-to-month,Yes,Electronic check,74.52,1320.1,0,No
CUST-12086,Female,0,No,No,8,Yes,Yes,DSL,Yes,No,Yes,No,No,No,Month-to-month,Yes,Electronic check,48.0,389.94,1,Yes
CUST-12087,Male,0,No,Yes,24,Yes,No,No,No internet service,No internet service,No internet service,No internet service,No internet service,No internet service,Two year,No,Electronic check,22.93,550.76,1,No
CUST-12088,Female,0,Yes,No,53,Yes,No,DSL,Yes,Yes,No,No,No,Yes,Month-to-month,No,Mailed check,67.67,3575.06,2,Yes
CUST-12089,Male,0,No,No,7,No,No phone service,DSL,No,No,No,Yes,No,No,Month-to-month,No,Mailed check,54.47,385.55,1,No
CUST-12090,Female,0,No,Yes,7,Yes,Yes,No,No internet service,No internet service,No internet service,No internet service,No internet service,No internet service,Month-to-month,No,Electronic check,23.14,131.51,2,No
CUST-12091,Female,0,No,No,37,Yes,Yes,No,No internet service,No internet service,No internet service,No internet service,No internet service,No internet service,One year,No,Bank transfer (automatic),19.89,743.49,0,No
CUST-12092,Female,0,Yes,No,15,Yes,No,DSL,Yes,Yes,No,No,Yes,Yes,Month-to-month,Yes,Mailed check,64.33,968.8,3,Yes
CUST-12093,Female,0,Yes,No,72,Yes,No,DSL,No,Yes,Yes,Yes,Yes,No,Month-to-month,No,Bank transfer (automatic),60.01,4302.79,1,No
CUST-12094,Male,0,Yes,No,30,No,No phone service,Fiber optic,Yes,No,Yes,Yes,Yes,Yes,Month-to-month,Yes,Bank transfer (automatic),93.13,2757.2,3,No
CUST-12095,Male,0,Yes,No,47,Yes,Yes,Fiber optic,No,Yes,No,No,Yes,Yes,Two year,No,Bank transfer (automatic),82.78,3900.89,0,No
CUST-12096,Female,1,No,No,29,Yes,No,No,No internet service,No internet service,No internet service,No internet service,No internet service,No internet service,Two year,No,Credit card (automatic),22.1,625.37,0,No
CUST-12097,Female,0,No,Yes,7,Yes,No,Fiber optic,No,No,No,No,Yes,Yes,Month-to-month,Yes,Electronic check,86.84,618.96,0,Yes
CUST-12098,Female,0,No,No,11,Yes,Yes,DSL,No,No,No,Yes,No,No,One year,No,Electronic check,51.5,584.03,0,No
CUST-12099,Male,0,No,Yes,12,Yes,Yes,DSL,No,Yes,Yes,No,No,Yes,Month-to-month,Yes,Bank transfer (automatic),60.91,769.73,0,Yes
CUST-12100,Male,0,Yes,No,34,Yes,No,Fiber optic,No,Yes,Yes,Yes,No,Yes,Month-to-month,Yes,Mailed check,101.03,3398.05,2,Yes
CUST-12101,Male,0,No,No,24,Yes,No,Fiber optic,No,Yes,No,No,Yes,No,Month-to-month,Yes,Credit card (automatic),83.58,2020.31,1,No
CUST-12102,Male,0,No,No,4,Yes,Yes,No,No internet service,No internet service,No internet service,No internet service,No internet service,No internet service,Month-to-month,Yes,Electronic check,18.0,54.88,3,Yes
CUST-12103,Female,0,Yes,No,39,No,No phone service,No,No internet service,No internet service,No internet service,No internet service,No internet service,No internet service,Two year,No,Electronic check,19.62,776.74,0,No
CUST-12104,Female,0,No,Yes,72,Yes,Yes,DSL,No,Yes,Yes,No,Yes,No,Two year,Yes,Bank transfer (automatic),59.28,4272.55,0,No
CUST-12105,Female,0,Yes,No,9,Yes,Yes,Fiber optic,No,No,No,No,No,No,Month-to-month,No,Electronic check,61.23,582.44,1,No
CUST-12106,Male,0,No,No,10,Yes,Yes,No,No internet service,No internet service,No internet service,No internet service,No internet service,No internet service,Month-to-month,No,Mailed check,25.63,264.81,2,No
CUST-12107,Male,0,No,No,14,Yes,Yes,No,No internet service,No internet service,No internet service,No internet service,No internet service,No internet service,Month-to-month,Yes,Credit card (automatic),20.95,318.59,3,No
CUST-12108,Male,0,Yes,No,22,Yes,No,Fiber optic,No,Yes,No,No,No,Yes,One year,Yes,Electronic check,90.04,1980.93,0,No
CUST-12109,Female,1,No,No,10,Yes,Yes,Fiber optic,Yes,No,Yes,Yes,No,Yes,Two year,Yes,Mailed check,97.69,959.06,0,No
CUST-12110,Female,1,No,No,55,Yes,Yes,Fiber optic,Yes,No,No,Yes,No,Yes,Two year,No,Electronic check,83.54,4642.26,0,No
CUST-12111,Male,1,Yes,No,69,Yes,No,Fiber optic,No,No,No,Yes,Yes,No,One year,No,Mailed check,83.53,5770.32,1,No
CUST-12112,Female,0,Yes,No,26,No,No phone service,DSL,No,Yes,Yes,No,No,Yes,Month-to-month,Yes,Electronic check,63.78,1650.39,0,No
CUST-12113,Male,0,Yes,No,23,Yes,No,Fiber optic,Yes,No,No,No,Yes,No,One year,Yes,Electronic check,80.64,1842.93,0,No
CUST-12114,Male,0,No,No,4,Yes,Yes,Fiber optic,Yes,No,Yes,No,Yes,No,Month-to-month,Yes,Electronic check,77.36,329.06,1,Yes
CUST-12115,Female,0,No,No,8,Yes,Yes,DSL,Yes,No,No,Yes,No,No,Two year,Yes,Credit card (automatic),60.17,439.33,0,No
CUST-12116,Male,0,No,Yes,2,Yes,Yes,Fiber optic,Yes,No,Yes,No,No,No,Month-to-month,No,Bank transfer (automatic),72.39,117.48,1,No
CUST-12117,Female,0,No,Yes,14,Yes,No,Fiber optic,Yes,No,Yes,No,No,No,One year,No,Bank transfer (automatic),74.2,1037.42,0,Yes
CUST-12118,Male,0,No,No,17,Yes,Yes,Fiber optic,No,Yes,Yes,No,Yes,Yes,Month-to-month,Yes,Electronic check,93.59,1548.62,1,Yes
CUST-12119,Female,0,Yes,Yes,37,Yes,Yes,Fiber optic,Yes,No,Yes,Yes,Yes,No,Month-to-month,No,Electronic check,86.88,3198.1,1,No
CUST-12120,Female,0,No,Yes,26,No,No phone service,Fiber optic,No,Yes,No,Yes,No,No,One year,Yes,Bank transfer (automatic),77.26,2008.95,0,Yes
CUST-12121,Female,1,Yes,No,12,Yes,No,Fiber optic,Yes,No,No,No,No,Yes,One year,Yes,Bank transfer (automatic),81.78,1000.19,2,Yes
CUST-12122,Male,0,Yes,Yes,38,Yes,No,DSL,No,No,No,Yes,No,No,One year,No,Mailed check,54.25,2081.08,1,No
CUST-12123,Male,0,No,No,72,Yes,No,DSL,No,No,No,Yes,No,No,One year,Yes,Mailed check,49.0,3540.81,0,No
CUST-12124,Female,1,Yes,No,39,Yes,Yes,DSL,No,Yes,Yes,No,No,Yes,Month-to-month,Yes,Mailed check,69.74,2686.52,0,No
CUST-12125,Female,0,No,No,16,Yes,No,DSL,No,No,No,No,No,No,Two year,Yes,Electronic check,40.03,617.35,0,No
CUST-12126,Male,0,No,Yes,29,Yes,No,Fiber optic,No,No,Yes,Yes,No,Yes,Two year,Yes,Bank transfer (automatic),92.72,2684.17,0,No
CUST-12127,Male,0,Yes,No,9,Yes,No,No,No internet service,No internet service,No internet service,No internet service,No internet service,No internet service,Month-to-month,Yes,Electronic check,18.0,184.4,1,Yes
CUST-12128,Male,0,Yes,No,8,No,No phone service,DSL,No,Yes,No,No,No,Yes,Two year,No,Electronic check,65.42,537.38,1,No
CUST-12129,Female,1,No,No,72,Yes,Yes,No,No internet service,No internet service,No internet service,No internet service,No internet service,No internet service,Two year,Yes,Bank transfer (automatic),27.32,1970.02,1,Yes
CUST-12130,Male,0,No,No,29,Yes,No,Fiber optic,No,Yes,No,No,No,Yes,One year,Yes,Electronic check,82.88,2361.6,0,Yes
CUST-12131,Male,0,Yes,Yes,48,Yes,No,DSL,Yes,Yes,No,No,Yes,Yes,Month-to-month,Yes,Bank transfer (automatic),71.36,3440.67,1,No
CUST-12132,Female,0,Yes,No,19,Yes,No,DSL,No,No,No,Yes,Yes,No,One year,Yes,Credit card (automatic),61.12,1149.88,0,No
CUST-12133,Male,0,No,Yes,8,Yes,No,Fiber optic,Yes,No,No,No,Yes,No,Month-to-month,Yes,Electronic check,79.61,622.08,3,Yes
CUST-12134,Male,1,No,No,7,Yes,Yes,Fiber optic,Yes,No,No,No,Yes,No,One year,No,Bank transfer (automatic),81.81,587.8,0,Yes
CUST-12135,Male,0,Yes,No,11,Yes,No,DSL,No,Yes,No,No,Yes,No,Month-to-month,No,Mailed check,49.23,526.43,0,No
CUST-12136,Female,0,Yes,No,32,Yes,No,DSL,No,Yes,No,No,No,Yes,Two year,Yes,Electronic check,49.73,1595.81,1,No
CUST-12137,Female,0,No,No,5,Yes,Yes,No,No internet service,No internet service,No internet service,No internet service,No internet service,No internet service,One year,No,Bank transfer (automatic),25.8,132.46,0,Yes
CUST-12138,Female,0,No,No,24,Yes,Yes,DSL,Yes,Yes,Yes,Yes,No,Yes,Month-to-month,Yes,Bank transfer (automatic),72.7,1781.7,4,No
CUST-12139,Female,1,No,No,35,Yes,No,No,No internet service,No internet service,No internet service,No internet service,No internet service,No internet service,One year,Yes,Bank transfer (automatic),25.62,886.74,0,No
CUST-12140,Female,0,No,No,8,Yes,No,DSL,No,No,No,No,Yes,Yes,Month-to-month,No,Credit card (automatic),59.56,492.22,0,No
CUST-12141,Female,0,No,No,72,Yes,Yes,Fiber optic,No,Yes,Yes,No,Yes,Yes,Month-to-month,No,Electronic check,93.16,6684.23,1,Yes
CUST-12142,Female,0,Yes,No,44,Yes,Yes,Fiber optic,Yes,No,Yes,No,No,No,Month-to-month,Yes,Bank transfer (automatic),88.09,3879.11,1,Yes
CUST-12143,Male,0,No,No,21,Yes,No,Fiber optic,Yes,No,No,No,Yes,No,Month-to-month,Yes,Bank transfer (automatic),87.14,1822.47,2,No
CUST-12144,Male,0,Yes,No,12,Yes,Yes,DSL,No,Yes,Yes,No,No,No,Two year,Yes,Electronic check,52.5,632.99,0,Yes
CUST-12145,Female,1,No,No,30,Yes,No,DSL,Yes,Yes,Yes,No,Yes,Yes,Month-to-month,Yes,Credit card (automatic),65.81,1979.09,1,No
CUST-12146,Male,0,Yes,No,29,Yes,No,Fiber optic,No,Yes,No,Yes,Yes,No,One year,Yes,Electronic check,81.72,2393.97,1,Yes
CUST-12147,Male,1,Yes,Yes,25,Yes,No,DSL,Yes,Yes,Yes,No,No,Yes,Month-to-month,No,Bank transfer (automatic),73.66,1844.05,1,No
CUST-12148,Female,0,No,No,31,Yes,No,Fiber optic,Yes,No,No,Yes,No,No,One year,Yes,Bank transfer (automatic),85.29,2625.72,0,No
CUST-12149,Male,0,No,Yes,10,Yes,No,No,No internet service,No internet service,No internet service,No internet service,No internet service,No internet service,One year,Yes,Mailed check,18.0,147.78,1,Yes
CUST-12150,Male,0,Yes,No,39,Yes,Yes,No,No internet service,No internet service,No internet service,No internet service,No internet service,No internet service,Month-to-month,Yes,Electronic check,19.44,746.62,2,No
CUST-12151,Male,0,No,No,6,Yes,Yes,DSL,No,No,No,No,No,No,Two year,No,Electronic check,50.7,324.6,0,No
CUST-12152,Male,1,Yes,No,2,Yes,Yes,Fiber optic,No,No,No,No,Yes,No,Month-to-month,Yes,Electronic check,71.38,154.18,0,Yes
CUST-12153,Male,0,Yes,No,36,No,No phone service,Fiber optic,Yes,Yes,No,Yes,Yes,No,One year,Yes,Mailed check,92.11,3308.99,0,No
CUST-12154,Female,0,No,No,31,Yes,No,DSL,No,Yes,No,No,No,No,Month-to-month,Yes,Electronic check,55.64,1713.04,2,No
CUST-12155,Female,0,Yes,No,23,Yes,Yes,Fiber optic,No,No,No,Yes,Yes,No,Month-to-month,No,Mailed check,84.92,1949.89,1,Yes
CUST-12156,Female,0,No,No,14,Yes,Yes,DSL,No,Yes,Yes,Yes,No,Yes,Two year,Yes,Electronic check,61.05,830.41,0,No
CUST-12157,Male,0,Yes,No,16,Yes,Yes,Fiber optic,No,No,Yes,No,Yes,Yes,One year,Yes,Electronic check,90.11,1448.17,0,No
CUST-12158,Female,0,No,No,9,No,No phone service,No,No internet service,No internet service,No internet service,No internet service,No internet service,No internet service,Month-to-month,Yes,Mailed check,21.23,198.12,2,No
CUST-12159,Male,0,No,Yes,29,Yes,Yes,No,No internet service,No internet service,No internet service,No internet service,No internet service,No internet service,Two year,Yes,Bank transfer (automatic),24.27,733.43,0,No
CUST-12160,Male,0,Yes,No,2,Yes,Yes,Fiber optic,No,Yes,No,Yes,Yes,Yes,Month-to-month,Yes,Bank transfer (automatic),89.11,194.39,0,No
CUST-12161,Male,0,Yes,No,3,Yes,No,Fiber optic,Yes,Yes,No,No,Yes,No,One year,Yes,Electronic check,91.17,231.28,0,Yes
CUST-12162,Male,0,No,No,10,Yes,Yes,No,No internet service,No internet service,No internet service,No internet service,No internet service,No internet service,Month-to-month,Yes,Electronic check,22.35,245.42,2,No
CUST-12163,Female,0,No,No,26,Yes,Yes,Fiber optic,No,No,Yes,Yes,No,Yes,One year,No,Credit card (automatic),94.19,2455.04,0,No
CUST-12164,Female,0,Yes,No,22,Yes,Yes,Fiber optic,No,No,Yes,Yes,Yes,Yes,Month-to-month,Yes,Electronic check,91.36,2006.04,1,No
CUST-12165,Male,1,No,No,58,Yes,No,No,No internet service,No internet service,No internet service,No internet service,No internet service,No internet service,Month-to-month,No,Bank transfer (automatic),18.0,1047.09,2,No
CUST-12166,Female,0,Yes,No,19,Yes,Yes,DSL,No,Yes,Yes,No,Yes,No,Two year,Yes,Mailed check,55.32,1055.9,0,No
CUST-12167,Male,0,Yes,No,42,Yes,No,DSL,No,No,Yes,Yes,No,No,Month-to-month,No,Electronic check,62.46,2637.47,1,No
CUST-12168,Female,0,No,No,25,Yes,No,No,No internet service,No internet service,No internet service,No internet service,No internet service,No internet service,Month-to-month,No,Bank transfer (automatic),18.0,440.4,2,Yes
CUST-12169,Female,0,Yes,Yes,2,Yes,No,No,No internet service,No internet service,No internet service,No internet service,No internet service,No internet service,Month-to-month,No,Credit card (automatic),18.0,53.67,0,Yes
CUST-12170,Male,0,No,No,8,Yes,Yes,DSL,No,Yes,No,No,No,Yes,Month-to-month,No,Credit card (automatic),56.32,505.09,3,Yes
CUST-12171,Female,0,No,Yes,9,Yes,Yes,Fiber optic,No,Yes,No,No,No,Yes,Month-to-month,Yes,Bank transfer (automatic),78.12,682.24,2,Yes
CUST-12172,Male,0,No,Yes,12,Yes,Yes,Fiber optic,No,No,Yes,No,No,No,Month-to-month,No,Mailed check,68.57,809.72,1,No
CUST-12173,Female,0,No,Yes,17,No,No phone service,Fiber optic,No,Yes,Yes,No,Yes,No,Month-to-month,Yes,Electronic check,89.42,1519.34,0,Yes
CUST-12174,Male,0,No,Yes,49,Yes,No,DSL,No,Yes,Yes,Yes,No,No,One year,No,Mailed check,64.65,3139.39,0,No
CUST-12175,Male,0,No,No,20,Yes,Yes,No,No internet service,No internet service,No internet service,No internet service,No internet service,No internet service,One year,Yes,Mailed check,21.15,419.71,1,No
CUST-12176,Female,1,No,No,13,No,No phone service,No,No internet service,No internet service,No internet service,No internet service,No internet service,No internet service,Two year,Yes,Credit card (automatic),24.98,343.9,0,No
CUST-12177,Female,0,No,No,44,Yes,Yes,Fiber optic,No,Yes,No,No,No,No,One year,No,Electronic check,76.95,3384.96,0,No
CUST-12178,Male,0,No,No,43,Yes,No,No,No internet service,No internet service,No internet service,No internet service,No internet service,No internet service,Month-to-month,Yes,Mailed check,18.0,748.02,0,No
CUST-12179,Female,1,Yes,No,1,Yes,No,No,No internet service,No internet service,No internet service,No internet service,No internet service,No internet service,Month-to-month,No,Mailed check,18.32,36.71,0,Yes
CUST-12180,Female,0,No,No,22,Yes,Yes,Fiber optic,No,No,Yes,No,Yes,No,One year,No,Mailed check,82.15,1813.65,0,No
CUST-12181,Male,0,No,No,54,Yes,Yes,No,No internet service,No internet service,No internet service,No internet service,No internet service,No internet service,One year,Yes,Electronic check,23.03,1255.3,0,Yes
CUST-12182,Male,0,No,No,19,Yes,Yes,No,No internet service,No internet service,No internet service,No internet service,No internet service,No internet service,Month-to-month,Yes,Electronic check,21.56,422.54,0,No
CUST-12183,Female,1,No,No,9,Yes,Yes,DSL,No,Yes,No,No,Yes,No,Month-to-month,Yes,Mailed check,58.95,548.51,1,No
CUST-12184,Male,0,No,Yes,41,Yes,Yes,DSL,No,No,No,Yes,No,No,One year,No,Bank transfer (automatic),47.76,1957.82,0,No
CUST-12185,Male,1,No,Yes,7,Yes,Yes,DSL,No,Yes,Yes,No,Yes,No,One year,No,Mailed check,61.51,437.13,0,No
CUST-12186,Male,0,Yes,No,25,Yes,No,Fiber optic,Yes,Yes,No,Yes,Yes,Yes,One year,No,Mailed check,100.46,2521.01,0,No
CUST-12187,Female,0,No,No,19,Yes,No,DSL,No,No,No,Yes,Yes,Yes,Month-to-month,No,Bank transfer (automatic),72.85,1391.67,4,No
CUST-12188,Female,1,Yes,Yes,4,Yes,No,DSL,Yes,No,No,No,No,No,One year,Yes,Bank transfer (automatic),45.84,180.76,0,No
CUST-12189,Male,0,No,Yes,48,Yes,No,No,No internet service,No internet service,No internet service,No internet service,No internet service,No internet service,One year,Yes,Electronic check,23.2,1119.8,0,No
CUST-12190,Female,0,No,Yes,30,Yes,No,Fiber optic,No,Yes,No,No,No,No,Two year,Yes,Electronic check,69.9,2067.04,0,No
CUST-12191,Male,0,Yes,No,59,Yes,No,No,No internet service,No internet service,No internet service,No internet service,No internet service,No internet service,One year,Yes,Credit card (automatic),18.0,1075.76,0,No
CUST-12192,Female,0,Yes,No,22,Yes,No,No,No internet service,No internet service,No internet service,No internet service,No internet service,No internet service,One year,Yes,Mailed check,25.05,553.45,0,No
CUST-12193,Male,1,No,No,9,Yes,Yes,Fiber optic,No,No,No,Yes,No,No,One year,Yes,Electronic check,77.16,683.27,0,Yes
CUST-12194,Male,0,Yes,Yes,5,Yes,No,Fiber optic,No,Yes,No,Yes,Yes,Yes,Month-to-month,No,Electronic check,91.02,422.78,1,Yes
CUST-12195,Female,0,Yes,No,44,Yes,No,DSL,No,No,Yes,No,No,No,Month-to-month,Yes,Bank transfer (automatic),61.66,2715.92,1,No
CUST-12196,Male,0,No,Yes,8,Yes,No,Fiber optic,No,Yes,No,Yes,No,No,Two year,Yes,Bank transfer (automatic),78.19,602.65,0,No
CUST-12197,Female,0,Yes,No,72,Yes,No,DSL,Yes,No,No,No,No,No,Month-to-month,Yes,Credit card (automatic),52.73,3775.08,1,No
CUST-12198,Female,0,No,Yes,72,Yes,No,DSL,No,No,No,No,No,Yes,One year,No,Mailed check,54.15,3856.46,0,No
CUST-12199,Male,0,No,No,23,Yes,No,DSL,No,No,No,No,Yes,No,Two year,Yes,Electronic check,42.32,999.41,0,No
CUST-12200,Male,0,Yes,No,18,Yes,No,Fiber optic,Yes,No,Yes,No,No,No,Two year,Yes,Bank transfer (automatic),79.99,1411.82,0,No
CUST-12201,Female,1,Yes,No,12,No,No phone service,No,No internet service,No internet service,No internet service,No internet service,No internet service,No internet service,One year,No,Electronic check,18.0,244.22,2,No
CUST-12202,Male,0,No,No,13,Yes,No,DSL,No,Yes,No,Yes,No,No,Month-to-month,Yes,Electronic check,44.39,604.49,1,No
CUST-12203,Male,0,No,No,72,Yes,No,Fiber optic,No,No,No,No,Yes,No,Month-to-month,Yes,Electronic check,77.36,5562.62,0,No
CUST-12204,Male,1,No,Yes,15,Yes,Yes,Fiber optic,No,Yes,Yes,No,Yes,Yes,Two year,No,Electronic check,94.55,1413.34,2,No
CUST-12205,Male,0,No,No,32,Yes,Yes,Fiber optic,No,Yes,No,No,No,Yes,Month-to-month,Yes,Credit card (automatic),77.97,2497.41,0,Yes
CUST-12206,Male,0,No,No,34,No,No phone service,No,No internet service,No internet service,No internet service,No internet service,No internet service,No internet service,Two year,Yes,Bank transfer (automatic),18.0,597.27,1,No
CUST-12207,Female,0,Yes,No,46,Yes,No,DSL,No,No,Yes,No,Yes,No,Month-to-month,Yes,Electronic check,63.67,2924.69,2,No
CUST-12208,Female,1,Yes,No,30,Yes,No,DSL,No,No,Yes,No,No,No,One year,Yes,Bank transfer (automatic),60.3,1792.58,1,No
CUST-12209,Male,0,Yes,No,22,Yes,No,Fiber optic,Yes,Yes,Yes,No,No,No,Month-to-month,Yes,Bank transfer (automatic),89.57,1952.58,4,Yes
CUST-12210,Male,1,Yes,No,11,No,No phone service,Fiber optic,No,No,No,No,Yes,Yes,Month-to-month,Yes,Credit card (automatic),81.31,932.28,1,Yes
CUST-12211,Male,0,No,Yes,33,Yes,No,DSL,No,No,No,No,No,No,Two year,No,Credit card (automatic),41.97,1393.42,0,Yes
CUST-12212,Female,0,No,No,28,Yes,No,DSL,No,No,No,Yes,Yes,Yes,One year,Yes,Electronic check,62.95,1775.06,0,No
CUST-12213,Male,0,Yes,Yes,15,Yes,Yes,No,No internet service,No internet service,No internet service,No internet service,No internet service,No internet service,Month-to-month,Yes,Credit card (automatic),19.71,288.47,2,Yes
CUST-12214,Female,0,No,No,31,Yes,Yes,DSL,No,No,No,No,No,No,Month-to-month,Yes,Electronic check,48.5,1490.32,1,Yes
CUST-12215,Female,0,Yes,No,20,Yes,Yes,Fiber optic,No,Yes,No,No,No,Yes,One year,No,Electronic check,87.26,1723.66,2,No
CUST-12216,Female,0,Yes,Yes,28,Yes,Yes,No,No internet service,No internet service,No internet service,No internet service,No internet service,No internet service,Month-to-month,No,Electronic check,21.58,613.22,3,Yes
CUST-12217,Male,0,No,No,38,Yes,Yes,Fiber optic,Yes,No,Yes,No,Yes,Yes,Two year,Yes,Electronic check,92.31,3495.27,1,Yes
CUST-12218,Female,0,Yes,No,25,Yes,Yes,Fiber optic,No,Yes,Yes,No,No,Yes,Month-to-month,Yes,Credit card (automatic),79.05,1990.96,2,No
CUST-12219,Male,0,Yes,No,41,No,No phone service,Fiber optic,No,No,Yes,No,No,No,Month-to-month,Yes,Bank transfer (automatic),77.63,3172.2,1,Yes
CUST-12220,Female,0,Yes,Yes,25,Yes,No,Fiber optic,No,No,Yes,No,No,Yes,Month-to-month,Yes,Bank transfer (automatic),84.24,2121.11,4,No
CUST-12221,Male,0,Yes,No,46,Yes,No,Fiber optic,No,No,No,No,No,No,Month-to-month,Yes,Credit card (automatic),75.27,3474.98,2,Yes
CUST-12222,Female,0,No,No,17,Yes,No,No,No internet service,No internet service,No internet service,No internet service,No internet service,No internet service,Month-to-month,Yes,Mailed check,18.0,349.07,4,No
CUST-12223,Male,0,No,No,9,Yes,Yes,Fiber optic,No,No,No,Yes,Yes,No,Two year,Yes,Electronic check,82.71,731.86,1,Yes
CUST-12224,Female,0,Yes,No,27,Yes,No,No,No internet service,No internet service,No internet service,No internet service,No internet service,No internet service,Month-to-month,Yes,Bank transfer (automatic),18.0,477.83,1,No
CUST-12225,Male,0,Yes,Yes,68,Yes,No,DSL,No,Yes,Yes,Yes,No,No,Month-to-month,Yes,Credit card (automatic),65.14,4428.19,0,No
CUST-12226,Male,0,No,No,43,Yes,No,DSL,No,No,No,Yes,No,No,Month-to-month,Yes,Credit card (automatic),51.55,2239.54,0,No
CUST-12227,Male,1,No,No,68,Yes,No,Fiber optic,No,No,Yes,Yes,Yes,Yes,One year,Yes,Mailed check,88.8,6040.32,0,No
CUST-12228,Male,0,Yes,No,15,Yes,Yes,DSL,No,No,Yes,No,No,Yes,One year,No,Credit card (automatic),64.39,941.53,0,No
CUST-12229,Female,0,Yes,Yes,22,Yes,No,No,No internet service,No internet service,No internet service,No internet service,No internet service,No internet service,One year,No,Credit card (automatic),18.08,425.18,0,No
CUST-12230,Female,0,No,No,9,Yes,No,Fiber optic,Yes,Yes,Yes,No,Yes,Yes,Month-to-month,No,Electronic check,94.39,826.27,2,Yes
CUST-12231,Male,0,No,No,7,Yes,No,Fiber optic,Yes,No,No,Yes,No,Yes,One year,Yes,Bank transfer (automatic),84.36,590.49,0,No
CUST-12232,Female,0,Yes,No,61,Yes,Yes,Fiber optic,No,Yes,Yes,Yes,Yes,Yes,One year,Yes,Electronic check,88.16,5362.72,0,No
CUST-12233,Male,0,No,No,57,Yes,No,Fiber optic,No,No,No,Yes,Yes,No,Month-to-month,No,Mailed check,73.01,4146.79,2,Yes
CUST-12234,Male,0,Yes,No,35,Yes,Yes,Fiber optic,No,Yes,No,Yes,No,Yes,Month-to-month,Yes,Credit card (automatic),92.49,3217.08,1,No
CUST-12235,Female,0,No,No,15,Yes,No,Fiber optic,No,Yes,No,Yes,No,Yes,Two year,Yes,Bank transfer (automatic),86.72,1317.98,1,No
CUST-12236,Male,0,No,Yes,39,Yes,No,Fiber optic,Yes,No,No,No,Yes,No,Month-to-month,Yes,Bank transfer (automatic),83.52,3255.79,0,No
CUST-12237,Male,0,No,No,54,Yes,Yes,No,No internet service,No internet service,No internet service,No internet service,No internet service,No internet service,Month-to-month,Yes,Credit card (automatic),21.18,1135.37,0,No
CUST-12238,Female,0,Yes,No,72,Yes,No,No,No internet service,No internet service,No internet service,No internet service,No internet service,No internet service,Month-to-month,No,Electronic check,21.46,1568.1,2,No
CUST-12239,Male,0,Yes,No,5,Yes,Yes,DSL,No,No,Yes,No,No,Yes,Month-to-month,No,Electronic check,55.8,300.44,0,No
CUST-12240,Male,1,Yes,Yes,17,Yes,No,No,No internet service,No internet service,No internet service,No internet service,No internet service,No internet service,Month-to-month,No,Electronic check,18.0,304.72,2,No
CUST-12241,Male,0,No,No,16,Yes,Yes,No,No internet service,No internet service,No internet service,No internet service,No internet service,No internet service,One year,No,Bank transfer (automatic),23.04,358.01,1,No
CUST-12242,Male,0,Yes,No,20,No,No phone service,Fiber optic,No,No,No,Yes,No,No,Two year,Yes,Credit card (automatic),76.43,1512.71,0,Yes
CUST-12243,Female,1,Yes,Yes,34,No,No phone service,Fiber optic,No,No,Yes,No,No,No,One year,Yes,Mailed check,69.96,2383.96,0,No
CUST-12244,Female,0,Yes,No,2,Yes,No,Fiber optic,Yes,Yes,No,No,No,Yes,Month-to-month,Yes,Credit card (automatic),89.6,149.88,4,Yes
CUST-12245,Female,0,No,No,15,No,No phone service,DSL,Yes,Yes,No,No,Yes,Yes,Two year,Yes,Bank transfer (automatic),74.82,1117.36,0,No
CUST-12246,Male,0,Yes,Yes,16,Yes,No,DSL,Yes,Yes,No,No,No,No,One year,Yes,Mailed check,57.79,893.96,0,No
CUST-12247,Male,1,Yes,No,25,Yes,No,No,No internet service,No internet service,No internet service,No internet service,No internet service,No internet service,Month-to-month,Yes,Bank transfer (automatic),18.0,439.33,0,No
CUST-12248,Female,0,Yes,No,27,Yes,Yes,Fiber optic,No,No,No,No,Yes,No,One year,Yes,Credit card (automatic),76.72,2105.97,0,No
CUST-12249,Male,0,No,No,19,Yes,No,DSL,No,No,Yes,Yes,Yes,No,One year,No,Electronic check,65.34,1238.23,0,No
CUST-12250,Male,0,No,Yes,72,Yes,Yes,Fiber optic,Yes,No,No,Yes,Yes,Yes,Month-to-month,Yes,Electronic check,86.62,6262.62,2,No
CUST-12251,Male,1,No,No,21,No,No phone service,DSL,No,No,Yes,No,Yes,No,Month-to-month,Yes,Electronic check,53.52,1118.55,3,No
CUST-12252,Male,0,No,No,33,Yes,Yes,No,No internet service,No internet service,No internet service,No internet service,No internet service,No internet service,Month-to-month,Yes,Credit card (automatic),20.15,684.1,3,No
CUST-12253,Female,0,No,No,38,Yes,No,Fiber optic,Yes,No,No,No,Yes,Yes,Two year,No,Credit card (automatic),84.9,3199.76,0,Yes
CUST-12254,Female,1,Yes,No,10,Yes,No,Fiber optic,No,No,No,Yes,No,No,Month-to-month,No,Mailed check,76.41,749.0,0,Yes
CUST-12255,Female,0,No,No,11,Yes,No,DSL,Yes,No,Yes,No,No,No,Month-to-month,Yes,Credit card (automatic),63.04,718.76,0,Yes
CUST-12256,Male,0,Yes,Yes,38,Yes,Yes,No,No internet service,No internet service,No internet service,No internet service,No internet service,No internet service,Month-to-month,No,Mailed check,18.0,681.08,0,Yes
CUST-12257,Female,0,Yes,No,58,Yes,Yes,No,No internet service,No internet service,No internet service,No internet service,No internet service,No internet service,Two year,Yes,Mailed check,18.0,1027.4,0,No
CUST-12258,Female,0,No,No,72,Yes,No,No,No internet service,No internet service,No internet service,No internet service,No internet service,No internet service,Month-to-month,No,Credit card (automatic),18.0,1306.85,2,Yes
CUST-12259,Male,1,Yes,No,11,Yes,Yes,Fiber optic,Yes,No,Yes,No,No,No,One year,Yes,Mailed check,82.21,902.36,0,No
CUST-12260,Male,0,Yes,No,47,Yes,No,No,No internet service,No internet service,No internet service,No internet service,No internet service,No internet service,One year,Yes,Mailed check,18.0,861.57,0,No
CUST-12261,Female,0,Yes,No,23,Yes,No,DSL,No,Yes,No,Yes,Yes,Yes,One year,Yes,Electronic check,76.05,1723.93,2,No
CUST-12262,Female,0,No,No,57,Yes,Yes,DSL,Yes,Yes,Yes,No,No,No,Two year,Yes,Electronic check,65.96,3755.13,0,No
CUST-12263,Female,0,Yes,No,31,Yes,Yes,Fiber optic,No,No,Yes,No,No,No,Month-to-month,No,Bank transfer (automatic),68.96,2137.79,1,Yes
CUST-12264,Female,1,No,No,36,Yes,No,DSL,Yes,Yes,No,Yes,No,No,Two year,No,Electronic check,61.78,2250.49,0,No
CUST-12265,Male,0,No,Yes,64,Yes,No,DSL,Yes,No,No,Yes,Yes,No,Two year,Yes,Bank transfer (automatic),63.53,4077.99,0,No
CUST-12266,Female,0,No,Yes,69,Yes,No,Fiber optic,Yes,No,No,No,No,Yes,Two year,Yes,Bank transfer (automatic),76.71,5272.69,1,No
CUST-12267,Female,0,Yes,No,26,Yes,Yes,Fiber optic,Yes,Yes,No,Yes,Yes,Yes,Two year,Yes,Mailed check,89.06,2326.72,0,No
CUST-12268,Male,1,No,No,4,Yes,Yes,No,No internet service,No internet service,No internet service,No internet service,No internet service,No internet service,Two year,Yes,Bank transfer (automatic),18.0,16.38,2,No
CUST-12269,Female,0,Yes,No,13,Yes,No,DSL,Yes,Yes,No,No,No,No,Month-to-month,No,Credit card (automatic),60.9,768.38,3,No
CUST-12270,Male,0,Yes,No,72,Yes,No,No,No internet service,No internet service,No internet service,No internet service,No internet service,No internet service,Month-to-month,Yes,Electronic check,18.0,1309.84,2,No
CUST-12271,Male,0,Yes,No,37,Yes,No,Fiber optic,No,No,No,Yes,Yes,No,Month-to-month,Yes,Mailed check,87.6,3252.88,1,No
CUST-12272,Male,0,No,No,11,Yes,No,Fiber optic,No,No,No,No,Yes,No,Month-to-month,No,Credit card (automatic),70.7,762.48,2,Yes
CUST-12273,Female,0,Yes,No,14,Yes,Yes,DSL,No,No,No,Yes,No,Yes,One year,Yes,Electronic check,43.05,579.33,1,No
CUST-12274,Female,0,Yes,Yes,51,No,No phone service,Fiber optic,Yes,No,Yes,Yes,No,No,Month-to-month,Yes,Electronic check,92.45,4730.52,1,Yes
CUST-12275,Male,0,Yes,No,72,No,No phone service,No,No internet service,No internet service,No internet service,No internet service,No internet service,No internet service,Month-to-month,Yes,Mailed check,18.0,1310.93,3,Yes
CUST-12276,Female,0,Yes,No,24,Yes,Yes,Fiber optic,No,Yes,No,No,Yes,Yes,One year,Yes,Mailed check,85.33,2055.08,2,Yes
CUST-12277,Female,0,No,No,57,Yes,Yes,DSL,No,No,No,Yes,Yes,No,Two year,Yes,Electronic check,57.44,3273.64,0,No
CUST-12278,Male,1,No,Yes,47,Yes,Yes,Fiber optic,Yes,No,No,Yes,No,Yes,One year,Yes,Mailed check,79.85,3737.73,0,No
CUST-12279,Male,0,No,Yes,31,Yes,Yes,Fiber optic,Yes,Yes,Yes,Yes,No,No,Two year,No,Mailed check,86.5,2690.95,0,No
CUST-12280,Female,1,Yes,No,41,Yes,No,DSL,No,Yes,No,No,Yes,Yes,One year,No,Mailed check,59.51,2421.51,0,No
CUST-12281,Male,0,Yes,No,30,Yes,Yes,No,No internet service,No internet service,No internet service,No internet service,No internet service,No internet service,Two year,No,Bank transfer (automatic),25.08,735.64,0,No
CUST-12282,Female,0,No,No,59,Yes,Yes,Fiber optic,No,Yes,No,Yes,No,Yes,Month-to-month,No,Bank transfer (automatic),87.92,5169.58,1,Yes
CUST-12283,Female,1,Yes,No,42,Yes,No,Fiber optic,No,Yes,Yes,No,Yes,No,Two year,Yes,Mailed check,87.83,3705.53,0,No
CUST-12284,Female,0,No,No,5,Yes,No,DSL,No,Yes,No,No,No,Yes,Month-to-month,Yes,Mailed check,60.91,315.58,3,Yes
CUST-12285,Female,0,Yes,No,21,Yes,No,DSL,Yes,No,No,Yes,Yes,Yes,Two year,No,Bank transfer (automatic),71.03,1469.41,1,No
CUST-12286,Male,1,No,No,10,Yes,No,No,No internet service,No internet service,No internet service,No internet service,No internet service,No internet service,One year,Yes,Mailed check,18.0,158.84,1,No
CUST-12287,Male,0,Yes,Yes,27,Yes,Yes,DSL,No,No,Yes,No,Yes,No,One year,Yes,Credit card (automatic),52.12,1448.89,0,No
CUST-12288,Male,0,Yes,No,20,Yes,No,Fiber optic,No,Yes,Yes,No,Yes,Yes,One year,Yes,Mailed check,94.61,1921.84,0,Yes
CUST-12289,Male,0,No,No,14,Yes,No,Fiber optic,No,No,Yes,No,Yes,No,Two year,No,Bank transfer (automatic),80.27,1099.96,1,No
CUST-12290,Female,0,No,No,8,Yes,No,DSL,No,No,No,Yes,Yes,No,Two year,Yes,Electronic check,55.43,456.56,0,No
CUST-12291,Female,0,Yes,No,2,Yes,Yes,Fiber optic,No,No,No,No,No,Yes,Month-to-month,Yes,Credit card (automatic),65.35,80.68,4,Yes
CUST-12292,Male,0,No,Yes,58,Yes,No,Fiber optic,No,No,No,No,No,Yes,Month-to-month,Yes,Mailed check,75.43,4360.13,0,Yes
CUST-12293,Female,0,No,No,58,No,No phone service,No,No internet service,No internet service,No internet service,No internet service,No internet service,No internet service,Month-to-month,No,Bank transfer (automatic),23.91,1352.3,2,No
CUST-12294,Female,0,Yes,No,7,Yes,Yes,Fiber optic,No,Yes,Yes,Yes,Yes,No,Month-to-month,Yes,Mailed check,90.17,612.15,1,Yes
CUST-12295,Female,0,Yes,No,31,Yes,No,No,No internet service,No internet service,No internet service,No internet service,No internet service,No internet service,Month-to-month,Yes,Electronic check,18.92,589.82,2,Yes
CUST-12296,Male,0,Yes,No,4,Yes,Yes,Fiber optic,No,Yes,Yes,No,No,Yes,One year,No,Mailed check,94.17,386.35,0,No
CUST-12297,Male,0,Yes,No,12,Yes,No,DSL,Yes,Yes,No,Yes,No,Yes,Month-to-month,No,Electronic check,63.72,749.28,2,No
CUST-12298,Male,0,No,No,19,Yes,Yes,DSL,No,No,No,Yes,Yes,No,One year,Yes,Mailed check,64.91,1255.69,0,No
CUST-12299,Female,0,Yes,No,13,Yes,No,No,No internet service,No internet service,No internet service,No internet service,No internet service,No internet service,Month-to-month,Yes,Electronic check,18.0,231.65,1,No
CUST-12300,Male,0,Yes,No,37,Yes,Yes,Fiber optic,No,Yes,No,No,Yes,No,One year,Yes,Electronic check,83.31,3103.42,0,No
CUST-12301,Male,0,Yes,No,0,No,No phone service,Fiber optic,No,No,No,No,No,Yes,Month-to-month,No,Electronic check,67.0,,5,Yes
CUST-12302,Male,0,No,Yes,12,Yes,Yes,No,No internet service,No internet service,No internet service,No internet service,No internet service,No internet service,One year,Yes,Bank transfer (automatic),23.01,233.97,2,Yes
CUST-12303,Male,1,Yes,Yes,45,No,No phone service,DSL,Yes,No,Yes,No,Yes,Yes,One year,Yes,Bank transfer (automatic),62.29,2817.55,0,No
CUST-12304,Male,0,Yes,No,3,Yes,No,Fiber optic,No,No,Yes,Yes,No,No,Month-to-month,Yes,Electronic check,75.01,195.89,2,Yes
CUST-12305,Male,0,Yes,Yes,13,Yes,No,Fiber optic,Yes,No,No,No,No,Yes,Month-to-month,No,Mailed check,77.93,1080.3,2,No
CUST-12306,Female,0,No,Yes,49,Yes,No,Fiber optic,No,Yes,Yes,Yes,Yes,No,Month-to-month,No,Mailed check,88.69,4304.32,0,No
CUST-12307,Female,0,Yes,No,72,Yes,Yes,Fiber optic,Yes,No,Yes,No,No,Yes,Two year,Yes,Mailed check,86.1,6225.43,0,No
CUST-12308,Male,1,No,Yes,58,Yes,No,Fiber optic,Yes,No,No,Yes,No,No,One year,Yes,Electronic check,84.74,4947.48,1,No
CUST-12309,Male,1,Yes,Yes,18,No,No phone service,DSL,No,No,Yes,No,No,Yes,One year,No,Electronic check,62.09,1133.67,1,No
CUST-12310,Female,0,Yes,No,72,Yes,Yes,Fiber optic,No,Yes,No,No,No,No,Month-to-month,No,Credit card (automatic),85.19,6143.0,0,No
CUST-12311,Female,0,No,No,46,Yes,No,Fiber optic,No,No,Yes,Yes,Yes,No,Month-to-month,No,Credit card (automatic),85.58,3925.07,0,No
CUST-12312,Male,1,Yes,No,7,Yes,Yes,No,No internet service,No internet service,No internet service,No internet service,No internet service,No internet service,Month-to-month,No,Mailed check,18.78,142.48,0,No
CUST-12313,Male,1,No,No,4,Yes,No,DSL,No,Yes,Yes,Yes,No,No,Month-to-month,Yes,Bank transfer (automatic),62.27,248.99,1,No
CUST-12314,Male,0,No,No,43,No,No phone service,No,No internet service,No internet service,No internet service,No internet service,No internet service,No internet service,Month-to-month,Yes,Mailed check,18.0,741.63,1,No
CUST-12315,Male,0,No,No,21,Yes,Yes,Fiber optic,Yes,Yes,No,No,No,Yes,Month-to-month,No,Electronic check,75.17,1551.85,0,Yes
CUST-12316,Female,0,No,No,7,No,No phone service,Fiber optic,Yes,Yes,Yes,No,Yes,No,One year,Yes,Credit card (automatic),93.32,642.48,1,No
CUST-12317,Male,1,Yes,No,20,Yes,Yes,Fiber optic,No,No,No,Yes,No,No,Month-to-month,Yes,Electronic check,69.5,1398.76,0,No
CUST-12318,Male,0,Yes,No,52,No,No phone service,Fiber optic,No,No,No,No,No,No,Month-to-month,Yes,Bank transfer (automatic),69.96,3684.45,0,No
CUST-12319,Male,0,No,No,13,Yes,Yes,Fiber optic,No,No,No,No,Yes,Yes,One year,No,Mailed check,78.61,1014.49,0,No
CUST-12320,Male,0,No,No,13,Yes,Yes,No,No internet service,No internet service,No internet service,No internet service,No internet service,No internet service,One year,Yes,Bank transfer (automatic),18.0,218.45,1,No
CUST-12321,Female,0,No,Yes,20,Yes,No,Fiber optic,Yes,Yes,No,No,Yes,Yes,One year,Yes,Mailed check,88.65,1776.39,1,Yes
CUST-12322,Female,0,Yes,No,22,Yes,No,No,No internet service,No internet service,No internet service,No internet service,No internet service,No internet service,Month-to-month,No,Bank transfer (automatic),18.0,404.63,1,No
CUST-12323,Female,1,Yes,Yes,17,Yes,Yes,Fiber optic,Yes,Yes,No,No,Yes,No,Two year,No,Electronic check,87.06,1478.79,1,Yes
CUST-12324,Male,0,No,No,37,Yes,No,No,No internet service,No internet service,No internet service,No internet service,No internet service,No internet service,Two year,No,Electronic check,18.0,678.5,0,No
CUST-12325,Male,0,Yes,No,40,Yes,No,DSL,No,No,No,No,No,No,Month-to-month,Yes,Credit card (automatic),45.84,1854.71,3,No
CUST-12326,Female,0,Yes,No,22,Yes,No,Fiber optic,No,Yes,No,No,Yes,Yes,Month-to-month,Yes,Bank transfer (automatic),80.07,1735.83,1,Yes
CUST-12327,Male,0,Yes,Yes,13,Yes,No,No,No internet service,No internet service,No internet service,No internet service,No internet service,No internet service,Two year,Yes,Credit card (automatic),21.91,281.94,0,No
CUST-12328,Male,0,No,No,15,Yes,Yes,No,No internet service,No internet service,No internet service,No internet service,No internet service,No internet service,Two year,No,Mailed check,27.99,443.68,0,No
CUST-12329,Female,0,Yes,Yes,62,Yes,No,No,No internet service,No internet service,No internet service,No internet service,No internet service,No internet service,Month-to-month,Yes,Mailed check,21.36,1298.38,0,No
CUST-12330,Female,0,No,No,72,Yes,No,DSL,Yes,No,No,Yes,No,No,Month-to-month,No,Mailed check,61.26,4404.94,2,No
CUST-12331,Female,0,Yes,No,6,Yes,Yes,Fiber optic,No,Yes,No,No,No,Yes,Two year,Yes,Electronic check,79.64,460.25,0,No
CUST-12332,Female,0,No,Yes,8,Yes,No,DSL,Yes,No,No,Yes,No,No,Month-to-month,Yes,Bank transfer (automatic),54.44,460.5,3,Yes
CUST-12333,Male,0,No,No,15,Yes,No,Fiber optic,Yes,No,Yes,Yes,No,Yes,Two year,Yes,Credit card (automatic),95.28,1402.31,0,No
CUST-12334,Male,1,Yes,Yes,63,Yes,No,DSL,Yes,Yes,Yes,No,No,No,Month-to-month,No,Credit card (automatic),60.39,3818.12,0,No
CUST-12335,Female,1,No,No,17,Yes,Yes,DSL,Yes,Yes,No,Yes,No,No,Two year,No,Mailed check,66.8,1153.19,0,No
CUST-12336,Male,0,Yes,Yes,37,Yes,No,Fiber optic,No,Yes,Yes,No,No,Yes,Month-to-month,No,Mailed check,85.93,3200.82,1,No
CUST-12337,Female,0,Yes,Yes,20,Yes,No,Fiber optic,No,No,No,Yes,No,Yes,Month-to-month,Yes,Credit card (automatic),82.09,1638.37,0,No
CUST-12338,Female,1,No,Yes,15,Yes,Yes,DSL,Yes,No,No,Yes,No,Yes,Two year,No,Bank transfer (automatic),59.02,876.68,2,No
CUST-12339,Male,0,Yes,Yes,19,No,No phone service,Fiber optic,Yes,No,Yes,No,No,No,Month-to-month,No,Credit card (automatic),74.55,1420.32,0,No
CUST-12340,Female,0,Yes,No,7,Yes,No,DSL,No,No,No,No,No,Yes,Month-to-month,Yes,Bank transfer (automatic),49.85,380.3,0,No
CUST-12341,Male,1,Yes,No,41,Yes,No,DSL,Yes,No,No,No,Yes,No,Two year,No,Credit card (automatic),54.79,2241.16,0,No
CUST-12342,Male,0,Yes,No,12,Yes,No,Fiber optic,Yes,Yes,Yes,No,Yes,No,Month-to-month,Yes,Electronic check,89.27,1054.86,1,No
CUST-12343,Male,0,No,Yes,14,No,No phone service,Fiber optic,Yes,No,Yes,No,No,Yes,Month-to-month,No,Bank transfer (automatic),88.9,1266.39,1,Yes
CUST-12344,Male,1,Yes,No,11,Yes,No,Fiber optic,Yes,No,Yes,No,Yes,No,Month-to-month,No,Electronic check,91.97,991.34,2,Yes
CUST-12345,Female,0,No,No,69,No,No phone service,DSL,No,No,No,Yes,Yes,No,One year,Yes,Bank transfer (automatic),61.99,4295.53,0,No
CUST-12346,Male,0,No,No,16,Yes,No,Fiber optic,No,No,No,Yes,Yes,No,One year,Yes,Bank transfer (automatic),80.34,1291.51,0,No
CUST-12347,Female,0,Yes,No,28,Yes,Yes,DSL,No,No,Yes,No,No,Yes,Two year,Yes,Electronic check,53.13,1504.09,0,No
CUST-12348,Female,0,Yes,No,2,Yes,Yes,DSL,No,No,Yes,No,Yes,Yes,Month-to-month,Yes,Bank transfer (automatic),57.36,82.03,1,Yes
CUST-12349,Female,0,No,Yes,0,Yes,No,Fiber optic,No,Yes,Yes,Yes,No,Yes,Month-to-month,Yes,Electronic check,102.71,,2,No
CUST-12350,Female,0,Yes,No,7,Yes,No,No,No internet service,No internet service,No internet service,No internet service,No internet service,No internet service,Month-to-month,No,Electronic check,26.46,173.12,0,Yes
CUST-12351,Male,1,Yes,No,49,Yes,No,DSL,Yes,Yes,No,Yes,No,No,Two year,Yes,Electronic check,61.74,3021.56,0,No
CUST-12352,Male,0,Yes,No,27,Yes,Yes,DSL,No,No,No,No,Yes,Yes,One year,Yes,Mailed check,45.87,1237.62,2,No
CUST-12353,Female,0,No,Yes,72,Yes,No,DSL,Yes,No,No,No,Yes,No,Two year,No,Electronic check,55.36,3980.66,2,No
CUST-12354,Female,0,No,Yes,54,Yes,Yes,Fiber optic,No,No,No,No,Yes,Yes,Two year,Yes,Electronic check,85.43,4607.03,1,No
CUST-12355,Male,0,Yes,No,11,Yes,No,DSL,Yes,Yes,No,No,Yes,No,Month-to-month,No,Electronic check,57.91,600.99,1,Yes
CUST-12356,Female,0,Yes,Yes,20,No,No phone service,DSL,Yes,No,No,No,No,No,Month-to-month,Yes,Electronic check,44.82,908.72,4,Yes
CUST-12357,Male,1,No,Yes,61,No,No phone service,No,No internet service,No internet service,No internet service,No internet service,No internet service,No internet service,One year,No,Electronic check,23.35,1402.83,0,No
CUST-12358,Female,1,No,No,19,Yes,No,DSL,No,No,No,No,Yes,No,Month-to-month,Yes,Bank transfer (automatic),50.63,974.83,0,Yes
CUST-12359,Male,0,No,No,39,Yes,No,Fiber optic,Yes,No,No,No,No,Yes,Month-to-month,No,Bank transfer (automatic),81.22,3132.52,1,No
CUST-12360,Female,0,No,No,6,Yes,No,No,No internet service,No internet service,No internet service,No internet service,No internet service,No internet service,Two year,No,Credit card (automatic),20.11,126.67,0,No
CUST-12361,Female,0,Yes,Yes,31,Yes,No,DSL,No,Yes,Yes,No,No,No,Month-to-month,No,Electronic check,49.5,1535.7,2,No
CUST-12362,Male,0,No,No,23,Yes,No,Fiber optic,Yes,Yes,No,No,No,No,One year,Yes,Credit card (automatic),77.52,1783.02,0,No
CUST-12363,Female,0,Yes,Yes,11,No,No phone service,Fiber optic,No,No,No,No,No,Yes,One year,Yes,Mailed check,75.26,806.67,1,No
CUST-12364,Female,0,Yes,No,21,Yes,Yes,No,No internet service,No internet service,No internet service,No internet service,No internet service,No internet service,One year,No,Mailed check,18.0,404.35,0,No
CUST-12365,Male,1,No,No,30,Yes,No,No,No internet service,No internet service,No internet service,No internet service,No internet service,No internet service,Month-to-month,Yes,Mailed check,18.0,539.88,1,No
CUST-12366,Female,0,Yes,No,48,No,No phone service,Fiber optic,No,No,Yes,Yes,No,Yes,One year,Yes,Electronic check,93.99,4485.66,1,Yes
CUST-12367,Male,0,No,No,70,Yes,No,DSL,Yes,No,No,Yes,No,No,Month-to-month,Yes,Mailed check,57.18,4023.2,2,No
CUST-12368,Male,0,Yes,No,43,Yes,No,Fiber optic,No,No,Yes,No,No,No,Two year,Yes,Bank transfer (automatic),76.66,3276.91,2,No
CUST-12369,Female,0,No,Yes,57,Yes,Yes,No,No internet service,No internet service,No internet service,No internet service,No internet service,No internet service,Month-to-month,Yes,Credit card (automatic),23.58,1338.2,1,No
CUST-12370,Female,0,No,Yes,10,Yes,Yes,DSL,No,No,Yes,No,No,No,Two year,Yes,Credit card (automatic),53.55,556.77,0,No
CUST-12371,Female,0,Yes,No,8,Yes,No,No,No internet service,No internet service,No internet service,No internet service,No internet service,No internet service,Month-to-month,Yes,Bank transfer (automatic),20.79,168.13,3,No
CUST-12372,Female,0,No,Yes,36,Yes,Yes,No,No internet service,No internet service,No internet service,No internet service,No internet service,No internet service,Two year,Yes,Bank transfer (automatic),18.0,619.24,1,No
CUST-12373,Female,0,Yes,No,6,Yes,Yes,DSL,No,No,Yes,No,No,Yes,Two year,Yes,Mailed check,51.05,278.36,2,No
CUST-12374,Female,0,No,Yes,19,Yes,Yes,No,No internet service,No internet service,No internet service,No internet service,No internet service,No internet service,One year,No,Credit card (automatic),21.77,396.46,0,No
CUST-12375,Female,0,Yes,No,43,Yes,No,DSL,Yes,No,No,No,No,Yes,Month-to-month,No,Bank transfer (automatic),63.56,2735.94,1,Yes
CUST-12376,Male,0,No,No,63,Yes,Yes,Fiber optic,No,No,Yes,No,Yes,No,Month-to-month,Yes,Electronic check,69.18,4361.17,0,No
CUST-12377,Female,0,Yes,No,31,No,No phone service,Fiber optic,Yes,No,No,No,Yes,Yes,One year,No,Bank transfer (automatic),90.56,2843.66,0,No
CUST-12378,Male,0,Yes,No,9,Yes,No,Fiber optic,No,Yes,Yes,No,Yes,Yes,One year,No,Mailed check,85.73,743.08,0,No
CUST-12379,Female,0,Yes,Yes,24,No,No phone service,Fiber optic,No,No,Yes,No,No,No,Month-to-month,No,Bank transfer (automatic),77.53,1880.28,1,No
CUST-12380,Female,0,Yes,No,26,Yes,Yes,Fiber optic,No,No,No,No,No,Yes,One year,No,Credit card (automatic),74.35,1954.07,2,Yes
CUST-12381,Male,0,No,No,13,Yes,No,Fiber optic,Yes,No,No,No,Yes,Yes,One year,Yes,Bank transfer (automatic),84.4,1121.5,1,Yes
CUST-12382,Female,0,No,Yes,4,Yes,No,Fiber optic,No,No,Yes,No,No,Yes,Month-to-month,No,Credit card (automatic),81.42,300.46,1,Yes
CUST-12383,Female,0,No,No,43,Yes,No,No,No internet service,No internet service,No internet service,No internet service,No internet service,No internet service,Month-to-month,No,Credit card (automatic),22.69,968.57,2,Yes
CUST-12384,Male,0,Yes,No,20,Yes,Yes,Fiber optic,No,No,Yes,Yes,No,Yes,Month-to-month,Yes,Electronic check,92.24,1846.34,1,No
CUST-12385,Female,0,No,No,39,Yes,Yes,Fiber optic,Yes,No,Yes,No,No,Yes,Month-to-month,No,Electronic check,83.03,3230.68,0,Yes
CUST-12386,Female,0,Yes,No,29,Yes,Yes,Fiber optic,No,No,No,Yes,Yes,Yes,Month-to-month,Yes,Mailed check,88.99,2585.77,2,No
CUST-12387,Female,1,No,No,20,Yes,Yes,DSL,No,No,No,No,No,No,Two year,Yes,Credit card (automatic),46.55,929.76,1,No
CUST-12388,Male,0,No,No,18,No,No phone service,DSL,No,Yes,No,Yes,No,No,Month-to-month,Yes,Electronic check,58.05,1069.71,1,No
CUST-12389,Female,1,Yes,Yes,23,Yes,Yes,Fiber optic,Yes,No,No,No,Yes,Yes,Month-to-month,No,Bank transfer (automatic),85.98,1994.4,1,No
CUST-12390,Female,0,Yes,No,36,Yes,No,Fiber optic,No,No,Yes,No,No,No,Month-to-month,No,Mailed check,78.09,2781.34,4,Yes
CUST-12391,Female,0,Yes,No,1,Yes,No,Fiber optic,No,No,No,No,Yes,No,Two year,Yes,Bank transfer (automatic),84.97,87.96,0,No
CUST-12392,Female,1,No,No,35,Yes,No,No,No internet service,No internet service,No internet service,No internet service,No internet service,No internet service,Month-to-month,Yes,Electronic check,20.86,704.33,0,No
CUST-12393,Male,0,No,No,33,Yes,No,Fiber optic,No,No,No,No,No,No,Two year,Yes,Electronic check,69.17,2250.28,0,No
CUST-12394,Male,0,No,No,43,Yes,Yes,Fiber optic,No,Yes,No,No,No,No,Month-to-month,Yes,Electronic check,74.37,3196.66,0,Yes
CUST-12395,Female,0,Yes,No,65,Yes,No,No,No internet service,No internet service,No internet service,No internet service,No internet service,No internet service,Month-to-month,No,Mailed check,21.08,1346.39,2,No
CUST-12396,Female,0,No,No,13,Yes,Yes,Fiber optic,No,Yes,No,Yes,Yes,No,One year,No,Electronic check,85.99,1144.56,0,Yes
CUST-12397,Male,0,No,No,5,Yes,No,Fiber optic,No,Yes,No,No,Yes,No,Month-to-month,No,Credit card (automatic),89.23,439.26,0,Yes
CUST-12398,Male,0,Yes,Yes,28,Yes,No,No,No internet service,No internet service,No internet service,No internet service,No internet service,No internet service,One year,No,Mailed check,18.0,533.94,0,No
CUST-12399,Female,1,No,No,26,Yes,Yes,Fiber optic,No,Yes,No,No,Yes,Yes,Two year,No,Bank transfer (automatic),93.37,2435.51,0,No
CUST-12400,Male,0,Yes,No,18,Yes,Yes,No,No internet service,No internet service,No internet service,No internet service,No internet service,No internet service,Month-to-month,Yes,Credit card (automatic),18.0,320.62,2,No
CUST-12401,Female,1,Yes,No,34,Yes,Yes,No,No internet service,No internet service,No internet service,No internet service,No internet service,No internet service,One year,Yes,Bank transfer (automatic),19.64,660.89,0,No
CUST-12402,Male,1,No,Yes,14,Yes,No,Fiber optic,No,Yes,No,No,Yes,No,One year,Yes,Electronic check,84.1,1150.58,0,Yes
CUST-12403,Male,0,Yes,No,20,Yes,Yes,DSL,No,No,No,Yes,No,No,Two year,Yes,Credit card (automatic),47.83,919.47,1,Yes
CUST-12404,Male,0,No,No,35,Yes,No,No,No internet service,No internet service,No internet service,No internet service,No internet service,No internet service,Month-to-month,No,Electronic check,18.0,623.42,2,Yes
CUST-12405,Male,1,No,No,18,Yes,No,No,No internet service,No internet service,No internet service,No internet service,No internet service,No internet service,Month-to-month,Yes,Electronic check,18.0,329.39,1,No
CUST-12406,Female,1,Yes,Yes,26,Yes,Yes,DSL,No,No,No,No,Yes,No,One year,No,Mailed check,46.87,1235.08,0,No
CUST-12407,Male,0,No,No,18,Yes,No,Fiber optic,No,No,No,No,Yes,No,Two year,Yes,Electronic check,76.37,1396.16,2,No
CUST-12408,Male,0,No,Yes,9,Yes,No,Fiber optic,No,Yes,Yes,No,No,Yes,Month-to-month,No,Bank transfer (automatic),96.53,839.26,1,Yes
CUST-12409,Female,0,Yes,No,43,Yes,Yes,No,No internet service,No internet service,No internet service,No internet service,No internet service,No internet service,Month-to-month,Yes,Mailed check,22.93,993.9,3,No
CUST-12410,Male,0,Yes,Yes,40,Yes,Yes,DSL,No,No,Yes,No,No,Yes,Month-to-month,Yes,Mailed check,60.08,2394.83,2,No
CUST-12411,Male,0,Yes,No,39,Yes,No,Fiber optic,Yes,No,No,No,No,No,One year,No,Electronic check,69.93,2764.48,1,No
CUST-12412,Female,0,Yes,Yes,21,Yes,No,Fiber optic,Yes,No,Yes,No,Yes,Yes,Month-to-month,No,Mailed check,86.59,1863.22,2,No
CUST-12413,Male,0,Yes,Yes,45,Yes,No,Fiber optic,Yes,No,Yes,No,Yes,Yes,Month-to-month,No,Electronic check,96.04,4345.18,1,No
CUST-12414,Female,0,Yes,Yes,46,Yes,Yes,No,No internet service,No internet service,No internet service,No internet service,No internet service,No internet service,One year,No,Electronic check,18.0,815.67,3,No
CUST-12415,Female,0,Yes,No,60,Yes,No,No,No internet service,No internet service,No internet service,No internet service,No internet service,No internet service,Month-to-month,Yes,Mailed check,19.64,1140.92,0,No
CUST-12416,Female,0,No,No,22,Yes,No,DSL,No,No,Yes,No,No,Yes,Month-to-month,Yes,Bank transfer (automatic),61.7,1337.27,1,Yes
CUST-12417,Female,0,Yes,No,27,Yes,No,DSL,No,Yes,Yes,No,Yes,No,Month-to-month,No,Bank transfer (automatic),60.51,1632.86,0,Yes
CUST-12418,Male,0,No,No,9,Yes,No,DSL,No,No,No,No,Yes,Yes,Month-to-month,Yes,Electronic check,54.98,506.05,2,Yes
CUST-12419,Female,0,No,No,65,Yes,Yes,Fiber optic,No,No,No,Yes,No,No,Month-to-month,No,Credit card (automatic),79.28,5144.77,3,Yes
CUST-12420,Male,0,No,No,19,Yes,No,Fiber optic,No,No,No,Yes,No,No,Month-to-month,Yes,Electronic check,74.59,1424.05,1,Yes
CUST-12421,Male,0,Yes,Yes,7,Yes,No,Fiber optic,No,No,Yes,Yes,Yes,No,Month-to-month,Yes,Bank transfer (automatic),91.46,657.09,0,No
CUST-12422,Male,1,No,Yes,61,Yes,No,DSL,No,No,Yes,Yes,No,Yes,Two year,Yes,Electronic check,58.34,3582.42,1,No
CUST-12423,Male,0,No,No,21,Yes,No,DSL,Yes,No,No,Yes,No,No,Month-to-month,No,Bank transfer (automatic),62.0,1279.35,1,No
CUST-12424,Male,0,No,No,72,Yes,Yes,DSL,No,No,Yes,No,No,Yes,One year,No,Mailed check,55.92,4026.92,0,No
CUST-12425,Male,0,Yes,Yes,25,Yes,No,Fiber optic,Yes,No,No,Yes,No,No,Month-to-month,No,Mailed check,74.3,1864.62,2,No
CUST-12426,Male,1,Yes,Yes,13,Yes,Yes,Fiber optic,No,No,No,No,Yes,Yes,Month-to-month,Yes,Electronic check,82.33,1054.97,1,Yes
CUST-12427,Male,0,No,Yes,44,Yes,Yes,DSL,No,Yes,No,No,No,Yes,Two year,Yes,Mailed check,48.95,2158.01,0,No
CUST-12428,Male,0,Yes,No,20,Yes,No,DSL,Yes,No,Yes,Yes,Yes,No,Month-to-month,No,Bank transfer (automatic),67.1,1364.33,3,Yes
CUST-12429,Male,0,Yes,Yes,38,Yes,No,No,No internet service,No internet service,No internet service,No internet service,No internet service,No internet service,Month-to-month,Yes,Bank transfer (automatic),18.0,712.41,1,Yes
CUST-12430,Female,0,Yes,No,13,Yes,No,No,No internet service,No internet service,No internet service,No internet service,No internet service,No internet service,Two year,Yes,Electronic check,18.0,178.47,0,No
CUST-12431,Female,0,No,No,35,Yes,No,DSL,Yes,No,No,No,No,No,One year,Yes,Mailed check,40.56,1425.78,3,No
CUST-12432,Female,0,No,No,17,Yes,Yes,Fiber optic,Yes,No,No,Yes,No,No,One year,Yes,Electronic check,85.1,1452.57,1,No
CUST-12433,Male,0,Yes,Yes,42,Yes,Yes,DSL,Yes,No,No,Yes,Yes,No,One year,Yes,Electronic check,55.96,2366.28,1,No
CUST-12434,Female,0,No,Yes,22,Yes,Yes,DSL,No,No,No,No,Yes,Yes,Month-to-month,No,Electronic check,58.57,1303.42,1,Yes
CUST-12435,Female,0,No,No,27,Yes,No,Fiber optic,No,Yes,No,Yes,Yes,No,Two year,No,Electronic check,88.81,2392.18,0,No
CUST-12436,Female,0,No,No,20,Yes,No,Fiber optic,No,No,Yes,No,No,Yes,Two year,Yes,Bank transfer (automatic),87.58,1747.44,0,Yes
CUST-12437,Male,1,No,No,23,Yes,No,Fiber optic,Yes,Yes,Yes,Yes,No,No,Month-to-month,Yes,Mailed check,94.3,2177.29,3,Yes
CUST-12438,Male,0,No,No,41,Yes,Yes,No,No internet service,No internet service,No internet service,No internet service,No internet service,No internet service,Two year,No,Credit card (automatic),18.0,717.42,0,No
CUST-12439,Male,1,No,No,9,Yes,No,Fiber optic,No,No,Yes,No,Yes,No,Month-to-month,Yes,Bank transfer (automatic),85.9,769.18,1,Yes
CUST-12440,Male,0,Yes,No,30,Yes,No,Fiber optic,No,No,No,No,No,Yes,One year,No,Bank transfer (automatic),74.24,2226.37,1,No
CUST-12441,Female,0,No,No,72,No,No phone service,Fiber optic,No,Yes,Yes,Yes,Yes,No,Month-to-month,Yes,Mailed check,99.23,7133.29,0,No
CUST-12442,Female,0,Yes,No,55,No,No phone service,DSL,Yes,No,No,No,Yes,No,Month-to-month,Yes,Credit card (automatic),57.16,3119.1,0,No
CUST-12443,Female,1,Yes,Yes,21,No,No phone service,Fiber optic,No,No,No,Yes,Yes,No,Month-to-month,No,Mailed check,84.31,1773.79,2,No
CUST-12444,Female,0,No,Yes,26,Yes,No,DSL,No,No,No,No,No,Yes,Month-to-month,No,Mailed check,54.67,1433.3,2,No
CUST-12445,Male,0,No,Yes,16,Yes,Yes,DSL,No,Yes,No,No,No,No,Month-to-month,Yes,Credit card (automatic),46.49,760.46,1,No
CUST-12446,Male,0,No,Yes,37,Yes,Yes,DSL,No,No,No,No,Yes,Yes,Month-to-month,Yes,Electronic check,59.65,2213.37,1,No
CUST-12447,Male,0,Yes,No,7,Yes,Yes,DSL,No,No,No,No,No,Yes,One year,Yes,Bank transfer (automatic),52.47,363.85,0,No
CUST-12448,Female,0,Yes,No,17,Yes,No,Fiber optic,Yes,Yes,Yes,Yes,Yes,No,Two year,Yes,Electronic check,101.01,1720.76,3,No
CUST-12449,Male,0,No,No,13,Yes,No,No,No internet service,No internet service,No internet service,No internet service,No internet service,No internet service,Month-to-month,Yes,Credit card (automatic),20.78,253.3,3,Yes
CUST-12450,Male,0,Yes,No,17,No,No phone service,No,No internet service,No internet service,No internet service,No internet service,No internet service,No internet service,Two year,No,Credit card (automatic),18.0,319.54,2,No
CUST-12451,Female,0,No,Yes,29,No,No phone service,Fiber optic,Yes,No,No,No,No,No,Month-to-month,Yes,Mailed check,69.73,1975.11,2,No
CUST-12452,Female,0,Yes,No,1,Yes,No,DSL,No,No,No,No,No,Yes,Two year,Yes,Bank transfer (automatic),50.21,39.94,1,No
CUST-12453,Male,0,Yes,Yes,19,Yes,Yes,DSL,No,No,Yes,Yes,Yes,Yes,Month-to-month,No,Bank transfer (automatic),71.08,1356.59,0,Yes
CUST-12454,Male,0,No,No,16,Yes,Yes,DSL,Yes,No,Yes,No,No,No,Two year,Yes,Mailed check,55.74,877.79,2,No
CUST-12455,Male,0,Yes,No,48,Yes,Yes,DSL,No,Yes,No,Yes,No,No,One year,No,Credit card (automatic),58.3,2793.75,0,No
CUST-12456,Male,0,Yes,No,11,Yes,Yes,Fiber optic,Yes,Yes,No,No,Yes,No,Month-to-month,No,Mailed check,72.14,792.14,3,Yes
CUST-12457,Male,0,Yes,No,29,No,No phone service,No,No internet service,No internet service,No internet service,No internet service,No internet service,No internet service,Month-to-month,Yes,Credit card (automatic),25.28,717.49,2,Yes
CUST-12458,Male,1,No,Yes,21,Yes,Yes,Fiber optic,No,Yes,Yes,No,Yes,Yes,Two year,No,Bank transfer (automatic),95.78,1994.16,0,No
CUST-12459,Female,1,No,No,50,Yes,No,No,No internet service,No internet service,No internet service,No internet service,No internet service,No internet service,Two year,Yes,Mailed check,21.73,1097.92,0,No
CUST-12460,Female,0,Yes,Yes,46,Yes,No,Fiber optic,No,Yes,No,No,No,No,Month-to-month,No,Electronic check,81.41,3759.22,2,Yes
CUST-12461,Female,0,Yes,Yes,72,Yes,No,Fiber optic,No,No,No,Yes,Yes,No,Month-to-month,No,Electronic check,81.74,5877.19,4,Yes
CUST-12462,Male,0,No,No,51,Yes,No,No,No internet service,No internet service,No internet service,No internet service,No internet service,No internet service,One year,No,Credit card (automatic),25.02,1260.88,1,No
CUST-12463,Female,0,Yes,Yes,31,Yes,No,Fiber optic,No,No,No,No,No,Yes,Two year,Yes,Mailed check,75.32,2334.76,0,No
CUST-12464,Male,0,No,No,43,No,No phone service,Fiber optic,No,No,No,No,No,Yes,Month-to-month,Yes,Mailed check,73.42,3133.29,2,Yes
CUST-12465,Male,0,Yes,No,20,Yes,No,DSL,Yes,No,Yes,No,No,No,Two year,Yes,Mailed check,57.29,1123.67,0,No
CUST-12466,Female,0,Yes,No,27,Yes,No,DSL,No,Yes,Yes,Yes,No,No,Month-to-month,No,Electronic check,55.59,1485.55,2,Yes
CUST-12467,Male,1,No,Yes,27,No,No phone service,No,No internet service,No internet service,No internet service,No internet service,No internet service,No internet service,Two year,No,Mailed check,25.79,722.17,2,No
CUST-12468,Male,1,Yes,No,11,Yes,Yes,DSL,No,No,Yes,No,Yes,Yes,One year,Yes,Mailed check,67.28,726.03,1,No
CUST-12469,Female,0,No,No,49,Yes,Yes,Fiber optic,No,No,Yes,No,No,Yes,Month-to-month,Yes,Credit card (automatic),90.12,4427.15,1,Yes
CUST-12470,Female,0,Yes,No,62,Yes,Yes,Fiber optic,No,No,No,No,No,No,Month-to-month,No,Mailed check,69.6,4289.88,1,No
CUST-12471,Female,0,Yes,No,22,Yes,Yes,Fiber optic,No,No,Yes,No,Yes,Yes,One year,Yes,Credit card (automatic),87.3,1913.4,0,Yes
CUST-12472,Male,0,No,No,23,Yes,Yes,DSL,No,Yes,Yes,No,Yes,Yes,One year,Yes,Bank transfer (automatic),67.78,1572.97,0,No
CUST-12473,Female,0,Yes,No,14,Yes,No,DSL,No,Yes,No,No,No,No,Two year,Yes,Electronic check,48.57,682.8,2,No
CUST-12474,Female,0,No,No,8,Yes,Yes,Fiber optic,No,Yes,No,No,No,No,One year,Yes,Credit card (automatic),76.69,603.86,0,No
CUST-12475,Male,0,Yes,Yes,40,No,No phone service,Fiber optic,No,No,Yes,Yes,No,Yes,Month-to-month,No,Electronic check,88.04,3517.67,0,Yes
CUST-12476,Female,0,No,No,9,Yes,Yes,DSL,No,Yes,No,No,Yes,Yes,Two year,No,Mailed check,48.85,475.89,1,No
CUST-12477,Female,0,No,No,8,Yes,No,No,No internet service,No internet service,No internet service,No internet service,No internet service,No internet service,One year,Yes,Electronic check,18.0,175.36,1,No
CUST-12478,Female,0,Yes,No,38,Yes,No,No,No internet service,No internet service,No internet service,No internet service,No internet service,No internet service,Two year,No,Mailed check,25.18,947.68,0,No
CUST-12479,Male,0,No,Yes,28,Yes,No,Fiber optic,Yes,No,Yes,Yes,Yes,Yes,Two year,Yes,Electronic check,98.88,2762.58,0,Yes
CUST-12480,Male,0,No,No,40,No,No phone service,Fiber optic,Yes,Yes,Yes,No,No,Yes,Two year,No,Bank transfer (automatic),82.84,3323.18,2,No
CUST-12481,Male,0,Yes,No,12,Yes,Yes,DSL,Yes,Yes,No,No,Yes,No,Month-to-month,Yes,Credit card (automatic),56.49,699.32,3,No
CUST-12482,Male,0,No,No,72,Yes,Yes,No,No internet service,No internet service,No internet service,No internet service,No internet service,No internet service,One year,No,Bank transfer (automatic),20.33,1506.23,0,No
CUST-12483,Female,0,No,Yes,11,Yes,Yes,No,No internet service,No internet service,No internet service,No internet service,No internet service,No internet service,Month-to-month,Yes,Mailed check,18.0,165.12,0,No
CUST-12484,Male,0,Yes,No,16,Yes,Yes,Fiber optic,Yes,No,Yes,No,No,Yes,Month-to-month,Yes,Bank transfer (automatic),89.31,1430.68,1,Yes
CUST-12485,Male,1,Yes,No,13,Yes,No,Fiber optic,No,No,No,No,Yes,No,Month-to-month,No,Credit card (automatic),77.62,991.68,0,No
CUST-12486,Female,0,Yes,No,72,Yes,Yes,Fiber optic,No,No,No,No,No,Yes,Two year,Yes,Electronic check,78.22,5648.29,0,No
CUST-12487,Female,0,Yes,No,18,Yes,Yes,Fiber optic,Yes,No,No,Yes,Yes,Yes,Month-to-month,No,Electronic check,92.37,1664.55,1,No
CUST-12488,Female,0,No,No,10,Yes,No,Fiber optic,No,No,Yes,No,Yes,No,Month-to-month,Yes,Electronic check,80.69,820.68,2,Yes
CUST-12489,Male,1,No,No,72,Yes,Yes,Fiber optic,No,No,Yes,Yes,Yes,No,Month-to-month,Yes,Mailed check,95.15,6865.91,1,No
CUST-12490,Male,0,No,No,69,Yes,No,DSL,No,No,No,No,No,Yes,Month-to-month,No,Bank transfer (automatic),46.0,3190.68,0,No
CUST-12491,Male,0,Yes,Yes,56,No,No phone service,Fiber optic,No,No,Yes,No,Yes,No,One year,Yes,Bank transfer (automatic),66.75,3738.69,0,No
CUST-12492,Female,0,Yes,No,67,Yes,No,Fiber optic,No,No,No,No,No,No,Month-to-month,Yes,Mailed check,61.31,4117.8,2,Yes
CUST-12493,Female,0,No,Yes,10,Yes,Yes,DSL,Yes,Yes,Yes,No,No,Yes,Month-to-month,Yes,Bank transfer (automatic),62.78,600.93,4,Yes
CUST-12494,Male,0,No,Yes,72,Yes,Yes,No,No internet service,No internet service,No internet service,No internet service,No internet service,No internet service,Month-to-month,Yes,Bank transfer (automatic),29.7,2111.03,1,No
CUST-12495,Female,0,No,No,20,No,No phone service,Fiber optic,Yes,No,No,No,Yes,Yes,Month-to-month,Yes,Bank transfer (automatic),91.04,1839.28,1,Yes
CUST-12496,Female,0,Yes,No,32,Yes,Yes,Fiber optic,No,Yes,Yes,Yes,Yes,Yes,Month-to-month,Yes,Electronic check,91.5,2926.77,0,Yes
CUST-12497,Female,1,Yes,No,24,Yes,Yes,DSL,Yes,Yes,Yes,No,No,Yes,Two year,No,Electronic check,62.42,1494.87,0,No
CUST-12498,Male,0,Yes,No,62,Yes,Yes,Fiber optic,Yes,Yes,No,Yes,No,Yes,Two year,No,Mailed check,94.04,5821.08,1,No
CUST-12499,Female,0,No,No,1,Yes,No,Fiber optic,No,No,No,No,No,Yes,Month-to-month,No,Credit card (automatic),74.54,67.46,3,Yes
CUST-12500,Female,0,Yes,Yes,9,Yes,Yes,Fiber optic,No,Yes,No,No,No,No,Month-to-month,No,Bank transfer (automatic),69.35,622.0,1,No
CUST-12501,Male,0,No,Yes,67,Yes,No,Fiber optic,No,Yes,Yes,No,No,No,Two year,Yes,Electronic check,74.69,4985.53,0,No
CUST-12502,Male,0,No,No,14,Yes,No,Fiber optic,No,No,Yes,No,Yes,No,Month-to-month,Yes,Electronic check,76.59,1079.97,2,No
CUST-12503,Female,0,Yes,Yes,60,Yes,No,Fiber optic,No,No,Yes,Yes,Yes,Yes,One year,Yes,Bank transfer (automatic),86.56,5191.12,0,No
CUST-12504,Female,0,No,No,13,Yes,No,Fiber optic,No,Yes,No,Yes,Yes,Yes,One year,Yes,Mailed check,87.77,1145.49,0,No
CUST-12505,Male,0,No,No,20,Yes,Yes,DSL,Yes,No,Yes,No,Yes,No,One year,Yes,Electronic check,62.23,1252.99,1,No
CUST-12506,Male,0,No,No,72,Yes,No,Fiber optic,Yes,Yes,No,No,Yes,Yes,Two year,No,Electronic check,92.88,6648.85,1,No
CUST-12507,Female,0,Yes,No,43,Yes,No,Fiber optic,Yes,No,No,Yes,Yes,Yes,Month-to-month,No,Electronic check,81.91,3542.12,4,No
CUST-12508,Female,0,Yes,Yes,28,Yes,No,Fiber optic,Yes,No,No,Yes,No,No,Month-to-month,No,Mailed check,80.68,2240.08,1,No
CUST-12509,Female,0,Yes,No,36,Yes,No,DSL,Yes,Yes,No,No,Yes,Yes,One year,Yes,Electronic check,63.58,2267.85,0,No
CUST-12510,Female,0,Yes,Yes,52,Yes,Yes,DSL,No,No,No,No,No,No,Two year,Yes,Bank transfer (automatic),46.63,2476.21,0,No
CUST-12511,Male,1,No,No,27,Yes,Yes,DSL,No,Yes,No,No,No,No,Two year,No,Credit card (automatic),55.11,1496.63,0,No
CUST-12512,Female,1,No,Yes,38,Yes,No,DSL,No,Yes,No,Yes,No,Yes,One year,No,Electronic check,64.26,2455.55,1,No
CUST-12513,Female,0,Yes,No,72,Yes,No,Fiber optic,Yes,Yes,Yes,Yes,Yes,No,Two year,No,Electronic check,91.17,6553.34,1,No
CUST-12514,Male,0,No,No,10,No,No phone service,DSL,No,No,No,No,Yes,No,Month-to-month,Yes,Electronic check,51.19,501.57,1,Yes
CUST-12515,Female,0,No,No,28,Yes,Yes,Fiber optic,No,No,No,No,Yes,No,Month-to-month,No,Mailed check,80.58,2240.62,1,Yes
CUST-12516,Male,0,Yes,No,16,Yes,No,No,No internet service,No internet service,No internet service,No internet service,No internet service,No internet service,Month-to-month,No,Bank transfer (automatic),18.0,290.88,1,No
CUST-12517,Female,0,Yes,No,11,Yes,No,DSL,No,No,Yes,Yes,Yes,No,Month-to-month,Yes,Mailed check,46.84,473.29,2,No
CUST-12518,Female,0,No,No,28,No,No phone service,No,No internet service,No internet service,No internet service,No internet service,No internet service,No internet service,One year,Yes,Electronic check,23.78,660.9,0,No
CUST-12519,Male,0,No,No,11,Yes,Yes,Fiber optic,No,No,No,Yes,No,Yes,Two year,No,Bank transfer (automatic),74.81,828.92,0,No
CUST-12520,Male,0,No,No,10,Yes,No,No,No internet service,No internet service,No internet service,No internet service,No internet service,No internet service,One year,Yes,Credit card (automatic),26.78,289.55,0,No
CUST-12521,Female,0,Yes,No,23,Yes,No,DSL,No,No,No,No,No,No,One year,No,Electronic check,43.16,964.73,0,No
CUST-12522,Female,0,Yes,No,37,Yes,Yes,No,No internet service,No internet service,No internet service,No internet service,No internet service,No internet service,Month-to-month,Yes,Electronic check,25.12,952.06,2,No
CUST-12523,Female,0,Yes,No,35,Yes,No,No,No internet service,No internet service,No internet service,No internet service,No internet service,No internet service,One year,Yes,Mailed check,18.0,633.86,2,No
CUST-12524,Male,0,No,Yes,23,No,No phone service,No,No internet service,No internet service,No internet service,No internet service,No internet service,No internet service,Month-to-month,Yes,Electronic check,18.28,390.78,0,No
CUST-12525,Female,0,No,No,7,Yes,No,No,No internet service,No internet service,No internet service,No internet service,No internet service,No internet service,One year,Yes,Mailed check,22.34,158.95,1,No
CUST-12526,Male,0,Yes,No,6,Yes,Yes,DSL,No,No,No,Yes,No,Yes,Month-to-month,Yes,Bank transfer (automatic),62.01,384.1,0,No
CUST-12527,Male,0,No,No,32,Yes,Yes,DSL,No,No,No,No,Yes,Yes,One year,No,Electronic check,58.14,1879.33,1,No
CUST-12528,Female,0,No,No,14,Yes,Yes,No,No internet service,No internet service,No internet service,No internet service,No internet service,No internet service,Month-to-month,No,Credit card (automatic),21.5,298.74,4,No
CUST-12529,Male,0,No,No,29,Yes,No,DSL,No,Yes,No,No,Yes,No,One year,No,Bank transfer (automatic),57.7,1689.2,0,No
CUST-12530,Female,0,No,No,26,Yes,No,Fiber optic,Yes,No,No,No,No,Yes,Month-to-month,Yes,Electronic check,75.0,1937.3,1,Yes
CUST-12531,Female,0,Yes,No,3,Yes,No,DSL,Yes,Yes,Yes,No,No,No,Month-to-month,Yes,Mailed check,66.0,208.24,3,Yes
CUST-12532,Female,0,No,No,67,Yes,Yes,Fiber optic,Yes,Yes,No,Yes,Yes,No,Month-to-month,Yes,Bank transfer (automatic),80.28,5381.31,1,Yes
CUST-12533,Female,0,Yes,No,6,Yes,Yes,Fiber optic,No,No,Yes,Yes,No,Yes,One year,Yes,Electronic check,88.85,519.23,0,No
CUST-12534,Female,0,Yes,No,20,Yes,No,No,No internet service,No internet service,No internet service,No internet service,No internet service,No internet service,One year,Yes,Electronic check,18.0,352.5,1,Yes
CUST-12535,Male,0,No,No,8,Yes,No,No,No internet service,No internet service,No internet service,No internet service,No internet service,No internet service,Two year,No,Mailed check,20.13,194.57,1,No
CUST-12536,Male,0,No,Yes,14,Yes,Yes,Fiber optic,Yes,Yes,Yes,Yes,Yes,Yes,One year,Yes,Bank transfer (automatic),101.08,1404.57,1,No
CUST-12537,Female,1,No,No,16,Yes,No,Fiber optic,Yes,Yes,No,Yes,No,Yes,Month-to-month,Yes,Mailed check,89.91,1451.16,3,Yes
CUST-12538,Female,0,No,No,17,Yes,Yes,Fiber optic,Yes,No,Yes,Yes,Yes,No,One year,Yes,Electronic check,93.77,1596.86,0,No
CUST-12539,Male,0,No,No,21,Yes,No,DSL,No,Yes,No,Yes,Yes,No,Month-to-month,Yes,Credit card (automatic),61.04,1288.0,0,No
CUST-12540,Male,0,No,No,72,Yes,Yes,No,No internet service,No internet service,No internet service,No internet service,No internet service,No internet service,Month-to-month,No,Bank transfer (automatic),22.48,1644.79,0,No
CUST-12541,Male,0,Yes,No,11,Yes,No,Fiber optic,No,No,No,No,Yes,No,One year,No,Bank transfer (automatic),78.85,888.27,1,No
CUST-12542,Male,1,No,No,38,Yes,No,Fiber optic,No,No,Yes,No,No,Yes,Month-to-month,Yes,Bank transfer (automatic),67.03,2538.48,4,No
CUST-12543,Female,0,No,No,56,Yes,Yes,DSL,No,Yes,No,Yes,No,No,Month-to-month,No,Mailed check,64.14,3613.25,2,No
CUST-12544,Female,0,Yes,No,35,No,No phone service,Fiber optic,No,Yes,No,Yes,Yes,Yes,One year,Yes,Credit card (automatic),86.29,3019.48,0,No
CUST-12545,Male,0,Yes,No,64,Yes,Yes,Fiber optic,Yes,No,Yes,No,Yes,Yes,One year,Yes,Electronic check,93.77,6032.97,1,No
CUST-12546,Female,0,No,No,36,Yes,No,DSL,No,No,No,Yes,Yes,Yes,Two year,Yes,Bank transfer (automatic),66.0,2391.38,0,No
CUST-12547,Male,0,No,No,35,Yes,Yes,No,No internet service,No internet service,No internet service,No internet service,No internet service,No internet service,Month-to-month,No,Mailed check,23.4,828.7,1,No
CUST-12548,Female,0,No,No,57,Yes,No,DSL,No,Yes,No,Yes,Yes,No,Two year,Yes,Credit card (automatic),66.22,3804.66,0,No
CUST-12549,Male,0,No,No,31,Yes,Yes,Fiber optic,Yes,Yes,No,No,Yes,No,One year,Yes,Bank transfer (automatic),80.43,2540.94,0,Yes
CUST-12550,Female,0,Yes,No,56,No,No phone service,No,No internet service,No internet service,No internet service,No internet service,No internet service,No internet service,Two year,Yes,Mailed check,19.55,1110.21,0,No
CUST-12551,Male,0,No,Yes,31,Yes,No,No,No internet service,No internet service,No internet service,No internet service,No internet service,No internet service,One year,Yes,Credit card (automatic),23.73,732.98,0,No
CUST-12552,Male,1,No,No,55,Yes,No,No,No internet service,No internet service,No internet service,No internet service,No internet service,No internet service,One year,No,Credit card (automatic),18.3,997.61,0,No
CUST-12553,Female,0,No,No,72,Yes,No,No,No internet service,No internet service,No internet service,No internet service,No internet service,No internet service,Month-to-month,No,Electronic check,24.27,1772.06,1,No
CUST-12554,Male,0,No,No,18,Yes,Yes,DSL,Yes,No,No,No,Yes,Yes,One year,No,Electronic check,63.44,1118.11,0,No
CUST-12555,Female,0,No,Yes,16,Yes,No,No,No internet service,No internet service,No internet service,No internet service,No internet service,No internet service,One year,No,Bank transfer (automatic),20.38,309.34,0,No
CUST-12556,Female,0,No,No,64,Yes,No,DSL,Yes,No,Yes,No,No,Yes,Month-to-month,No,Credit card (automatic),66.75,4290.18,1,No
CUST-12557,Male,0,No,Yes,55,Yes,No,DSL,No,Yes,No,No,No,No,One year,Yes,Mailed check,40.91,2226.41,0,No
CUST-12558,Female,0,Yes,No,4,Yes,No,DSL,Yes,Yes,Yes,No,No,No,One year,Yes,Electronic check,52.89,189.8,1,No
CUST-12559,Female,0,No,No,29,Yes,Yes,No,No internet service,No internet service,No internet service,No internet service,No internet service,No internet service,One year,Yes,Bank transfer (automatic),23.23,683.0,0,No
CUST-12560,Female,0,Yes,No,72,Yes,No,Fiber optic,Yes,No,Yes,No,No,Yes,Month-to-month,Yes,Electronic check,86.09,6209.99,1,Yes
CUST-12561,Female,1,Yes,No,9,Yes,No,DSL,No,No,No,Yes,Yes,Yes,Month-to-month,Yes,Mailed check,60.69,546.03,1,No
CUST-12562,Female,0,No,No,8,Yes,Yes,DSL,No,Yes,No,No,Yes,Yes,Month-to-month,No,Mailed check,60.69,470.84,1,No
CUST-12563,Male,0,Yes,Yes,14,Yes,Yes,DSL,Yes,No,Yes,No,No,Yes,One year,Yes,Mailed check,67.71,960.48,2,No
CUST-12564,Female,1,No,No,17,Yes,No,Fiber optic,No,Yes,No,No,No,No,Month-to-month,No,Credit card (automatic),73.18,1246.72,2,Yes
CUST-12565,Female,0,Yes,No,5,Yes,No,DSL,Yes,Yes,Yes,Yes,Yes,Yes,Month-to-month,Yes,Mailed check,79.39,391.64,2,No
CUST-12566,Female,0,Yes,No,9,Yes,Yes,Fiber optic,Yes,Yes,No,Yes,Yes,No,Two year,Yes,Electronic check,93.5,825.38,1,No
CUST-12567,Female,0,No,No,4,Yes,No,Fiber optic,Yes,No,No,Yes,No,No,Month-to-month,Yes,Bank transfer (automatic),86.42,354.57,4,No
CUST-12568,Female,0,Yes,No,29,Yes,No,Fiber optic,Yes,No,No,No,No,No,One year,Yes,Electronic check,76.74,2222.92,0,No
CUST-12569,Male,1,No,No,28,Yes,Yes,No,No internet service,No internet service,No internet service,No internet service,No internet service,No internet service,Two year,Yes,Bank transfer (automatic),22.02,627.26,0,No
CUST-12570,Female,1,Yes,No,64,No,No phone service,DSL,Yes,Yes,No,No,No,No,One year,Yes,Mailed check,49.7,3204.23,1,No
CUST-12571,Male,0,Yes,No,31,Yes,No,DSL,No,Yes,Yes,Yes,Yes,No,Two year,Yes,Bank transfer (automatic),61.01,1918.95,0,No
CUST-12572,Male,0,Yes,No,38,Yes,No,Fiber optic,No,No,No,No,Yes,Yes,Two year,Yes,Credit card (automatic),76.47,2929.46,0,No
CUST-12573,Male,0,Yes,Yes,41,Yes,Yes,No,No internet service,No internet service,No internet service,No internet service,No internet service,No internet service,Two year,No,Mailed check,18.69,757.0,0,No
CUST-12574,Male,0,No,No,10,Yes,Yes,Fiber optic,No,No,No,No,Yes,Yes,One year,Yes,Credit card (automatic),77.11,750.14,0,Yes
CUST-12575,Female,0,Yes,No,9,Yes,No,No,No internet service,No internet service,No internet service,No internet service,No internet service,No internet service,Month-to-month,No,Electronic check,19.53,170.09,2,Yes
CUST-12576,Male,0,No,Yes,8,Yes,No,Fiber optic,Yes,Yes,No,Yes,Yes,Yes,Month-to-month,Yes,Bank transfer (automatic),96.01,769.86,0,No
CUST-12577,Male,1,No,Yes,17,Yes,No,DSL,No,No,No,Yes,Yes,Yes,Two year,Yes,Electronic check,50.53,884.14,2,No
CUST-12578,Female,1,No,Yes,16,Yes,No,Fiber optic,Yes,No,No,No,Yes,No,Two year,No,Electronic check,79.06,1264.21,2,Yes
CUST-12579,Female,0,No,No,26,Yes,No,DSL,No,Yes,No,No,Yes,No,Two year,No,Bank transfer (automatic),52.23,1379.96,0,No
CUST-12580,Female,0,Yes,No,43,Yes,No,Fiber optic,Yes,No,Yes,Yes,Yes,No,One year,No,Electronic check,96.67,4159.52,0,Yes
CUST-12581,Male,0,Yes,No,38,Yes,No,DSL,No,No,No,No,Yes,No,Month-to-month,Yes,Electronic check,52.86,2013.87,0,No
CUST-12582,Female,0,No,Yes,16,Yes,No,DSL,No,No,No,No,No,No,Month-to-month,Yes,Electronic check,50.55,841.74,3,No
CUST-12583,Female,0,No,No,13,Yes,Yes,No,No internet service,No internet service,No internet service,No internet service,No internet service,No internet service,Month-to-month,No,Bank transfer (automatic),25.91,366.98,1,No
CUST-12584,Male,0,No,No,15,Yes,Yes,DSL,No,No,Yes,Yes,Yes,No,One year,Yes,Electronic check,73.36,1076.56,0,No
CUST-12585,Female,0,No,Yes,17,Yes,Yes,DSL,No,No,Yes,No,No,Yes,Month-to-month,No,Mailed check,52.2,891.71,2,Yes
CUST-12586,Female,0,Yes,No,6,Yes,No,No,No internet service,No internet service,No internet service,No internet service,No internet service,No internet service,Month-to-month,Yes,Bank transfer (automatic),23.12,138.7,2,No
CUST-12587,Female,0,Yes,No,31,Yes,Yes,Fiber optic,No,Yes,No,Yes,Yes,No,Two year,Yes,Mailed check,84.55,2592.51,0,No
CUST-12588,Female,1,No,No,72,No,No phone service,Fiber optic,Yes,Yes,No,Yes,No,Yes,Month-to-month,Yes,Electronic check,90.47,6526.54,3,No
CUST-12589,Male,0,No,No,25,Yes,No,No,No internet service,No internet service,No internet service,No internet service,No internet service,No internet service,Two year,No,Bank transfer (automatic),18.0,449.6,2,No
CUST-12590,Female,0,Yes,Yes,26,No,No phone service,Fiber optic,No,No,Yes,No,No,Yes,Month-to-month,Yes,Bank transfer (automatic),76.55,2010.15,0,No
CUST-12591,Female,0,No,No,34,Yes,Yes,DSL,Yes,No,No,No,Yes,Yes,Two year,No,Mailed check,70.21,2368.4,0,No
CUST-12592,Male,0,Yes,Yes,9,Yes,Yes,Fiber optic,No,No,Yes,No,Yes,No,Month-to-month,Yes,Bank transfer (automatic),80.02,733.06,3,No
CUST-12593,Female,1,Yes,Yes,14,Yes,No,Fiber optic,Yes,Yes,Yes,No,Yes,No,Month-to-month,No,Electronic check,84.01,1148.53,2,Yes
CUST-12594,Male,0,No,No,15,Yes,Yes,No,No internet service,No internet service,No internet service,No internet service,No internet service,No internet service,One year,Yes,Bank transfer (automatic),18.0,275.49,0,No
CUST-12595,Female,0,No,No,8,Yes,No,DSL,No,No,Yes,Yes,Yes,No,Two year,No,Electronic check,60.29,469.87,0,No
CUST-12596,Male,0,No,Yes,72,Yes,No,DSL,No,No,Yes,No,No,No,Month-to-month,Yes,Mailed check,44.83,3218.1,2,No
CUST-12597,Male,0,Yes,Yes,42,Yes,Yes,DSL,No,Yes,No,No,No,No,One year,No,Electronic check,53.78,2275.49,0,No
CUST-12598,Male,0,Yes,No,44,Yes,No,Fiber optic,No,No,Yes,Yes,No,No,Two year,Yes,Credit card (automatic),79.98,3461.51,0,No
CUST-12599,Male,0,No,No,19,Yes,Yes,DSL,No,Yes,No,No,No,No,Month-to-month,Yes,Mailed check,52.29,1007.34,3,No
CUST-12600,Female,0,Yes,No,27,Yes,No,No,No internet service,No internet service,No internet service,No internet service,No internet service,No internet service,Two year,Yes,Credit card (automatic),18.0,457.09,1,No
CUST-12601,Male,0,No,No,17,Yes,No,No,No internet service,No internet service,No internet service,No internet service,No internet service,No internet service,Month-to-month,No,Credit card (automatic),18.0,309.28,2,No
CUST-12602,Female,0,No,Yes,20,Yes,No,Fiber optic,No,No,No,Yes,No,Yes,Month-to-month,Yes,Credit card (automatic),75.45,1473.9,1,No
CUST-12603,Male,0,No,No,26,Yes,Yes,No,No internet service,No internet service,No internet service,No internet service,No internet service,No internet service,Month-to-month,Yes,Electronic check,24.9,639.5,0,No
CUST-12604,Male,0,Yes,Yes,21,Yes,Yes,DSL,No,No,Yes,Yes,Yes,Yes,Month-to-month,Yes,Bank transfer (automatic),65.66,1382.19,1,Yes
CUST-12605,Male,0,No,No,26,Yes,Yes,No,No internet service,No internet service,No internet service,No internet service,No internet service,No internet service,Month-to-month,Yes,Mailed check,21.73,557.55,2,Yes
CUST-12606,Female,1,Yes,Yes,5,No,No phone service,Fiber optic,Yes,No,Yes,No,Yes,Yes,Month-to-month,No,Mailed check,102.39,530.76,0,No
CUST-12607,Male,1,Yes,No,9,No,No phone service,DSL,No,No,No,No,Yes,No,Month-to-month,Yes,Electronic check,47.03,366.93,0,No
CUST-12608,Female,0,Yes,No,17,Yes,No,DSL,No,No,No,Yes,Yes,Yes,One year,Yes,Electronic check,60.72,1049.75,1,No
CUST-12609,Female,0,Yes,No,20,Yes,Yes,Fiber optic,Yes,Yes,No,Yes,No,Yes,One year,Yes,Bank transfer (automatic),90.94,1840.89,2,No
CUST-12610,Female,0,No,Yes,20,Yes,Yes,No,No internet service,No internet service,No internet service,No internet service,No internet service,No internet service,One year,Yes,Credit card (automatic),18.0,368.53,0,No
CUST-12611,Female,0,Yes,No,37,Yes,Yes,No,No internet service,No internet service,No internet service,No internet service,No internet service,No internet service,Month-to-month,Yes,Mailed check,21.84,770.95,1,No
CUST-12612,Female,0,Yes,No,30,Yes,No,Fiber optic,No,Yes,Yes,Yes,Yes,Yes,Two year,Yes,Electronic check,92.76,2766.7,0,No
CUST-12613,Female,0,No,No,33,Yes,No,Fiber optic,Yes,No,Yes,No,Yes,No,Month-to-month,Yes,Credit card (automatic),78.9,2610.39,1,Yes
CUST-12614,Female,0,Yes,No,15,Yes,No,DSL,No,Yes,No,Yes,Yes,No,Month-to-month,Yes,Mailed check,41.93,617.21,2,No
CUST-12615,Female,0,No,No,10,Yes,Yes,Fiber optic,Yes,Yes,No,No,No,Yes,One year,No,Credit card (automatic),86.7,853.51,1,No
CUST-12616,Female,1,Yes,No,21,Yes,No,Fiber optic,Yes,No,No,Yes,No,No,One year,Yes,Credit card (automatic),81.54,1733.04,2,No
CUST-12617,Male,0,Yes,No,40,Yes,Yes,DSL,No,No,No,No,No,Yes,Month-to-month,No,Mailed check,53.98,2153.67,2,No
CUST-12618,Male,0,No,No,70,Yes,No,No,No internet service,No internet service,No internet service,No internet service,No internet service,No internet service,Month-to-month,Yes,Bank transfer (automatic),27.39,1921.11,2,No
CUST-12619,Male,0,Yes,Yes,15,Yes,Yes,Fiber optic,Yes,No,Yes,No,No,No,Two year,No,Bank transfer (automatic),80.57,1175.25,0,No
CUST-12620,Male,0,No,Yes,70,Yes,No,No,No internet service,No internet service,No internet service,No internet service,No internet service,No internet service,Month-to-month,Yes,Bank transfer (automatic),19.76,1372.83,1,No
CUST-12621,Male,1,Yes,No,9,Yes,No,Fiber optic,Yes,Yes,No,No,No,No,Month-to-month,Yes,Electronic check,72.1,655.0,1,Yes
CUST-12622,Female,0,Yes,No,6,Yes,No,No,No internet service,No internet service,No internet service,No internet service,No internet service,No internet service,Two year,No,Bank transfer (automatic),30.14,177.66,0,No
CUST-12623,Female,0,Yes,No,19,Yes,Yes,DSL,No,Yes,No,No,Yes,No,Month-to-month,No,Electronic check,40.61,785.87,2,No
CUST-12624,Female,0,Yes,No,10,Yes,Yes,Fiber optic,No,No,No,No,Yes,No,One year,Yes,Bank transfer (automatic),74.42,759.02,1,No
CUST-12625,Female,1,Yes,No,13,Yes,Yes,DSL,Yes,No,Yes,No,Yes,No,Month-to-month,Yes,Mailed check,69.33,948.75,2,No
CUST-12626,Female,0,No,No,47,Yes,No,DSL,Yes,Yes,Yes,No,No,No,Month-to-month,Yes,Electronic check,58.78,2760.0,1,No
CUST-12627,Female,0,No,No,44,Yes,Yes,DSL,Yes,No,Yes,No,No,No,Month-to-month,No,Credit card (automatic),49.03,2143.39,2,No
CUST-12628,Female,0,Yes,No,30,Yes,No,Fiber optic,Yes,No,Yes,Yes,Yes,No,One year,No,Mailed check,94.98,2866.47,0,No
CUST-12629,Male,0,Yes,No,28,Yes,No,No,No internet service,No internet service,No internet service,No internet service,No internet service,No internet service,Month-to-month,Yes,Mailed check,29.2,830.54,0,No
CUST-12630,Male,0,No,No,13,Yes,Yes,Fiber optic,No,No,No,No,Yes,Yes,One year,No,Electronic check,92.98,1201.7,2,Yes
CUST-12631,Male,0,No,No,21,Yes,No,Fiber optic,No,Yes,No,Yes,Yes,Yes,Two year,Yes,Mailed check,86.9,1839.41,0,Yes
CUST-12632,Male,0,No,No,19,Yes,No,No,No internet service,No internet service,No internet service,No internet service,No internet service,No internet service,Two year,No,Electronic check,22.43,404.33,0,No
CUST-12633,Female,0,No,No,7,Yes,Yes,Fiber optic,No,Yes,No,No,Yes,No,Month-to-month,Yes,Electronic check,87.08,614.41,1,Yes
CUST-12634,Female,0,Yes,No,72,Yes,Yes,DSL,Yes,Yes,No,No,Yes,No,Month-to-month,Yes,Electronic check,64.54,4644.76,3,No
CUST-12635,Female,0,Yes,No,19,Yes,Yes,DSL,No,No,No,Yes,Yes,No,Month-to-month,Yes,Electronic check,58.49,1103.34,2,No
CUST-12636,Male,0,No,Yes,10,Yes,No,DSL,Yes,No,No,No,Yes,No,Month-to-month,No,Mailed check,53.21,520.89,1,No
CUST-12637,Female,1,No,Yes,6,Yes,Yes,DSL,Yes,Yes,No,No,No,No,Two year,No,Mailed check,54.21,353.96,1,No
CUST-12638,Female,0,No,No,35,Yes,No,DSL,No,No,Yes,No,No,No,Two year,No,Bank transfer (automatic),47.65,1656.88,0,No
CUST-12639,Female,0,Yes,No,72,Yes,No,Fiber optic,Yes,No,No,Yes,Yes,No,Month-to-month,Yes,Mailed check,79.47,5719.68,1,No
CUST-12640,Male,0,No,Yes,72,Yes,No,DSL,No,Yes,Yes,No,No,No,Month-to-month,Yes,Credit card (automatic),50.85,3658.01,1,No
CUST-12641,Female,0,No,No,22,Yes,No,Fiber optic,Yes,No,Yes,Yes,No,Yes,Two year,Yes,Electronic check,87.45,1907.9,0,Yes
CUST-12642,Male,0,Yes,No,19,Yes,No,Fiber optic,No,Yes,No,No,No,No,Two year,No,Bank transfer (automatic),80.11,1521.21,0,No
CUST-12643,Male,0,No,Yes,26,Yes,Yes,Fiber optic,Yes,No,No,No,Yes,No,Month-to-month,No,Credit card (automatic),83.94,2206.82,0,Yes
CUST-12644,Male,0,Yes,No,26,Yes,No,No,No internet service,No internet service,No internet service,No internet service,No internet service,No internet service,Month-to-month,Yes,Electronic check,18.71,455.12,1,No
CUST-12645,Male,0,Yes,No,3,No,No phone service,No,No internet service,No internet service,No internet service,No internet service,No internet service,No internet service,Month-to-month,No,Mailed check,18.0,54.1,2,No
CUST-12646,Female,0,Yes,Yes,17,Yes,No,Fiber optic,No,Yes,No,No,Yes,Yes,Two year,No,Bank transfer (automatic),74.88,1304.11,0,No
CUST-12647,Male,0,Yes,No,31,Yes,No,Fiber optic,Yes,No,No,No,Yes,No,Month-to-month,Yes,Electronic check,79.14,2414.27,0,No
CUST-12648,Male,0,Yes,No,36,Yes,No,Fiber optic,Yes,Yes,Yes,Yes,Yes,Yes,Two year,Yes,Electronic check,103.85,3726.59,1,No
CUST-12649,Female,0,No,No,38,Yes,Yes,Fiber optic,No,Yes,No,No,Yes,Yes,Month-to-month,Yes,Bank transfer (automatic),97.2,3706.75,3,No
CUST-12650,Female,0,Yes,No,25,Yes,Yes,Fiber optic,No,No,No,No,No,No,Two year,No,Mailed check,75.05,1832.74,0,No
CUST-12651,Male,0,No,Yes,9,Yes,Yes,Fiber optic,No,No,No,No,No,Yes,Month-to-month,No,Electronic check,75.74,649.29,0,Yes
CUST-12652,Female,0,Yes,No,22,Yes,Yes,Fiber optic,No,No,No,No,No,Yes,Month-to-month,No,Bank transfer (automatic),75.26,1637.31,1,No
CUST-12653,Male,0,Yes,No,57,Yes,No,No,No internet service,No internet service,No internet service,No internet service,No internet service,No internet service,Month-to-month,No,Bank transfer (automatic),18.0,1012.62,0,No
CUST-12654,Male,0,No,Yes,33,Yes,Yes,DSL,Yes,No,Yes,Yes,No,No,One year,Yes,Mailed check,62.66,2060.5,0,No
CUST-12655,Male,0,No,No,20,Yes,No,Fiber optic,Yes,Yes,No,No,No,No,Month-to-month,No,Mailed check,82.15,1649.41,3,No
CUST-12656,Male,0,No,Yes,72,Yes,No,Fiber optic,Yes,Yes,No,Yes,No,Yes,One year,No,Bank transfer (automatic),93.27,6694.29,1,No
CUST-12657,Female,1,No,No,26,Yes,No,Fiber optic,No,No,Yes,Yes,No,No,Month-to-month,No,Mailed check,76.3,1964.82,2,No
CUST-12658,Male,1,Yes,Yes,22,Yes,No,DSL,No,No,Yes,No,No,No,Month-to-month,Yes,Bank transfer (automatic),58.99,1300.52,2,No
CUST-12659,Female,0,Yes,No,40,Yes,Yes,Fiber optic,No,No,No,Yes,No,No,Month-to-month,No,Electronic check,84.98,3420.91,1,No
CUST-12660,Female,0,No,No,8,No,No phone service,Fiber optic,No,No,Yes,Yes,No,Yes,One year,No,Electronic check,86.23,684.33,1,No
CUST-12661,Female,0,No,No,19,Yes,Yes,Fiber optic,No,No,No,No,No,No,Month-to-month,No,Electronic check,73.89,1434.02,0,Yes
CUST-12662,Female,0,No,No,22,Yes,Yes,Fiber optic,No,Yes,Yes,No,No,No,Month-to-month,No,Credit card (automatic),72.85,1600.34,1,No
CUST-12663,Male,0,No,No,5,Yes,Yes,Fiber optic,No,No,No,Yes,Yes,No,One year,Yes,Credit card (automatic),74.53,372.41,0,No
CUST-12664,Female,0,No,No,28,Yes,No,Fiber optic,Yes,No,No,No,No,No,Month-to-month,No,Mailed check,78.34,2181.06,2,Yes
CUST-12665,Male,0,Yes,Yes,36,Yes,Yes,Fiber optic,Yes,No,No,No,No,No,Month-to-month,Yes,Mailed check,78.19,2822.3,2,Yes
CUST-12666,Female,0,No,No,16,Yes,No,No,No internet service,No internet service,No internet service,No internet service,No internet service,No internet service,Month-to-month,Yes,Electronic check,22.77,388.04,0,Yes
CUST-12667,Female,0,No,No,42,Yes,No,Fiber optic,No,Yes,No,Yes,No,No,Month-to-month,No,Bank transfer (automatic),81.02,3414.57,1,No
CUST-12668,Male,0,No,No,52,Yes,No,DSL,No,Yes,Yes,No,No,Yes,One year,Yes,Electronic check,65.36,3381.3,0,No
CUST-12669,Male,0,Yes,No,56,No,No phone service,Fiber optic,No,Yes,No,No,Yes,No,Month-to-month,Yes,Bank transfer (automatic),75.83,4247.88,2,Yes
CUST-12670,Male,1,Yes,Yes,10,Yes,No,DSL,Yes,No,Yes,No,No,No,Month-to-month,No,Credit card (automatic),54.46,529.04,1,No
CUST-12671,Female,0,Yes,No,28,Yes,No,Fiber optic,Yes,Yes,No,No,Yes,Yes,Two year,Yes,Electronic check,102.0,2853.29,1,No
CUST-12672,Female,0,Yes,No,38,No,No phone service,Fiber optic,No,Yes,No,No,No,No,Month-to-month,No,Bank transfer (automatic),74.58,2852.31,4,Yes
CUST-12673,Male,0,No,Yes,27,Yes,No,No,No internet service,No internet service,No internet service,No internet service,No internet service,No internet service,One year,Yes,Mailed check,25.38,676.74,0,No
CUST-12674,Male,1,Yes,No,49,Yes,Yes,DSL,No,No,Yes,Yes,No,No,Month-to-month,Yes,Electronic check,54.63,2688.44,1,No
CUST-12675,Male,0,Yes,No,29,Yes,Yes,Fiber optic,No,No,No,No,No,Yes,One year,Yes,Bank transfer (automatic),76.84,2254.16,0,No
CUST-12676,Male,0,Yes,No,9,Yes,No,DSL,Yes,Yes,Yes,No,Yes,Yes,One year,No,Mailed check,77.94,703.06,1,Yes
CUST-12677,Female,0,No,Yes,50,No,No phone service,No,No internet service,No internet service,No internet service,No internet service,No internet service,No internet service,Two year,Yes,Bank transfer (automatic),18.0,889.51,0,No
CUST-12678,Male,0,No,No,27,Yes,No,Fiber optic,Yes,Yes,No,Yes,No,Yes,Two year,No,Electronic check,98.66,2701.58,0,No
CUST-12679,Male,0,Yes,Yes,71,Yes,No,Fiber optic,No,No,Yes,No,No,No,One year,No,Mailed check,73.96,5214.66,0,Yes
CUST-12680,Male,0,Yes,No,9,Yes,No,Fiber optic,Yes,No,No,No,No,Yes,Two year,No,Credit card (automatic),83.53,757.94,2,No
CUST-12681,Male,0,Yes,No,27,Yes,No,DSL,Yes,Yes,No,No,Yes,No,Month-to-month,Yes,Bank transfer (automatic),57.81,1539.21,2,No
CUST-12682,Female,1,No,No,68,Yes,No,No,No internet service,No internet service,No internet service,No internet service,No internet service,No internet service,Month-to-month,Yes,Bank transfer (automatic),18.0,1227.78,2,No
CUST-12683,Male,0,Yes,Yes,30,Yes,No,Fiber optic,No,No,No,No,No,No,Two year,No,Electronic check,62.77,1901.38,0,Yes
CUST-12684,Female,0,No,No,43,Yes,Yes,Fiber optic,Yes,Yes,No,Yes,No,Yes,Two year,Yes,Electronic check,87.39,3761.72,0,No
CUST-12685,Male,0,Yes,No,53,Yes,Yes,Fiber optic,Yes,No,Yes,Yes,No,Yes,Month-to-month,Yes,Credit card (automatic),92.07,4918.6,2,No
CUST-12686,Male,0,Yes,Yes,26,Yes,No,No,No internet service,No internet service,No internet service,No internet service,No internet service,No internet service,Month-to-month,Yes,Electronic check,20.29,557.42,3,No
CUST-12687,Female,1,No,No,12,Yes,No,DSL,Yes,No,No,Yes,No,Yes,Two year,No,Credit card (automatic),65.13,786.37,0,No
CUST-12688,Male,0,Yes,No,47,Yes,No,Fiber optic,No,No,No,No,No,No,Month-to-month,Yes,Electronic check,68.75,3276.71,1,Yes
CUST-12689,Female,0,No,No,22,No,No phone service,No,No internet service,No internet service,No internet service,No internet service,No internet service,No internet service,Month-to-month,Yes,Electronic check,25.16,561.91,3,Yes
CUST-12690,Female,0,Yes,Yes,3,Yes,No,DSL,Yes,Yes,Yes,No,No,No,One year,No,Electronic check,66.76,192.77,1,No
CUST-12691,Male,0,No,Yes,60,Yes,No,Fiber optic,No,No,Yes,No,No,Yes,Month-to-month,No,Mailed check,77.99,4663.37,0,Yes
CUST-12692,Female,0,No,No,72,Yes,No,Fiber optic,Yes,No,No,No,No,Yes,Month-to-month,Yes,Credit card (automatic),62.29,4495.29,2,No
CUST-12693,Female,0,No,No,15,Yes,Yes,DSL,No,Yes,No,Yes,No,No,Two year,Yes,Credit card (automatic),57.71,871.02,1,No
CUST-12694,Female,0,Yes,Yes,25,Yes,No,Fiber optic,No,No,Yes,No,No,No,Month-to-month,Yes,Mailed check,75.28,1888.33,2,Yes
CUST-12695,Female,0,Yes,No,72,Yes,Yes,No,No internet service,No internet service,No internet service,No internet service,No internet service,No internet service,Two year,Yes,Electronic check,18.0,1289.6,1,No
CUST-12696,Female,0,Yes,Yes,69,Yes,No,Fiber optic,No,Yes,No,Yes,Yes,No,Two year,Yes,Bank transfer (automatic),94.11,6500.6,1,No
CUST-12697,Female,0,No,No,39,Yes,No,DSL,No,No,Yes,Yes,No,Yes,Two year,Yes,Bank transfer (automatic),59.23,2356.36,1,No
CUST-12698,Female,1,No,No,64,Yes,Yes,DSL,Yes,No,Yes,No,No,No,Two year,Yes,Mailed check,50.71,3251.42,0,No
CUST-12699,Female,0,Yes,No,21,Yes,No,No,No internet service,No internet service,No internet service,No internet service,No internet service,No internet service,Month-to-month,Yes,Electronic check,31.4,682.96,2,No
CUST-12700,Male,0,Yes,No,7,Yes,No,DSL,No,No,No,Yes,Yes,No,One year,Yes,Electronic check,54.25,402.39,1,No
CUST-12701,Male,0,No,Yes,56,Yes,No,DSL,No,Yes,No,No,No,No,Two year,No,Bank transfer (automatic),50.49,2801.21,0,No
CUST-12702,Female,0,Yes,No,24,Yes,No,No,No internet service,No internet service,No internet service,No internet service,No internet service,No internet service,Month-to-month,Yes,Mailed check,21.85,531.2,3,No
CUST-12703,Male,0,Yes,No,5,Yes,Yes,No,No internet service,No internet service,No internet service,No internet service,No internet service,No internet service,Month-to-month,Yes,Bank transfer (automatic),18.0,82.96,2,Yes
CUST-12704,Female,1,Yes,No,16,Yes,Yes,Fiber optic,No,No,Yes,No,No,No,One year,Yes,Electronic check,71.83,1126.48,0,Yes
CUST-12705,Female,0,No,No,21,Yes,No,DSL,No,No,No,No,Yes,Yes,One year,Yes,Credit card (automatic),54.94,1113.95,0,No
CUST-12706,Male,1,No,No,23,Yes,No,DSL,Yes,Yes,Yes,No,Yes,Yes,One year,No,Electronic check,80.31,1877.66,0,No
CUST-12707,Female,0,No,Yes,13,Yes,Yes,DSL,Yes,Yes,Yes,No,No,No,One year,No,Electronic check,56.75,759.21,0,No
CUST-12708,Female,0,Yes,No,10,Yes,No,Fiber optic,No,Yes,No,No,Yes,No,One year,Yes,Bank transfer (automatic),85.95,841.72,1,Yes
CUST-12709,Female,1,No,Yes,4,Yes,No,Fiber optic,Yes,No,Yes,Yes,No,Yes,One year,No,Bank transfer (automatic),94.24,370.95,0,No
CUST-12710,Female,0,No,Yes,4,Yes,No,DSL,No,No,No,No,Yes,No,Month-to-month,No,Electronic check,49.87,206.27,3,No
CUST-12711,Male,1,Yes,No,24,No,No phone service,DSL,No,No,No,No,No,No,Month-to-month,Yes,Credit card (automatic),41.27,998.12,5,Yes
CUST-12712,Female,0,No,No,30,Yes,No,No,No internet service,No internet service,No internet service,No internet service,No internet service,No internet service,One year,Yes,Bank transfer (automatic),18.0,538.73,1,No
CUST-12713,Female,1,Yes,No,10,Yes,Yes,No,No internet service,No internet service,No internet service,No internet service,No internet service,No internet service,Month-to-month,No,Electronic check,36.14,349.61,1,No
CUST-12714,Female,0,Yes,Yes,63,Yes,No,Fiber optic,Yes,No,No,No,No,No,Two year,No,Bank transfer (automatic),81.01,5127.68,1,Yes
CUST-12715,Male,0,Yes,No,18,Yes,No,DSL,Yes,No,No,No,No,No,Two year,Yes,Bank transfer (automatic),49.07,856.6,0,No
CUST-12716,Female,0,Yes,No,23,Yes,No,No,No internet service,No internet service,No internet service,No internet service,No internet service,No internet service,One year,Yes,Bank transfer (automatic),19.37,422.93,0,No
CUST-12717,Male,0,No,No,22,Yes,No,Fiber optic,No,No,No,Yes,No,Yes,Two year,No,Credit card (automatic),77.98,1719.28,0,No
CUST-12718,Male,0,Yes,Yes,3,Yes,No,Fiber optic,No,No,No,Yes,Yes,Yes,One year,Yes,Bank transfer (automatic),79.12,236.29,0,No
CUST-12719,Female,0,Yes,No,50,Yes,Yes,No,No internet service,No internet service,No internet service,No internet service,No internet service,No internet service,Month-to-month,No,Mailed check,18.0,886.4,4,No
CUST-12720,Female,0,Yes,No,38,Yes,Yes,DSL,No,Yes,Yes,No,No,No,One year,Yes,Credit card (automatic),53.75,2003.05,0,No
CUST-12721,Male,0,No,No,65,Yes,Yes,Fiber optic,No,No,No,Yes,No,No,Month-to-month,Yes,Bank transfer (automatic),82.73,5389.07,1,Yes
CUST-12722,Female,0,No,Yes,62,Yes,No,No,No internet service,No internet service,No internet service,No internet service,No internet service,No internet service,Month-to-month,Yes,Bank transfer (automatic),20.17,1226.43,1,No
CUST-12723,Male,0,No,No,35,Yes,No,DSL,No,Yes,No,Yes,No,No,Month-to-month,No,Mailed check,52.88,1840.33,6,No
CUST-12724,Male,0,No,No,40,Yes,No,Fiber optic,Yes,No,No,Yes,No,Yes,One year,Yes,Credit card (automatic),95.06,3818.68,0,No
CUST-12725,Female,0,Yes,No,9,Yes,No,No,No internet service,No internet service,No internet service,No internet service,No internet service,No internet service,Month-to-month,No,Mailed check,18.0,157.09,0,No
CUST-12726,Female,0,Yes,Yes,18,Yes,Yes,DSL,No,No,Yes,Yes,Yes,No,Month-to-month,Yes,Bank transfer (automatic),60.01,1051.19,3,Yes
CUST-12727,Male,0,No,Yes,21,Yes,Yes,Fiber optic,No,No,Yes,Yes,No,Yes,Month-to-month,Yes,Mailed check,92.79,1931.65,0,No
CUST-12728,Male,0,Yes,No,16,Yes,Yes,Fiber optic,Yes,Yes,Yes,No,No,No,Month-to-month,Yes,Bank transfer (automatic),81.28,1334.0,0,Yes
CUST-12729,Male,1,Yes,No,61,No,No phone service,Fiber optic,No,Yes,Yes,No,Yes,No,Month-to-month,No,Mailed check,82.85,5047.85,2,Yes
CUST-12730,Male,0,No,No,28,Yes,No,Fiber optic,No,No,Yes,No,No,Yes,Month-to-month,No,Credit card (automatic),78.13,2181.03,1,Yes
CUST-12731,Female,0,Yes,No,12,Yes,No,DSL,Yes,Yes,No,Yes,Yes,Yes,One year,Yes,Electronic check,74.32,908.12,0,No
CUST-12732,Female,0,Yes,Yes,58,Yes,Yes,DSL,No,No,No,Yes,No,No,Month-to-month,Yes,Bank transfer (automatic),42.18,2436.1,3,Yes
CUST-12733,Female,0,Yes,No,29,Yes,Yes,No,No internet service,No internet service,No internet service,No internet service,No internet service,No internet service,Month-to-month,No,Mailed check,18.89,600.19,1,No
CUST-12734,Female,0,Yes,No,48,Yes,No,No,No internet service,No internet service,No internet service,No internet service,No internet service,No internet service,Month-to-month,Yes,Bank transfer (automatic),18.0,869.46,3,Yes
CUST-12735,Female,0,No,No,9,Yes,Yes,DSL,No,Yes,No,Yes,No,No,One year,Yes,Mailed check,54.66,503.51,0,No
CUST-12736,Male,0,No,No,31,Yes,No,Fiber optic,No,No,No,No,No,No,Two year,Yes,Electronic check,72.54,2226.37,0,No
CUST-12737,Female,0,No,No,12,Yes,No,Fiber optic,Yes,No,Yes,Yes,No,Yes,Two year,No,Mailed check,86.22,1026.26,1,No
CUST-12738,Female,0,No,No,29,Yes,No,Fiber optic,No,No,Yes,Yes,No,No,One year,No,Credit card (automatic),74.67,2174.9,1,No
CUST-12739,Female,0,Yes,No,38,Yes,No,Fiber optic,No,No,No,No,No,No,Month-to-month,Yes,Bank transfer (automatic),67.4,2564.6,2,Yes
CUST-12740,Female,1,Yes,No,8,Yes,Yes,DSL,Yes,Yes,No,Yes,Yes,No,Month-to-month,Yes,Electronic check,64.17,504.2,1,No
CUST-12741,Female,0,Yes,Yes,24,Yes,Yes,No,No internet service,No internet service,No internet service,No internet service,No internet service,No internet service,Month-to-month,No,Credit card (automatic),23.57,576.95,0,No
CUST-12742,Male,0,Yes,No,9,Yes,No,DSL,No,No,No,No,Yes,Yes,One year,Yes,Bank transfer (automatic),46.4,436.92,1,No
CUST-12743,Male,1,No,No,50,Yes,Yes,No,No internet service,No internet service,No internet service,No internet service,No internet service,No internet service,Month-to-month,Yes,Mailed check,19.06,990.72,4,No
CUST-12744,Male,0,No,No,26,Yes,No,Fiber optic,No,No,Yes,No,No,No,One year,Yes,Bank transfer (automatic),70.64,1819.06,0,No
CUST-12745,Female,0,Yes,Yes,12,Yes,Yes,Fiber optic,Yes,No,No,No,No,Yes,Month-to-month,Yes,Mailed check,74.2,940.23,4,Yes
CUST-12746,Male,0,Yes,No,15,Yes,Yes,No,No internet service,No internet service,No internet service,No internet service,No internet service,No internet service,Month-to-month,No,Electronic check,18.0,305.26,4,Yes
CUST-12747,Male,1,Yes,Yes,17,Yes,Yes,DSL,No,No,Yes,No,Yes,No,Month-to-month,Yes,Credit card (automatic),51.63,916.49,1,No
CUST-12748,Female,1,Yes,Yes,64,Yes,Yes,Fiber optic,No,No,Yes,Yes,Yes,No,Two year,Yes,Electronic check,80.27,5130.89,1,No
CUST-12749,Female,0,Yes,No,23,Yes,No,Fiber optic,No,No,No,Yes,No,No,Month-to-month,Yes,Mailed check,70.64,1634.36,1,No
CUST-12750,Female,0,No,No,44,Yes,Yes,Fiber optic,Yes,No,No,Yes,No,No,One year,No,Bank transfer (automatic),79.59,3517.02,0,No
CUST-12751,Male,0,No,Yes,24,Yes,No,Fiber optic,No,No,No,No,No,Yes,Month-to-month,No,Credit card (automatic),69.9,1665.33,1,Yes
CUST-12752,Male,0,No,No,9,Yes,No,DSL,No,Yes,Yes,No,Yes,Yes,Month-to-month,Yes,Electronic check,66.67,574.75,0,Yes
CUST-12753,Female,0,Yes,No,15,No,No phone service,DSL,Yes,No,Yes,No,No,No,Month-to-month,No,Mailed check,58.13,858.86,1,No
CUST-12754,Female,1,Yes,Yes,32,No,No phone service,Fiber optic,No,No,Yes,No,No,No,Month-to-month,Yes,Bank transfer (automatic),76.4,2456.49,1,No
CUST-12755,Male,0,No,No,4,Yes,Yes,DSL,Yes,Yes,No,Yes,No,No,Month-to-month,No,Bank transfer (automatic),59.26,230.45,1,No
CUST-12756,Male,0,No,No,36,Yes,Yes,No,No internet service,No internet service,No internet service,No internet service,No internet service,No internet service,Month-to-month,Yes,Credit card (automatic),20.55,784.15,0,No
CUST-12757,Female,0,No,No,14,Yes,No,Fiber optic,Yes,No,No,Yes,No,No,Month-to-month,Yes,Electronic check,73.08,1032.98,1,Yes
CUST-12758,Female,0,No,Yes,28,No,No phone service,Fiber optic,Yes,No,No,No,No,No,Two year,Yes,Bank transfer (automatic),68.5,1930.07,1,No
CUST-12759,Male,0,No,Yes,16,Yes,Yes,DSL,No,Yes,No,Yes,No,No,Month-to-month,Yes,Electronic check,57.29,903.79,1,No
CUST-12760,Female,0,No,No,41,Yes,No,Fiber optic,No,No,Yes,No,Yes,No,Month-to-month,No,Bank transfer (automatic),78.89,3241.57,0,Yes
CUST-12761,Male,1,Yes,No,25,Yes,Yes,DSL,Yes,Yes,No,Yes,No,No,One year,No,Electronic check,59.91,1494.48,1,No
CUST-12762,Male,1,No,No,40,Yes,Yes,Fiber optic,No,No,Yes,No,No,No,One year,No,Credit card (automatic),72.74,2890.65,0,No
CUST-12763,Male,0,Yes,No,4,Yes,No,DSL,No,No,No,No,No,No,Month-to-month,Yes,Electronic check,48.77,196.28,2,Yes
CUST-12764,Male,1,Yes,Yes,21,Yes,Yes,Fiber optic,No,No,No,No,No,Yes,One year,No,Bank transfer (automatic),82.76,1774.04,0,Yes
CUST-12765,Female,0,No,No,13,Yes,No,Fiber optic,No,Yes,No,No,Yes,No,One year,Yes,Electronic check,77.83,993.08,1,Yes
CUST-12766,Female,0,Yes,Yes,35,Yes,Yes,Fiber optic,No,No,Yes,No,No,No,Month-to-month,No,Mailed check,75.31,2612.94,0,Yes
CUST-12767,Male,0,Yes,No,50,Yes,Yes,DSL,No,No,Yes,No,Yes,Yes,Month-to-month,No,Bank transfer (automatic),64.78,3201.83,0,No
CUST-12768,Male,0,Yes,No,48,Yes,No,DSL,No,No,No,Yes,No,No,Month-to-month,Yes,Electronic check,53.15,2499.22,2,No
CUST-12769,Male,1,Yes,No,66,Yes,Yes,DSL,Yes,Yes,No,No,No,Yes,Month-to-month,No,Electronic check,56.89,3780.78,0,No
CUST-12770,Male,0,Yes,No,50,Yes,No,Fiber optic,No,No,Yes,Yes,Yes,No,Two year,Yes,Electronic check,77.2,3879.51,0,No
CUST-12771,Male,0,Yes,No,21,Yes,No,DSL,No,Yes,No,No,Yes,No,Month-to-month,Yes,Electronic check,65.03,1403.03,1,Yes
CUST-12772,Female,0,Yes,Yes,11,Yes,No,DSL,No,Yes,Yes,No,No,Yes,Month-to-month,No,Electronic check,55.69,614.17,0,Yes
CUST-12773,Female,0,Yes,Yes,5,Yes,Yes,DSL,No,Yes,No,Yes,No,Yes,Two year,Yes,Mailed check,69.73,336.44,1,No
CUST-12774,Female,0,No,No,10,No,No phone service,Fiber optic,No,Yes,No,Yes,Yes,Yes,One year,Yes,Bank transfer (automatic),101.91,1010.54,0,Yes
CUST-12775,Female,0,Yes,No,4,Yes,Yes,Fiber optic,No,No,Yes,Yes,Yes,No,One year,Yes,Credit card (automatic),89.32,353.61,0,No
CUST-12776,Male,0,Yes,No,7,Yes,Yes,No,No internet service,No internet service,No internet service,No internet service,No internet service,No internet service,One year,Yes,Electronic check,24.1,181.2,1,No
CUST-12777,Male,0,No,Yes,30,No,No phone service,Fiber optic,Yes,No,No,Yes,No,No,One year,Yes,Electronic check,79.69,2418.72,1,No
CUST-12778,Male,0,No,No,4,Yes,Yes,DSL,No,Yes,No,No,Yes,Yes,One year,No,Bank transfer (automatic),61.93,282.18,0,No
CUST-12779,Male,0,No,No,33,Yes,No,Fiber optic,No,No,Yes,Yes,No,No,Month-to-month,Yes,Mailed check,76.46,2530.74,1,No
CUST-12780,Male,0,Yes,Yes,15,Yes,Yes,Fiber optic,No,Yes,No,Yes,No,Yes,Month-to-month,No,Electronic check,92.72,1380.01,3,No
CUST-12781,Female,0,No,No,26,Yes,No,Fiber optic,No,No,Yes,No,No,No,Month-to-month,No,Mailed check,86.97,2271.17,2,No
CUST-12782,Male,0,No,No,27,Yes,No,No,No internet service,No internet service,No internet service,No internet service,No internet service,No internet service,Month-to-month,Yes,Electronic check,26.24,691.66,1,No
CUST-12783,Female,0,No,Yes,67,No,No phone service,Fiber optic,No,No,No,Yes,No,No,Month-to-month,No,Electronic check,73.8,4931.24,2,No
CUST-12784,Female,0,No,Yes,27,Yes,No,Fiber optic,No,No,Yes,Yes,Yes,Yes,One year,Yes,Bank transfer (automatic),86.34,2346.53,0,Yes
CUST-12785,Female,1,No,Yes,8,Yes,Yes,Fiber optic,Yes,Yes,Yes,Yes,No,No,Month-to-month,Yes,Electronic check,101.6,794.84,1,No
CUST-12786,Female,0,No,Yes,11,Yes,No,Fiber optic,Yes,Yes,Yes,Yes,Yes,No,Month-to-month,Yes,Credit card (automatic),91.36,995.11,0,Yes
CUST-12787,Male,0,No,No,27,Yes,No,Fiber optic,No,Yes,No,Yes,Yes,No,One year,Yes,Credit card (automatic),87.79,2340.66,2,Yes
CUST-12788,Female,1,Yes,Yes,20,Yes,Yes,DSL,Yes,Yes,No,No,Yes,Yes,One year,No,Bank transfer (automatic),71.37,1422.39,1,No
CUST-12789,Female,0,No,Yes,28,Yes,No,No,No internet service,No internet service,No internet service,No internet service,No internet service,No internet service,Two year,Yes,Electronic check,25.61,748.31,2,No
CUST-12790,Female,0,No,No,33,Yes,No,Fiber optic,No,No,No,Yes,Yes,No,Two year,No,Electronic check,87.26,2893.28,0,No
CUST-12791,Male,0,Yes,No,12,Yes,No,DSL,No,Yes,Yes,Yes,Yes,Yes,Two year,No,Mailed check,71.27,865.59,0,No
CUST-12792,Male,1,No,No,34,Yes,No,No,No internet service,No internet service,No internet service,No internet service,No internet service,No internet service,One year,Yes,Mailed check,18.0,597.85,0,No
CUST-12793,Male,1,Yes,No,37,Yes,No,No,No internet service,No internet service,No internet service,No internet service,No internet service,No internet service,One year,No,Credit card (automatic),18.0,657.62,1,No
CUST-12794,Female,0,Yes,No,28,Yes,Yes,DSL,No,Yes,Yes,No,No,Yes,Two year,No,Electronic check,50.88,1382.37,1,No
CUST-12795,Female,0,No,Yes,72,Yes,Yes,DSL,No,Yes,No,Yes,Yes,No,Two year,No,Bank transfer (automatic),61.96,4475.97,0,No
CUST-12796,Male,0,Yes,No,5,Yes,No,Fiber optic,No,No,Yes,No,No,No,One year,Yes,Bank transfer (automatic),81.62,423.01,0,No
CUST-12797,Female,1,Yes,No,72,Yes,No,DSL,No,No,No,Yes,Yes,Yes,Month-to-month,Yes,Credit card (automatic),58.13,4199.55,2,No
CUST-12798,Male,1,Yes,No,19,Yes,Yes,DSL,No,Yes,No,No,Yes,No,Month-to-month,Yes,Mailed check,57.71,1123.94,1,Yes
CUST-12799,Male,0,Yes,No,13,Yes,Yes,No,No internet service,No internet service,No internet service,No internet service,No internet service,No internet service,Two year,No,Bank transfer (automatic),22.55,300.68,0,No
CUST-12800,Female,0,Yes,No,35,Yes,Yes,Fiber optic,No,No,Yes,Yes,No,No,One year,Yes,Credit card (automatic),78.68,2727.87,0,No
CUST-12801,Female,0,Yes,No,15,Yes,Yes,Fiber optic,No,No,Yes,No,Yes,Yes,Two year,No,Electronic check,89.94,1352.05,0,No
CUST-12802,Female,0,Yes,Yes,47,No,No phone service,Fiber optic,Yes,Yes,Yes,No,No,Yes,Month-to-month,No,Electronic check,105.82,4998.16,0,No
CUST-12803,Female,0,No,Yes,18,Yes,No,Fiber optic,Yes,No,Yes,No,No,No,Month-to-month,Yes,Mailed check,80.56,1458.28,1,No
CUST-12804,Male,0,No,No,52,Yes,No,No,No internet service,No internet service,No internet service,No internet service,No internet service,No internet service,Month-to-month,Yes,Mailed check,21.56,1124.54,0,No
CUST-12805,Male,0,Yes,No,10,Yes,Yes,Fiber optic,Yes,Yes,Yes,No,No,Yes,Two year,No,Electronic check,92.53,921.51,0,No
CUST-12806,Male,0,No,Yes,31,Yes,No,Fiber optic,No,No,Yes,No,Yes,No,Two year,Yes,Electronic check,71.84,2250.78,0,Yes
CUST-12807,Male,1,Yes,No,12,No,No phone service,No,No internet service,No internet service,No internet service,No internet service,No internet service,No internet service,Month-to-month,Yes,Electronic check,18.0,196.21,0,No
CUST-12808,Male,0,Yes,Yes,32,No,No phone service,No,No internet service,No internet service,No internet service,No internet service,No internet service,No internet service,One year,Yes,Bank transfer (automatic),20.8,643.25,1,No
CUST-12809,Female,0,Yes,Yes,6,Yes,Yes,Fiber optic,Yes,Yes,No,No,Yes,No,Month-to-month,Yes,Mailed check,86.22,533.64,0,Yes
CUST-12810,Male,0,No,No,7,Yes,No,No,No internet service,No internet service,No internet service,No internet service,No internet service,No internet service,Month-to-month,Yes,Credit card (automatic),18.0,138.53,0,Yes
CUST-12811,Male,1,No,Yes,18,Yes,Yes,DSL,No,No,Yes,Yes,No,No,Month-to-month,Yes,Mailed check,56.48,1043.74,1,No
CUST-12812,Male,0,Yes,Yes,53,Yes,Yes,DSL,No,Yes,No,No,No,Yes,One year,Yes,Bank transfer (automatic),59.71,3134.95,0,No
CUST-12813,Female,0,Yes,Yes,5,Yes,Yes,DSL,Yes,No,No,Yes,No,Yes,Two year,Yes,Mailed check,55.24,289.43,1,No
CUST-12814,Female,0,Yes,No,60,Yes,Yes,DSL,Yes,No,No,Yes,No,Yes,Month-to-month,Yes,Bank transfer (automatic),58.02,3490.6,2,No
CUST-12815,Female,0,No,Yes,32,Yes,Yes,DSL,No,No,No,No,Yes,No,Month-to-month,Yes,Mailed check,36.38,1182.7,2,No
CUST-12816,Female,0,No,No,51,Yes,No,DSL,No,No,Yes,No,No,Yes,One year,No,Electronic check,59.5,3041.67,0,No
CUST-12817,Male,0,Yes,No,25,Yes,No,No,No internet service,No internet service,No internet service,No internet service,No internet service,No internet service,Month-to-month,Yes,Credit card (automatic),25.29,651.78,1,Yes
CUST-12818,Male,1,No,No,28,Yes,Yes,DSL,No,Yes,No,No,No,Yes,Two year,Yes,Credit card (automatic),57.4,1585.73,0,Yes
CUST-12819,Female,0,Yes,Yes,21,Yes,Yes,Fiber optic,No,Yes,Yes,No,No,No,Two year,No,Electronic check,73.0,1546.98,1,No
CUST-12820,Female,1,No,No,19,Yes,No,No,No internet service,No internet service,No internet service,No internet service,No internet service,No internet service,Month-to-month,Yes,Credit card (automatic),25.02,472.19,2,Yes
CUST-12821,Male,0,No,Yes,41,Yes,Yes,DSL,Yes,Yes,Yes,Yes,No,No,Month-to-month,Yes,Electronic check,69.35,2856.7,3,Yes
CUST-12822,Male,0,Yes,No,10,Yes,No,DSL,No,No,No,Yes,No,No,Month-to-month,No,Mailed check,47.09,457.84,3,Yes
CUST-12823,Female,0,No,No,25,Yes,Yes,DSL,No,No,Yes,No,Yes,Yes,Month-to-month,Yes,Bank transfer (automatic),65.55,1642.71,2,Yes
CUST-12824,Female,0,No,Yes,5,Yes,Yes,DSL,No,Yes,No,No,No,Yes,One year,No,Electronic check,58.36,301.18,0,No
CUST-12825,Female,0,Yes,No,7,No,No phone service,No,No internet service,No internet service,No internet service,No internet service,No internet service,No internet service,Month-to-month,No,Electronic check,18.0,132.07,4,No
CUST-12826,Female,0,Yes,Yes,23,Yes,No,No,No internet service,No internet service,No internet service,No internet service,No internet service,No internet service,Two year,Yes,Mailed check,18.0,418.55,1,No
CUST-12827,Male,0,No,Yes,14,Yes,No,No,No internet service,No internet service,No internet service,No internet service,No internet service,No internet service,One year,Yes,Mailed check,18.0,237.21,0,No
CUST-12828,Male,0,Yes,No,21,No,No phone service,No,No internet service,No internet service,No internet service,No internet service,No internet service,No internet service,Two year,Yes,Electronic check,20.28,418.38,0,No
CUST-12829,Male,0,Yes,No,11,Yes,No,DSL,Yes,No,No,Yes,No,Yes,Month-to-month,Yes,Electronic check,65.87,684.09,0,No
CUST-12830,Female,1,Yes,Yes,38,Yes,No,No,No internet service,No internet service,No internet service,No internet service,No internet service,No internet service,Two year,No,Credit card (automatic),18.0,680.49,0,No
CUST-12831,Female,0,No,Yes,8,Yes,No,Fiber optic,No,No,No,No,No,No,Two year,Yes,Mailed check,67.12,541.89,0,No
CUST-12832,Male,0,No,Yes,72,Yes,No,No,No internet service,No internet service,No internet service,No internet service,No internet service,No internet service,Month-to-month,Yes,Electronic check,18.0,1296.55,1,No
CUST-12833,Male,0,No,No,58,Yes,No,DSL,No,Yes,No,Yes,Yes,Yes,Month-to-month,Yes,Bank transfer (automatic),71.74,4140.14,1,No
CUST-12834,Male,0,No,No,35,Yes,Yes,Fiber optic,Yes,No,No,No,No,Yes,Two year,Yes,Electronic check,84.91,2990.82,0,No
CUST-12835,Male,0,Yes,Yes,7,No,No phone service,DSL,No,No,No,No,No,Yes,Month-to-month,Yes,Electronic check,48.31,346.08,2,Yes
CUST-12836,Female,1,No,Yes,21,Yes,Yes,DSL,Yes,Yes,No,No,Yes,Yes,Month-to-month,Yes,Credit card (automatic),60.3,1268.18,2,No
CUST-12837,Male,0,No,No,36,Yes,No,Fiber optic,Yes,No,No,No,No,No,Two year,No,Credit card (automatic),75.92,2720.73,1,No
CUST-12838,Male,0,Yes,No,49,Yes,No,DSL,No,Yes,No,Yes,No,Yes,Month-to-month,Yes,Electronic check,53.39,2599.47,2,No
CUST-12839,Male,0,Yes,No,49,Yes,Yes,Fiber optic,No,Yes,No,No,No,Yes,Month-to-month,Yes,Credit card (automatic),74.57,3667.75,3,No
CUST-12840,Male,0,Yes,No,42,Yes,No,Fiber optic,Yes,No,No,Yes,Yes,No,One year,Yes,Credit card (automatic),90.76,3829.16,0,No
CUST-12841,Male,0,No,Yes,2,Yes,No,DSL,No,No,No,Yes,No,Yes,One year,Yes,Bank transfer (automatic),66.33,120.99,0,No
CUST-12842,Male,0,No,No,10,Yes,No,DSL,No,Yes,Yes,No,No,Yes,Month-to-month,Yes,Mailed check,50.57,471.44,1,No
CUST-12843,Male,0,No,No,43,Yes,Yes,No,No internet service,No internet service,No internet service,No internet service,No internet service,No internet service,One year,Yes,Electronic check,22.27,965.03,2,No
CUST-12844,Female,1,No,No,15,Yes,No,No,No internet service,No internet service,No internet service,No internet service,No internet service,No internet service,One year,Yes,Electronic check,18.0,313.17,1,No
CUST-12845,Female,0,Yes,Yes,31,Yes,Yes,Fiber optic,No,No,Yes,No,No,No,One year,Yes,Bank transfer (automatic),74.58,2293.44,1,No
CUST-12846,Female,0,No,No,72,Yes,No,No,No internet service,No internet service,No internet service,No internet service,No internet service,No internet service,One year,Yes,Credit card (automatic),18.0,1293.96,0,No
CUST-12847,Female,0,No,No,15,No,No phone service,DSL,No,No,No,No,Yes,No,Month-to-month,No,Bank transfer (automatic),52.83,795.8,2,No
CUST-12848,Male,0,Yes,No,51,Yes,Yes,DSL,No,Yes,Yes,No,No,No,Two year,Yes,Electronic check,57.94,2954.5,1,No
CUST-12849,Female,0,No,No,32,Yes,No,DSL,No,Yes,No,No,No,No,Month-to-month,No,Electronic check,54.55,1771.4,0,No
CUST-12850,Female,0,Yes,No,72,Yes,No,Fiber optic,Yes,No,No,No,Yes,No,Two year,Yes,Mailed check,74.29,5327.86,1,No
CUST-12851,Male,1,No,No,32,Yes,Yes,Fiber optic,No,No,Yes,No,Yes,No,Month-to-month,No,Bank transfer (automatic),83.1,2688.27,3,Yes
CUST-12852,Male,1,No,No,15,No,No phone service,DSL,Yes,No,Yes,Yes,No,Yes,Month-to-month,Yes,Electronic check,68.13,1022.52,2,No
CUST-12853,Female,1,No,No,25,Yes,No,DSL,Yes,Yes,No,No,No,Yes,Month-to-month,Yes,Bank transfer (automatic),60.7,1526.52,1,Yes
CUST-12854,Female,0,No,Yes,10,Yes,No,No,No internet service,No internet service,No internet service,No internet service,No internet service,No internet service,One year,No,Bank transfer (automatic),24.8,251.04,0,No
CUST-12855,Male,0,Yes,No,41,Yes,Yes,Fiber optic,No,No,Yes,Yes,No,No,Month-to-month,No,Electronic check,87.99,3605.54,1,No
CUST-12856,Female,0,No,No,18,Yes,No,No,No internet service,No internet service,No internet service,No internet service,No internet service,No internet service,One year,No,Electronic check,20.96,367.17,0,No
CUST-12857,Male,0,Yes,No,25,Yes,Yes,DSL,Yes,No,No,Yes,No,No,Two year,Yes,Electronic check,47.54,1183.94,0,No
CUST-12858,Male,0,No,No,54,Yes,No,Fiber optic,Yes,No,Yes,No,Yes,No,Month-to-month,No,Credit card (automatic),92.3,5024.78,1,Yes
CUST-12859,Male,0,No,No,9,Yes,Yes,No,No internet service,No internet service,No internet service,No internet service,No internet service,No internet service,Month-to-month,Yes,Mailed check,19.03,194.48,2,Yes
CUST-12860,Male,0,No,No,49,Yes,Yes,No,No internet service,No internet service,No internet service,No internet service,No internet service,No internet service,Two year,No,Mailed check,22.73,1112.48,0,No
CUST-12861,Female,0,Yes,Yes,6,Yes,No,DSL,Yes,Yes,No,Yes,No,No,Month-to-month,No,Bank transfer (automatic),61.28,382.72,0,No
CUST-12862,Male,0,No,Yes,23,Yes,Yes,DSL,Yes,No,No,Yes,Yes,No,Month-to-month,Yes,Mailed check,53.36,1240.57,0,No
CUST-12863,Male,0,No,Yes,35,Yes,Yes,DSL,No,No,No,No,No,No,Month-to-month,No,Electronic check,41.49,1411.23,4,Yes
CUST-12864,Female,0,No,No,43,Yes,No,Fiber optic,No,Yes,Yes,No,No,No,Month-to-month,Yes,Bank transfer (automatic),85.35,3660.53,1,No
CUST-12865,Male,0,Yes,Yes,9,No,No phone service,Fiber optic,No,Yes,No,No,Yes,No,Month-to-month,Yes,Bank transfer (automatic),75.48,650.64,0,Yes
CUST-12866,Female,0,Yes,Yes,72,Yes,Yes,Fiber optic,No,No,Yes,Yes,No,No,One year,Yes,Electronic check,79.52,5726.05,0,No
CUST-12867,Female,0,Yes,Yes,35,Yes,Yes,DSL,Yes,Yes,Yes,No,No,Yes,Month-to-month,Yes,Electronic check,72.24,2552.41,1,No
CUST-12868,Female,0,No,No,43,Yes,No,Fiber optic,No,No,Yes,Yes,Yes,No,One year,Yes,Bank transfer (automatic),90.95,3922.7,0,No
CUST-12869,Male,0,No,No,36,No,No phone service,DSL,Yes,No,No,No,Yes,No,Month-to-month,Yes,Bank transfer (automatic),64.63,2329.92,3,No
CUST-12870,Female,0,No,Yes,10,Yes,No,No,No internet service,No internet service,No internet service,No internet service,No internet service,No internet service,Month-to-month,Yes,Electronic check,19.84,184.41,0,No
CUST-12871,Female,0,Yes,No,13,Yes,No,Fiber optic,No,No,Yes,Yes,No,No,Month-to-month,Yes,Bank transfer (automatic),83.98,1059.81,2,No
CUST-12872,Male,0,Yes,No,59,Yes,No,Fiber optic,Yes,No,No,No,No,No,Two year,No,Credit card (automatic),76.5,4523.71,1,No
CUST-12873,Female,0,No,Yes,60,Yes,No,Fiber optic,Yes,Yes,No,Yes,Yes,No,Month-to-month,Yes,Electronic check,83.05,4983.0,2,No
CUST-12874,Female,0,No,No,3,No,No phone service,DSL,No,No,No,No,No,Yes,Month-to-month,Yes,Mailed check,55.92,171.62,0,No
CUST-12875,Female,0,No,No,41,Yes,No,Fiber optic,Yes,No,Yes,No,Yes,Yes,Month-to-month,Yes,Bank transfer (automatic),91.64,3755.12,3,Yes
CUST-12876,Female,1,No,Yes,22,Yes,Yes,DSL,No,No,Yes,No,No,Yes,Month-to-month,No,Electronic check,56.18,1238.62,1,Yes
CUST-12877,Female,0,Yes,Yes,34,Yes,No,Fiber optic,No,Yes,Yes,Yes,Yes,Yes,Month-to-month,Yes,Bank transfer (automatic),100.13,3399.24,0,Yes
CUST-12878,Male,0,No,No,28,Yes,No,Fiber optic,No,No,No,No,No,Yes,Month-to-month,No,Credit card (automatic),75.37,2113.43,3,Yes
CUST-12879,Female,0,No,No,28,No,No phone service,DSL,No,Yes,Yes,No,No,No,Month-to-month,Yes,Credit card (automatic),48.28,1345.55,3,Yes
CUST-12880,Female,0,No,Yes,12,Yes,Yes,Fiber optic,Yes,No,Yes,Yes,Yes,No,Two year,Yes,Electronic check,84.27,1037.21,0,No
CUST-12881,Male,0,Yes,No,50,Yes,No,DSL,No,Yes,No,Yes,Yes,No,Month-to-month,Yes,Credit card (automatic),60.65,3024.77,1,No
CUST-12882,Male,0,Yes,No,15,Yes,Yes,DSL,No,No,No,Yes,Yes,No,Two year,Yes,Mailed check,53.32,843.52,1,No
CUST-12883,Male,1,Yes,No,22,Yes,Yes,No,No internet service,No internet service,No internet service,No internet service,No internet service,No internet service,Month-to-month,Yes,Electronic check,18.49,419.56,2,Yes
CUST-12884,Female,0,No,Yes,12,Yes,No,Fiber optic,Yes,Yes,No,Yes,No,Yes,Month-to-month,Yes,Electronic check,86.82,1013.98,1,No
CUST-12885,Male,0,Yes,No,25,Yes,No,Fiber optic,Yes,No,No,Yes,Yes,No,Two year,Yes,Credit card (automatic),82.47,2109.94,0,No
CUST-12886,Female,0,Yes,No,8,No,No phone service,Fiber optic,No,Yes,No,No,No,No,Two year,Yes,Mailed check,70.97,605.54,0,No
CUST-12887,Female,1,Yes,No,16,Yes,No,Fiber optic,No,Yes,Yes,Yes,Yes,Yes,One year,No,Credit card (automatic),94.55,1467.83,0,Yes
CUST-12888,Male,0,No,No,50,Yes,Yes,Fiber optic,Yes,No,No,No,Yes,Yes,One year,No,Electronic check,85.12,4255.9,0,No
CUST-12889,Male,0,Yes,No,9,Yes,No,DSL,No,No,Yes,No,No,No,Two year,Yes,Bank transfer (automatic),54.9,456.08,0,No
CUST-12890,Female,0,No,No,40,Yes,No,Fiber optic,Yes,No,No,No,No,No,One year,Yes,Electronic check,80.89,3209.67,1,No
CUST-12891,Male,0,Yes,No,7,Yes,Yes,Fiber optic,No,No,No,No,No,No,Month-to-month,Yes,Electronic check,76.68,519.65,4,Yes
CUST-12892,Female,0,Yes,No,14,Yes,No,No,No internet service,No internet service,No internet service,No internet service,No internet service,No internet service,Month-to-month,Yes,Credit card (automatic),19.26,280.89,1,Yes
CUST-12893,Male,0,No,No,15,No,No phone service,DSL,No,Yes,No,No,No,Yes,One year,No,Electronic check,53.06,794.97,0,No
CUST-12894,Male,0,Yes,Yes,46,Yes,No,DSL,No,No,No,No,No,No,One year,No,Mailed check,38.11,1766.93,0,No
CUST-12895,Male,0,Yes,No,60,Yes,No,No,No internet service,No internet service,No internet service,No internet service,No internet service,No internet service,One year,Yes,Credit card (automatic),21.63,1323.46,0,No
CUST-12896,Female,1,Yes,Yes,19,No,No phone service,Fiber optic,No,Yes,No,No,Yes,No,Month-to-month,Yes,Credit card (automatic),80.37,1497.46,3,No
CUST-12897,Male,0,No,No,8,No,No phone service,No,No internet service,No internet service,No internet service,No internet service,No internet service,No internet service,Two year,Yes,Mailed check,20.45,176.67,0,No
CUST-12898,Female,1,No,No,17,Yes,Yes,Fiber optic,Yes,No,Yes,No,No,Yes,One year,No,Bank transfer (automatic),87.58,1505.61,0,No
CUST-12899,Female,0,Yes,No,18,Yes,No,Fiber optic,No,Yes,No,No,Yes,No,One year,Yes,Bank transfer (automatic),86.56,1524.42,1,Yes
CUST-12900,Female,0,Yes,Yes,16,Yes,Yes,Fiber optic,Yes,No,Yes,Yes,No,No,Month-to-month,No,Electronic check,88.87,1460.49,3,No
CUST-12901,Female,0,No,No,22,Yes,No,DSL,No,No,No,No,No,Yes,Two year,No,Electronic check,52.06,1156.47,0,No
CUST-12902,Male,0,No,No,12,Yes,Yes,Fiber optic,No,No,No,Yes,No,No,One year,No,Electronic check,71.13,854.17,0,No
CUST-12903,Female,0,Yes,Yes,8,No,No phone service,DSL,No,No,No,Yes,No,No,One year,Yes,Mailed check,58.1,458.28,0,No
CUST-12904,Female,0,No,No,4,No,No phone service,Fiber optic,No,No,Yes,Yes,No,Yes,Two year,Yes,Electronic check,86.26,388.5,0,No
CUST-12905,Male,0,No,No,45,No,No phone service,No,No internet service,No internet service,No internet service,No internet service,No internet service,No internet service,Two year,Yes,Electronic check,19.35,850.34,0,No
CUST-12906,Female,0,No,No,28,Yes,No,DSL,No,No,Yes,No,Yes,No,Month-to-month,No,Mailed check,58.18,1682.22,0,No
CUST-12907,Male,0,Yes,No,38,Yes,No,DSL,No,No,Yes,Yes,No,No,Two year,Yes,Mailed check,52.16,1929.03,0,No
CUST-12908,Female,0,Yes,No,34,Yes,Yes,No,No internet service,No internet service,No internet service,No internet service,No internet service,No internet service,One year,No,Mailed check,23.4,778.79,0,No
CUST-12909,Male,0,Yes,No,24,Yes,Yes,DSL,Yes,No,Yes,No,Yes,Yes,Month-to-month,No,Electronic check,75.16,1801.73,2,No
CUST-12910,Female,0,No,Yes,22,Yes,No,Fiber optic,No,No,Yes,No,No,Yes,Month-to-month,No,Bank transfer (automatic),78.13,1737.82,1,Yes
CUST-12911,Male,1,No,Yes,72,Yes,No,No,No internet service,No internet service,No internet service,No internet service,No internet service,No internet service,Month-to-month,No,Credit card (automatic),20.33,1449.86,3,Yes
CUST-12912,Female,0,Yes,No,16,Yes,Yes,DSL,No,No,No,Yes,No,No,One year,Yes,Electronic check,48.07,754.78,1,Yes
CUST-12913,Female,0,No,No,25,No,No phone service,No,No internet service,No internet service,No internet service,No internet service,No internet service,No internet service,One year,Yes,Electronic check,21.74,546.67,0,Yes
CUST-12914,Male,0,No,Yes,18,Yes,No,Fiber optic,No,No,No,No,Yes,Yes,Month-to-month,Yes,Bank transfer (automatic),83.88,1488.36,2,Yes
CUST-12915,Male,0,No,Yes,10,Yes,Yes,DSL,No,No,No,No,Yes,No,Two year,No,Credit card (automatic),52.73,543.14,0,No
CUST-12916,Male,1,No,No,72,No,No phone service,No,No internet service,No internet service,No internet service,No internet service,No internet service,No internet service,Two year,No,Electronic check,23.98,1690.72,0,No
CUST-12917,Male,0,No,No,36,No,No phone service,Fiber optic,No,No,No,No,Yes,No,One year,Yes,Electronic check,68.57,2448.16,1,Yes
CUST-12918,Female,0,Yes,Yes,14,Yes,Yes,Fiber optic,No,No,Yes,Yes,No,No,Two year,Yes,Electronic check,84.23,1165.09,0,No
CUST-12919,Female,0,No,No,12,Yes,No,Fiber optic,Yes,No,Yes,No,Yes,No,Two year,Yes,Bank transfer (automatic),87.31,1047.04,1,No
CUST-12920,Male,0,No,Yes,40,No,No phone service,DSL,No,No,Yes,No,No,No,Month-to-month,Yes,Credit card (automatic),60.56,2421.07,0,No
CUST-12921,Female,1,Yes,No,52,No,No phone service,DSL,Yes,Yes,No,No,No,Yes,Two year,Yes,Bank transfer (automatic),60.37,3189.45,0,No
CUST-12922,Male,0,Yes,No,9,Yes,Yes,DSL,Yes,No,Yes,Yes,No,No,Two year,Yes,Bank transfer (automatic),70.51,637.67,0,Yes
CUST-12923,Male,0,No,No,22,Yes,Yes,DSL,No,Yes,Yes,No,Yes,No,Month-to-month,No,Bank transfer (automatic),67.26,1474.94,1,No
CUST-12924,Female,0,Yes,No,25,Yes,Yes,DSL,No,No,No,No,No,No,Two year,No,Electronic check,49.93,1240.7,0,No
CUST-12925,Female,0,No,No,25,Yes,Yes,DSL,No,Yes,Yes,No,No,Yes,Month-to-month,Yes,Bank transfer (automatic),61.86,1556.37,3,Yes
CUST-12926,Female,0,Yes,Yes,29,Yes,No,DSL,No,No,No,No,No,No,Month-to-month,No,Electronic check,52.89,1500.99,2,Yes
CUST-12927,Female,0,Yes,Yes,20,Yes,No,DSL,No,No,Yes,No,No,No,One year,Yes,Electronic check,45.88,887.01,1,No
CUST-12928,Female,0,Yes,No,23,Yes,No,Fiber optic,Yes,No,No,No,Yes,No,Two year,No,Electronic check,84.43,1888.13,0,No
CUST-12929,Female,1,Yes,No,24,Yes,No,DSL,No,No,No,No,Yes,No,One year,Yes,Bank transfer (automatic),60.1,1423.6,1,No
CUST-12930,Female,0,No,No,9,Yes,Yes,Fiber optic,No,No,No,No,No,No,Month-to-month,Yes,Bank transfer (automatic),68.44,650.73,0,Yes
CUST-12931,Male,0,No,No,72,Yes,No,Fiber optic,No,No,No,No,No,Yes,One year,Yes,Bank transfer (automatic),78.17,5617.44,0,Yes
CUST-12932,Male,0,Yes,No,42,Yes,Yes,No,No internet service,No internet service,No internet service,No internet service,No internet service,No internet service,One year,Yes,Electronic check,18.0,726.12,0,No
CUST-12933,Male,1,Yes,Yes,50,Yes,Yes,Fiber optic,No,No,No,No,No,No,Month-to-month,No,Electronic check,79.76,3992.86,3,Yes
CUST-12934,Male,0,Yes,No,30,Yes,No,No,No internet service,No internet service,No internet service,No internet service,No internet service,No internet service,One year,No,Electronic check,18.49,580.05,0,No
CUST-12935,Male,0,Yes,No,72,Yes,No,Fiber optic,Yes,No,No,Yes,Yes,No,Two year,No,Electronic check,86.05,6205.69,0,No
CUST-12936,Female,0,No,No,1,Yes,Yes,DSL,No,No,No,Yes,No,No,Month-to-month,No,Mailed check,47.55,59.17,1,Yes
CUST-12937,Male,0,Yes,No,26,No,No phone service,Fiber optic,No,No,Yes,Yes,No,No,Month-to-month,Yes,Electronic check,79.04,2082.3,0,No
CUST-12938,Male,0,Yes,No,11,No,No phone service,Fiber optic,No,Yes,Yes,No,Yes,No,Month-to-month,Yes,Bank transfer (automatic),85.21,932.13,2,Yes
CUST-12939,Male,0,No,No,28,Yes,No,Fiber optic,No,Yes,No,No,No,Yes,One year,No,Bank transfer (automatic),83.23,2304.96,2,No
CUST-12940,Male,0,Yes,No,67,Yes,No,Fiber optic,Yes,Yes,No,No,Yes,No,Month-to-month,Yes,Mailed check,85.48,5739.31,0,No
CUST-12941,Male,0,Yes,No,40,Yes,No,Fiber optic,No,No,No,No,No,No,Month-to-month,Yes,Mailed check,58.84,2353.55,2,Yes
CUST-12942,Male,0,Yes,No,24,Yes,No,DSL,Yes,Yes,Yes,No,No,No,Month-to-month,No,Electronic check,64.12,1520.52,2,No
CUST-12943,Male,1,No,No,72,Yes,No,No,No internet service,No internet service,No internet service,No internet service,No internet service,No internet service,Month-to-month,Yes,Mailed check,28.98,2050.35,1,No
CUST-12944,Female,1,No,No,47,Yes,Yes,Fiber optic,Yes,No,No,Yes,Yes,No,Month-to-month,Yes,Credit card (automatic),79.15,3739.98,0,No
CUST-12945,Female,0,No,No,37,Yes,No,Fiber optic,No,Yes,No,No,No,No,Month-to-month,Yes,Bank transfer (automatic),77.54,2848.64,0,Yes
CUST-12946,Male,0,Yes,No,36,Yes,No,No,No internet service,No internet service,No internet service,No internet service,No internet service,No internet service,Month-to-month,Yes,Electronic check,34.5,1249.55,3,No
CUST-12947,Female,0,Yes,No,45,Yes,No,No,No internet service,No internet service,No internet service,No internet service,No internet service,No internet service,Month-to-month,No,Credit card (automatic),18.32,816.22,1,No
CUST-12948,Female,0,No,No,15,Yes,Yes,Fiber optic,No,Yes,No,No,No,No,Two year,No,Bank transfer (automatic),75.47,1157.29,1,No
CUST-12949,Female,0,No,Yes,14,Yes,Yes,No,No internet service,No internet service,No internet service,No internet service,No internet service,No internet service,Month-to-month,Yes,Mailed check,18.0,266.15,2,No
CUST-12950,Female,0,No,No,10,Yes,No,Fiber optic,No,No,Yes,No,No,No,Two year,No,Bank transfer (automatic),81.41,823.16,0,No
CUST-12951,Male,0,Yes,No,16,No,No phone service,Fiber optic,Yes,No,Yes,Yes,Yes,Yes,One year,No,Electronic check,102.07,1638.58,0,Yes
CUST-12952,Female,0,Yes,Yes,69,Yes,Yes,No,No internet service,No internet service,No internet service,No internet service,No internet service,No internet service,Month-to-month,Yes,Mailed check,18.0,1210.6,1,No
CUST-12953,Female,0,No,No,22,Yes,Yes,DSL,No,Yes,Yes,Yes,Yes,No,Month-to-month,No,Bank transfer (automatic),68.38,1506.68,0,No
CUST-12954,Female,0,No,No,70,Yes,No,Fiber optic,Yes,Yes,No,Yes,No,Yes,Two year,Yes,Credit card (automatic),88.47,6182.67,0,No
CUST-12955,Male,0,No,No,15,Yes,Yes,Fiber optic,Yes,Yes,No,No,Yes,Yes,One year,No,Electronic check,88.6,1331.23,1,No
CUST-12956,Male,0,No,No,54,Yes,No,Fiber optic,No,Yes,Yes,No,No,No,Month-to-month,No,Mailed check,77.29,4169.06,2,No
CUST-12957,Male,0,No,No,61,Yes,No,DSL,No,Yes,No,No,No,No,Month-to-month,Yes,Credit card (automatic),48.24,2913.31,0,No
CUST-12958,Male,0,No,Yes,28,Yes,No,Fiber optic,No,Yes,No,No,No,Yes,Month-to-month,No,Electronic check,77.74,2175.65,1,Yes
CUST-12959,Male,0,No,No,21,No,No phone service,Fiber optic,No,No,Yes,Yes,Yes,No,Two year,No,Credit card (automatic),86.93,1792.62,0,No
CUST-12960,Male,0,No,Yes,13,Yes,Yes,DSL,No,No,No,No,Yes,No,Two year,Yes,Electronic check,58.57,781.92,0,No
CUST-12961,Male,1,No,Yes,49,Yes,No,No,No internet service,No internet service,No internet service,No internet service,No internet service,No internet service,Month-to-month,Yes,Electronic check,18.0,891.27,0,No
CUST-12962,Female,0,Yes,No,21,No,No phone service,DSL,No,Yes,Yes,No,No,No,Month-to-month,Yes,Electronic check,52.08,1080.2,2,Yes
CUST-12963,Female,0,Yes,No,19,Yes,No,Fiber optic,Yes,Yes,No,Yes,No,No,Month-to-month,Yes,Bank transfer (automatic),88.82,1675.6,0,No
CUST-12964,Female,0,No,No,33,Yes,No,DSL,Yes,No,No,Yes,Yes,Yes,Two year,Yes,Electronic check,64.5,2082.55,0,No
CUST-12965,Male,1,Yes,No,40,Yes,No,Fiber optic,No,No,Yes,No,Yes,Yes,One year,Yes,Mailed check,82.28,3292.66,0,No
CUST-12966,Male,1,No,No,12,Yes,Yes,No,No internet service,No internet service,No internet service,No internet service,No internet service,No internet service,Two year,Yes,Electronic check,21.11,242.76,0,No
CUST-12967,Male,0,Yes,No,33,Yes,No,No,No internet service,No internet service,No internet service,No internet service,No internet service,No internet service,Month-to-month,Yes,Electronic check,19.76,685.44,2,No
CUST-12968,Male,1,Yes,No,61,Yes,No,DSL,No,Yes,No,No,No,Yes,One year,No,Mailed check,54.01,3296.45,1,No
CUST-12969,Male,0,No,Yes,10,Yes,No,Fiber optic,No,Yes,Yes,No,Yes,No,Month-to-month,No,Electronic check,91.07,935.04,1,Yes
CUST-12970,Female,0,Yes,Yes,50,Yes,Yes,Fiber optic,Yes,Yes,No,No,Yes,No,Two year,No,Electronic check,84.62,4229.45,1,Yes
CUST-12971,Female,0,Yes,No,50,Yes,Yes,Fiber optic,No,Yes,No,No,No,Yes,Month-to-month,Yes,Mailed check,86.59,4354.64,2,No
CUST-12972,Male,0,Yes,Yes,53,Yes,Yes,Fiber optic,No,Yes,No,No,No,No,Two year,No,Bank transfer (automatic),77.08,4069.78,1,No
CUST-12973,Male,1,No,No,41,Yes,No,Fiber optic,Yes,No,No,No,Yes,No,Month-to-month,No,Electronic check,73.66,3031.12,1,Yes
CUST-12974,Male,0,Yes,No,39,Yes,No,DSL,No,No,Yes,No,Yes,No,One year,No,Mailed check,57.9,2250.24,0,No
CUST-12975,Male,1,No,Yes,49,Yes,No,DSL,No,No,Yes,No,Yes,Yes,Month-to-month,No,Electronic check,59.29,2931.1,1,No
CUST-12976,Female,0,Yes,No,33,No,No phone service,Fiber optic,No,No,Yes,No,Yes,No,Month-to-month,No,Mailed check,74.65,2447.23,0,Yes
CUST-12977,Male,0,No,Yes,18,Yes,No,Fiber optic,No,No,No,No,Yes,Yes,Month-to-month,Yes,Credit card (automatic),80.99,1448.53,2,Yes
CUST-12978,Male,0,Yes,No,17,Yes,Yes,Fiber optic,Yes,No,No,No,No,Yes,One year,Yes,Credit card (automatic),78.54,1343.6,1,Yes
CUST-12979,Male,0,Yes,No,23,Yes,No,Fiber optic,No,No,No,No,Yes,No,Month-to-month,Yes,Electronic check,86.5,1976.79,1,Yes
CUST-12980,Male,0,Yes,No,43,Yes,No,Fiber optic,No,No,No,No,Yes,No,Month-to-month,Yes,Bank transfer (automatic),73.52,3179.56,0,Yes
CUST-12981,Female,0,Yes,Yes,24,Yes,No,Fiber optic,Yes,Yes,No,Yes,Yes,No,Month-to-month,No,Bank transfer (automatic),93.14,2246.68,1,No
CUST-12982,Male,1,No,No,21,Yes,Yes,DSL,Yes,No,Yes,No,No,No,Month-to-month,Yes,Credit card (automatic),51.8,1137.66,0,No
CUST-12983,Male,0,Yes,Yes,52,Yes,Yes,Fiber optic,No,Yes,No,No,No,No,Month-to-month,No,Credit card (automatic),74.72,3912.76,0,No
CUST-12984,Female,0,Yes,No,29,Yes,No,DSL,Yes,No,Yes,No,Yes,Yes,Month-to-month,No,Mailed check,69.79,2032.01,2,No
CUST-12985,Female,0,No,No,7,Yes,Yes,Fiber optic,Yes,Yes,Yes,Yes,No,No,Month-to-month,Yes,Credit card (automatic),104.58,721.65,0,Yes
CUST-12986,Female,0,Yes,No,10,Yes,No,No,No internet service,No internet service,No internet service,No internet service,No internet service,No internet service,Month-to-month,Yes,Credit card (automatic),21.25,226.33,2,No
CUST-12987,Male,1,Yes,No,9,Yes,No,Fiber optic,No,Yes,No,No,Yes,Yes,Two year,Yes,Mailed check,78.84,705.25,0,No
CUST-12988,Male,0,No,No,24,Yes,No,Fiber optic,Yes,No,Yes,No,Yes,Yes,Month-to-month,No,Mailed check,99.68,2429.6,0,No
CUST-12989,Female,0,No,Yes,11,Yes,No,DSL,Yes,No,No,No,No,No,One year,No,Bank transfer (automatic),55.15,605.52,1,No
CUST-12990,Female,0,Yes,Yes,21,Yes,No,DSL,No,No,No,No,No,Yes,Month-to-month,No,Mailed check,36.64,745.67,0,No
CUST-12991,Female,0,Yes,No,16,No,No phone service,DSL,No,No,No,No,Yes,Yes,Two year,Yes,Bank transfer (automatic),48.33,774.02,0,No
CUST-12992,Female,0,No,Yes,6,No,No phone service,DSL,No,Yes,Yes,No,No,No,Month-to-month,Yes,Mailed check,53.72,328.51,0,Yes
CUST-12993,Female,0,Yes,No,10,Yes,Yes,Fiber optic,No,Yes,No,No,No,No,Two year,Yes,Electronic check,70.8,710.61,0,No
CUST-12994,Female,0,No,No,71,Yes,Yes,No,No internet service,No internet service,No internet service,No internet service,No internet service,No internet service,Month-to-month,Yes,Credit card (automatic),19.55,1406.09,2,No
CUST-12995,Male,0,Yes,No,19,No,No phone service,DSL,No,No,No,No,No,Yes,Month-to-month,No,Credit card (automatic),47.77,885.27,6,No
CUST-12996,Male,0,No,No,18,No,No phone service,DSL,Yes,Yes,No,No,Yes,No,Month-to-month,Yes,Electronic check,66.23,1194.61,1,No
CUST-12997,Male,0,Yes,No,17,Yes,No,No,No internet service,No internet service,No internet service,No internet service,No internet service,No internet service,Month-to-month,Yes,Bank transfer (automatic),25.34,409.91,0,No
CUST-12998,Female,0,No,No,30,Yes,Yes,Fiber optic,No,No,No,Yes,Yes,Yes,Month-to-month,Yes,Mailed check,80.47,2355.9,2,Yes
CUST-12999,Female,0,Yes,No,25,Yes,Yes,Fiber optic,No,Yes,Yes,No,Yes,Yes,Month-to-month,Yes,Bank transfer (automatic),102.15,2545.72,0,Yes
CUST-13000,Female,0,No,No,72,Yes,No,No,No internet service,No internet service,No internet service,No internet service,No internet service,No internet service,Two year,No,Mailed check,27.25,1944.41,0,No
CUST-13001,Female,0,Yes,No,55,Yes,No,Fiber optic,Yes,Yes,No,Yes,Yes,Yes,Month-to-month,Yes,Mailed check,83.13,4602.25,0,No
CUST-13002,Female,1,Yes,No,72,Yes,Yes,Fiber optic,No,Yes,Yes,No,Yes,No,Month-to-month,Yes,Mailed check,81.99,5905.81,2,Yes
CUST-13003,Female,0,No,No,42,Yes,No,Fiber optic,No,No,No,No,No,Yes,One year,No,Credit card (automatic),69.78,2932.2,0,Yes
CUST-13004,Male,0,No,No,39,Yes,No,DSL,No,No,No,No,Yes,No,Two year,Yes,Bank transfer (automatic),45.65,1784.6,0,No
CUST-13005,Male,1,No,Yes,10,Yes,Yes,Fiber optic,No,No,No,No,No,Yes,Month-to-month,No,Mailed check,62.96,635.2,0,Yes
CUST-13006,Female,0,Yes,No,7,Yes,Yes,DSL,No,Yes,No,No,No,No,One year,No,Bank transfer (automatic),51.35,394.04,0,No
CUST-13007,Male,0,No,No,6,Yes,No,Fiber optic,No,No,No,No,Yes,Yes,Month-to-month,No,Credit card (automatic),77.05,442.11,0,Yes
CUST-13008,Female,0,Yes,No,22,Yes,No,DSL,No,No,No,Yes,No,Yes,Month-to-month,Yes,Electronic check,58.74,1251.39,3,Yes
CUST-13009,Male,0,No,Yes,47,Yes,No,Fiber optic,Yes,Yes,Yes,Yes,No,No,Month-to-month,No,Mailed check,103.82,4871.88,0,No
CUST-13010,Female,0,No,No,15,Yes,Yes,Fiber optic,No,No,No,No,No,Yes,Month-to-month,No,Credit card (automatic),83.82,1253.42,1,Yes
CUST-13011,Female,0,Yes,No,12,Yes,No,DSL,Yes,No,Yes,No,No,Yes,Month-to-month,Yes,Bank transfer (automatic),58.31,704.2,0,No
CUST-13012,Male,1,No,No,45,Yes,No,DSL,No,Yes,Yes,No,Yes,Yes,Month-to-month,No,Credit card (automatic),66.77,3037.92,0,No
CUST-13013,Male,0,No,No,12,Yes,No,Fiber optic,No,Yes,Yes,No,Yes,Yes,Month-to-month,Yes,Electronic check,95.45,1155.6,4,Yes
CUST-13014,Female,0,Yes,Yes,69,Yes,Yes,Fiber optic,No,Yes,No,No,Yes,No,One year,No,Credit card (automatic),90.25,6230.47,2,No
CUST-13015,Female,0,No,No,11,Yes,Yes,No,No internet service,No internet service,No internet service,No internet service,No internet service,No internet service,One year,Yes,Credit card (automatic),20.38,240.53,0,No
CUST-13016,Male,0,Yes,No,47,Yes,Yes,No,No internet service,No internet service,No internet service,No internet service,No internet service,No internet service,One year,No,Credit card (automatic),18.0,833.25,0,No
CUST-13017,Male,0,No,No,31,Yes,No,DSL,No,No,No,Yes,Yes,Yes,One year,Yes,Bank transfer (automatic),64.82,1975.78,3,No
CUST-13018,Female,0,Yes,No,2,Yes,No,Fiber optic,No,No,Yes,No,Yes,Yes,Two year,Yes,Electronic check,80.19,143.93,1,No
CUST-13019,Male,0,Yes,Yes,13,Yes,No,Fiber optic,No,No,No,No,Yes,No,Two year,Yes,Mailed check,69.33,904.85,0,No
CUST-13020,Female,0,Yes,No,49,Yes,No,Fiber optic,No,Yes,Yes,Yes,No,No,Two year,Yes,Mailed check,91.59,4535.21,2,No
CUST-13021,Female,1,No,Yes,6,Yes,No,No,No internet service,No internet service,No internet service,No internet service,No internet service,No internet service,Month-to-month,Yes,Mailed check,26.27,156.65,0,No
CUST-13022,Female,1,No,No,18,Yes,No,Fiber optic,No,No,No,Yes,No,Yes,Month-to-month,Yes,Bank transfer (automatic),89.22,1621.96,2,No
CUST-13023,Female,0,No,No,6,Yes,Yes,Fiber optic,No,Yes,Yes,Yes,No,Yes,Month-to-month,Yes,Bank transfer (automatic),99.82,632.06,2,Yes
CUST-13024,Male,0,Yes,No,22,Yes,No,No,No internet service,No internet service,No internet service,No internet service,No internet service,No internet service,Month-to-month,Yes,Electronic check,23.5,536.92,2,No
CUST-13025,Male,0,Yes,No,33,No,No phone service,DSL,No,No,No,No,Yes,No,Month-to-month,Yes,Bank transfer (automatic),48.08,1602.78,2,No
CUST-13026,Male,1,No,No,27,No,No phone service,Fiber optic,No,No,No,No,No,No,Month-to-month,Yes,Electronic check,62.96,1710.76,2,No
CUST-13027,Male,0,No,No,29,Yes,Yes,DSL,No,No,No,Yes,No,No,Two year,Yes,Electronic check,49.92,1430.0,0,No
CUST-13028,Male,0,Yes,No,27,Yes,No,DSL,No,Yes,No,No,No,No,Month-to-month,Yes,Mailed check,49.02,1340.93,1,No
CUST-13029,Male,0,Yes,No,21,Yes,No,DSL,Yes,No,No,Yes,No,No,Month-to-month,Yes,Bank transfer (automatic),55.04,1174.3,3,Yes
CUST-13030,Male,0,No,No,44,Yes,No,Fiber optic,Yes,Yes,No,No,Yes,No,Month-to-month,Yes,Credit card (automatic),86.12,3740.54,0,Yes
CUST-13031,Female,0,Yes,No,6,Yes,Yes,No,No internet service,No internet service,No internet service,No internet service,No internet service,No internet service,One year,Yes,Mailed check,18.0,113.6,0,No
CUST-13032,Male,0,No,No,66,Yes,Yes,DSL,No,No,No,No,No,No,Month-to-month,Yes,Credit card (automatic),46.5,3064.29,2,No
CUST-13033,Male,0,No,Yes,28,Yes,No,Fiber optic,No,Yes,Yes,No,No,No,Month-to-month,Yes,Electronic check,75.77,2104.5,0,No
CUST-13034,Female,0,No,No,7,Yes,Yes,DSL,No,No,Yes,No,Yes,Yes,Two year,Yes,Credit card (automatic),63.78,450.79,0,No
CUST-13035,Male,0,No,No,60,No,No phone service,DSL,No,No,No,Yes,Yes,No,One year,Yes,Credit card (automatic),49.29,2951.02,0,No
CUST-13036,Male,0,Yes,No,21,Yes,Yes,No,No internet service,No internet service,No internet service,No internet service,No internet service,No internet service,One year,Yes,Bank transfer (automatic),21.76,490.94,0,No
CUST-13037,Female,1,No,No,16,Yes,Yes,DSL,Yes,No,Yes,No,No,No,Two year,Yes,Electronic check,54.02,868.62,0,No
CUST-13038,Male,0,No,No,7,Yes,Yes,DSL,No,No,Yes,No,No,No,Month-to-month,No,Mailed check,52.63,344.56,1,No
CUST-13039,Male,1,Yes,No,15,Yes,No,DSL,No,No,Yes,No,Yes,No,One year,No,Electronic check,63.9,989.74,0,No
CUST-13040,Male,0,No,No,45,No,No phone service,DSL,No,Yes,No,No,No,Yes,Month-to-month,No,Bank transfer (automatic),45.43,2020.07,2,No
CUST-13041,Female,0,Yes,No,11,Yes,No,Fiber optic,No,No,No,Yes,Yes,Yes,One year,Yes,Electronic check,85.14,984.97,0,No
CUST-13042,Male,0,No,No,46,Yes,Yes,DSL,No,Yes,Yes,No,Yes,Yes,Month-to-month,Yes,Mailed check,68.81,3170.63,2,Yes
CUST-13043,Male,0,Yes,Yes,18,Yes,No,Fiber optic,No,No,Yes,No,Yes,Yes,Month-to-month,No,Electronic check,84.76,1511.29,3,Yes
CUST-13044,Female,0,No,No,10,Yes,No,Fiber optic,No,No,No,No,Yes,Yes,Month-to-month,Yes,Electronic check,81.45,829.09,2,Yes
CUST-13045,Male,0,Yes,No,15,Yes,Yes,Fiber optic,No,No,Yes,No,Yes,No,Month-to-month,Yes,Electronic check,81.75,1230.67,0,Yes
CUST-13046,Female,0,Yes,No,35,Yes,No,No,No internet service,No internet service,No internet service,No internet service,No internet service,No internet service,Month-to-month,Yes,Electronic check,27.66,946.86,1,No
CUST-13047,Female,0,No,Yes,29,Yes,Yes,DSL,Yes,No,Yes,No,No,Yes,Month-to-month,Yes,Bank transfer (automatic),53.99,1555.89,1,No
CUST-13048,Male,0,No,Yes,71,Yes,No,Fiber optic,Yes,No,No,No,No,No,One year,Yes,Electronic check,66.66,4763.92,0,No
CUST-13049,Female,1,Yes,No,19,Yes,No,Fiber optic,Yes,No,Yes,Yes,Yes,No,Month-to-month,No,Bank transfer (automatic),93.5,1786.87,2,No
CUST-13050,Female,0,Yes,Yes,47,Yes,No,DSL,No,Yes,Yes,Yes,No,No,Month-to-month,No,Bank transfer (automatic),68.18,3181.46,1,Yes
CUST-13051,Male,1,Yes,No,22,Yes,No,No,No internet service,No internet service,No internet service,No internet service,No internet service,No internet service,One year,Yes,Electronic check,25.98,592.87,0,No
CUST-13052,Female,0,No,No,12,Yes,Yes,Fiber optic,No,No,No,No,Yes,No,One year,No,Electronic check,73.06,889.77,0,No
CUST-13053,Female,0,No,No,8,Yes,No,DSL,Yes,No,No,Yes,No,No,Month-to-month,Yes,Mailed check,49.91,363.31,2,No
CUST-13054,Male,1,No,Yes,19,Yes,No,DSL,Yes,Yes,Yes,No,Yes,Yes,Month-to-month,Yes,Credit card (automatic),74.67,1441.87,1,No
CUST-13055,Male,0,No,No,24,No,No phone service,DSL,No,Yes,Yes,Yes,Yes,Yes,One year,No,Mailed check,75.4,1837.51,1,No
CUST-13056,Male,0,No,No,59,Yes,No,No,No internet service,No internet service,No internet service,No internet service,No internet service,No internet service,Month-to-month,Yes,Mailed check,18.0,1051.76,1,No
CUST-13057,Female,0,Yes,No,71,Yes,No,Fiber optic,Yes,No,No,Yes,Yes,No,Month-to-month,Yes,Bank transfer (automatic),82.86,5893.58,0,No
CUST-13058,Male,1,Yes,No,71,Yes,Yes,Fiber optic,Yes,No,Yes,No,No,Yes,Month-to-month,Yes,Credit card (automatic),88.18,6301.38,1,No
CUST-13059,Female,0,No,No,13,Yes,No,DSL,Yes,No,No,Yes,No,No,Two year,Yes,Credit card (automatic),56.06,713.42,0,No
CUST-13060,Female,0,No,Yes,11,Yes,Yes,Fiber optic,No,No,No,Yes,No,No,Month-to-month,Yes,Mailed check,81.72,929.03,1,Yes
CUST-13061,Female,0,No,No,15,Yes,No,No,No internet service,No internet service,No internet service,No internet service,No internet service,No internet service,Month-to-month,No,Electronic check,21.49,349.31,1,Yes
CUST-13062,Female,0,No,No,22,Yes,No,Fiber optic,Yes,Yes,Yes,No,Yes,No,Two year,No,Bank transfer (automatic),85.18,1853.99,1,No
CUST-13063,Female,0,No,No,5,Yes,Yes,DSL,Yes,Yes,No,Yes,Yes,No,Month-to-month,Yes,Electronic check,68.65,312.79,1,Yes
CUST-13064,Female,0,No,No,10,Yes,Yes,DSL,No,No,No,Yes,No,No,Month-to-month,Yes,Mailed check,43.21,420.55,0,No
CUST-13065,Female,0,Yes,No,56,Yes,No,DSL,Yes,Yes,No,Yes,No,Yes,Month-to-month,No,Bank transfer (automatic),69.2,3855.2,3,Yes
CUST-13066,Male,0,Yes,Yes,30,Yes,Yes,DSL,No,No,No,No,Yes,No,Two year,No,Bank transfer (automatic),48.99,1455.55,1,No
CUST-13067,Male,0,No,No,16,Yes,Yes,Fiber optic,Yes,Yes,Yes,No,No,Yes,Two year,No,Bank transfer (automatic),103.28,1669.23,0,No
CUST-13068,Female,0,No,No,5,Yes,No,DSL,No,No,No,Yes,No,Yes,One year,Yes,Electronic check,58.06,303.78,0,Yes
CUST-13069,Female,0,Yes,No,30,Yes,Yes,No,No internet service,No internet service,No internet service,No internet service,No internet service,No internet service,Month-to-month,Yes,Credit card (automatic),26.07,796.49,1,No
CUST-13070,Male,1,Yes,No,25,Yes,Yes,Fiber optic,Yes,Yes,No,No,Yes,No,Month-to-month,Yes,Electronic check,85.55,2132.6,1,Yes
CUST-13071,Female,0,Yes,No,10,Yes,No,Fiber optic,No,Yes,No,No,No,No,Month-to-month,No,Electronic check,73.01,785.97,3,Yes
CUST-13072,Male,0,Yes,No,40,Yes,Yes,Fiber optic,No,No,No,Yes,No,Yes,Month-to-month,Yes,Bank transfer (automatic),83.81,3385.86,1,No
CUST-13073,Male,0,No,No,16,Yes,Yes,DSL,No,Yes,No,Yes,Yes,Yes,One year,No,Credit card (automatic),64.09,1031.24,0,No
CUST-13074,Male,0,Yes,Yes,28,Yes,No,DSL,No,Yes,No,Yes,No,No,One year,Yes,Mailed check,57.36,1619.77,0,No
CUST-13075,Female,0,No,No,70,Yes,No,No,No internet service,No internet service,No internet service,No internet service,No internet service,No internet service,Two year,Yes,Bank transfer (automatic),18.0,1265.82,1,No
CUST-13076,Female,0,Yes,No,39,Yes,No,Fiber optic,No,No,No,No,No,Yes,Month-to-month,Yes,Mailed check,84.52,3301.66,5,Yes
CUST-13077,Male,0,No,No,7,Yes,No,DSL,No,No,Yes,No,No,Yes,One year,Yes,Electronic check,56.29,412.01,0,Yes
CUST-13078,Male,0,Yes,Yes,39,Yes,No,DSL,No,Yes,Yes,No,No,No,One year,Yes,Bank transfer (automatic),52.25,2037.21,2,No
CUST-13079,Male,0,No,No,14,Yes,No,DSL,No,No,No,Yes,Yes,Yes,Month-to-month,Yes,Mailed check,59.14,816.72,1,No
CUST-13080,Male,0,No,No,35,Yes,No,DSL,Yes,Yes,Yes,Yes,No,No,Two year,No,Credit card (automatic),71.92,2523.64,0,No
CUST-13081,Male,1,No,No,47,Yes,No,DSL,Yes,Yes,Yes,No,No,Yes,Month-to-month,Yes,Electronic check,67.97,3186.14,2,Yes
CUST-13082,Female,0,Yes,No,28,Yes,No,DSL,No,No,Yes,Yes,Yes,Yes,One year,Yes,Electronic check,62.68,1749.71,0,No
CUST-13083,Male,0,Yes,No,8,Yes,No,Fiber optic,No,No,No,No,No,Yes,Two year,Yes,Mailed check,81.72,625.42,1,Yes
CUST-13084,Female,0,Yes,No,3,Yes,No,No,No internet service,No internet service,No internet service,No internet service,No internet service,No internet service,Month-to-month,Yes,Mailed check,20.4,69.76,1,Yes
CUST-13085,Male,0,Yes,No,53,Yes,No,Fiber optic,No,Yes,No,Yes,No,No,Month-to-month,Yes,Mailed check,82.41,4374.23,1,No
CUST-13086,Female,0,No,No,65,Yes,No,Fiber optic,No,No,Yes,Yes,Yes,Yes,Month-to-month,Yes,Electronic check,88.15,5734.83,2,Yes
CUST-13087,Female,0,No,Yes,13,Yes,No,DSL,No,No,No,Yes,Yes,No,One year,Yes,Electronic check,54.47,701.5,0,No
CUST-13088,Female,0,No,No,2,Yes,Yes,DSL,Yes,Yes,No,No,Yes,No,One year,No,Credit card (automatic),60.92,128.81,0,No
CUST-13089,Female,0,No,Yes,6,Yes,No,Fiber optic,No,Yes,Yes,No,Yes,No,Month-to-month,Yes,Mailed check,81.72,495.72,0,Yes
CUST-13090,Female,0,Yes,No,17,Yes,Yes,No,No internet service,No internet service,No internet service,No internet service,No internet service,No internet service,One year,No,Bank transfer (automatic),18.0,294.86,0,No
CUST-13091,Female,0,Yes,No,46,Yes,No,DSL,Yes,No,No,Yes,No,No,Two year,Yes,Mailed check,63.04,2923.62,0,No
CUST-13092,Male,0,Yes,Yes,2,Yes,Yes,Fiber optic,No,No,No,Yes,Yes,No,Two year,Yes,Bank transfer (automatic),73.93,118.11,0,No
CUST-13093,Female,0,No,No,58,Yes,No,No,No internet service,No internet service,No internet service,No internet service,No internet service,No internet service,Month-to-month,Yes,Bank transfer (automatic),18.0,1063.42,1,No
CUST-13094,Male,0,No,No,53,Yes,Yes,Fiber optic,Yes,No,No,No,No,No,Month-to-month,Yes,Bank transfer (automatic),72.6,3855.08,2,No
CUST-13095,Female,0,Yes,No,57,Yes,No,DSL,Yes,No,Yes,Yes,No,No,Two year,Yes,Electronic check,70.08,4008.91,0,No
CUST-13096,Female,0,Yes,Yes,10,Yes,Yes,DSL,No,No,Yes,No,Yes,No,Month-to-month,Yes,Mailed check,54.21,535.66,1,No
CUST-13097,Male,1,No,No,49,Yes,No,No,No internet service,No internet service,No internet service,No internet service,No internet service,No internet service,One year,No,Electronic check,21.56,1046.76,1,No
CUST-13098,Female,0,No,Yes,25,Yes,No,DSL,No,No,No,No,No,Yes,One year,No,Bank transfer (automatic),54.24,1347.55,1,Yes
CUST-13099,Male,1,No,Yes,9,No,No phone service,Fiber optic,No,No,Yes,No,No,No,Month-to-month,Yes,Mailed check,82.41,757.73,1,Yes
CUST-13100,Male,0,Yes,Yes,27,Yes,No,Fiber optic,No,Yes,No,No,No,Yes,Month-to-month,Yes,Electronic check,77.56,2098.72,0,Yes
CUST-13101,Male,0,Yes,No,24,Yes,No,Fiber optic,No,No,No,No,No,Yes,Month-to-month,Yes,Bank transfer (automatic),78.47,1866.33,2,Yes
CUST-13102,Male,0,No,Yes,6,Yes,Yes,DSL,No,No,No,No,No,No,Month-to-month,Yes,Electronic check,41.34,247.51,0,Yes
CUST-13103,Female,1,No,Yes,38,Yes,Yes,Fiber optic,No,No,No,No,No,Yes,Month-to-month,No,Credit card (automatic),66.72,2535.21,2,No
CUST-13104,Female,0,Yes,No,23,Yes,No,DSL,No,No,Yes,Yes,Yes,No,Two year,No,Electronic check,60.77,1419.63,2,No
CUST-13105,Male,0,No,No,18,No,No phone service,Fiber optic,No,Yes,No,Yes,No,Yes,Month-to-month,Yes,Credit card (automatic),82.78,1459.97,1,No
CUST-13106,Female,0,No,Yes,17,Yes,No,Fiber optic,No,No,No,No,No,No,Month-to-month,Yes,Mailed check,78.55,1335.92,1,Yes
CUST-13107,Female,0,Yes,No,31,Yes,Yes,DSL,No,No,No,Yes,No,No,Month-to-month,Yes,Electronic check,58.16,1812.09,0,Yes
CUST-13108,Male,0,Yes,No,16,Yes,Yes,Fiber optic,No,Yes,No,Yes,No,No,Month-to-month,No,Electronic check,86.62,1360.88,0,Yes
CUST-13109,Female,1,Yes,Yes,3,Yes,No,No,No internet service,No internet service,No internet service,No internet service,No internet service,No internet service,Month-to-month,Yes,Electronic check,20.68,39.45,1,Yes
CUST-13110,Male,1,Yes,No,9,Yes,No,No,No internet service,No internet service,No internet service,No internet service,No internet service,No internet service,Month-to-month,No,Electronic check,19.85,174.2,2,No
CUST-13111,Male,0,No,Yes,24,Yes,Yes,DSL,Yes,No,Yes,No,Yes,Yes,Month-to-month,No,Electronic check,68.68,1621.41,0,No
CUST-13112,Female,1,Yes,Yes,15,Yes,No,Fiber optic,No,No,Yes,No,Yes,Yes,Month-to-month,No,Electronic check,86.35,1285.45,2,Yes
CUST-13113,Female,0,No,No,18,Yes,No,Fiber optic,Yes,Yes,No,No,Yes,No,Month-to-month,Yes,Electronic check,83.36,1488.15,0,Yes
CUST-13114,Female,0,No,Yes,10,Yes,Yes,Fiber optic,Yes,Yes,Yes,No,Yes,Yes,One year,Yes,Mailed check,95.0,965.3,0,No
CUST-13115,Male,0,Yes,Yes,10,Yes,Yes,Fiber optic,No,Yes,Yes,No,No,No,Month-to-month,No,Mailed check,84.83,850.89,1,No
CUST-13116,Male,0,Yes,No,35,Yes,No,No,No internet service,No internet service,No internet service,No internet service,No internet service,No internet service,Month-to-month,No,Bank transfer (automatic),30.65,1099.47,2,No
CUST-13117,Female,1,No,No,27,Yes,Yes,Fiber optic,No,Yes,No,No,No,No,Two year,Yes,Electronic check,76.32,2069.8,1,No
CUST-13118,Female,0,No,No,11,Yes,No,Fiber optic,Yes,No,Yes,Yes,Yes,Yes,One year,No,Credit card (automatic),97.57,1097.81,0,No
CUST-13119,Female,0,No,No,17,Yes,No,DSL,No,No,Yes,No,Yes,Yes,Month-to-month,No,Mailed check,58.21,984.44,1,No
CUST-13120,Female,0,Yes,No,42,Yes,No,No,No internet service,No internet service,No internet service,No internet service,No internet service,No internet service,Month-to-month,Yes,Bank transfer (automatic),18.0,788.03,0,No
CUST-13121,Male,0,Yes,No,8,Yes,No,Fiber optic,No,Yes,Yes,No,No,No,One year,Yes,Electronic check,84.22,647.62,0,Yes
CUST-13122,Female,0,No,No,46,Yes,No,Fiber optic,Yes,Yes,No,Yes,Yes,No,Month-to-month,Yes,Mailed check,87.3,3970.64,2,No
CUST-13123,Male,1,No,No,21,No,No phone service,No,No internet service,No internet service,No internet service,No internet service,No internet service,No internet service,Month-to-month,No,Mailed check,18.0,370.32,2,Yes
CUST-13124,Male,0,Yes,No,17,Yes,No,Fiber optic,Yes,Yes,No,Yes,Yes,Yes,Month-to-month,No,Credit card (automatic),105.29,1822.34,0,Yes
CUST-13125,Female,0,No,Yes,7,Yes,Yes,Fiber optic,No,No,Yes,No,No,No,Two year,Yes,Credit card (automatic),80.75,583.16,0,No
CUST-13126,Female,0,Yes,No,72,Yes,No,No,No internet service,No internet service,No internet service,No internet service,No internet service,No internet service,One year,Yes,Bank transfer (automatic),18.0,1284.0,1,No
CUST-13127,Female,0,No,No,33,Yes,Yes,DSL,No,No,Yes,Yes,Yes,No,Month-to-month,Yes,Bank transfer (automatic),73.93,2412.93,1,Yes
CUST-13128,Male,0,No,No,3,Yes,Yes,No,No internet service,No internet service,No internet service,No internet service,No internet service,No internet service,Month-to-month,Yes,Bank transfer (automatic),18.0,10.94,2,Yes
CUST-13129,Female,0,Yes,No,28,Yes,No,DSL,No,Yes,Yes,No,No,No,Month-to-month,Yes,Electronic check,48.3,1347.99,1,No
CUST-13130,Female,0,No,No,53,Yes,Yes,Fiber optic,Yes,No,No,No,No,No,Month-to-month,No,Bank transfer (automatic),66.16,3492.68,1,No
CUST-13131,Male,0,Yes,No,30,Yes,Yes,DSL,No,No,Yes,Yes,Yes,No,Two year,No,Electronic check,59.23,1787.32,0,No
CUST-13132,Female,0,Yes,No,42,Yes,Yes,DSL,No,No,No,Yes,Yes,No,Month-to-month,Yes,Bank transfer (automatic),62.28,2635.79,1,No
CUST-13133,Male,0,Yes,No,15,No,No phone service,Fiber optic,No,Yes,No,No,Yes,No,Two year,No,Electronic check,72.65,1087.91,1,No
CUST-13134,Female,0,Yes,No,13,Yes,No,DSL,No,Yes,Yes,No,Yes,No,Month-to-month,Yes,Electronic check,58.02,732.35,0,No
CUST-13135,Male,0,Yes,No,19,Yes,No,No,No internet service,No internet service,No internet service,No internet service,No internet service,No internet service,Month-to-month,Yes,Mailed check,21.77,418.6,2,Yes
CUST-13136,Female,0,No,No,25,Yes,Yes,DSL,No,Yes,No,Yes,Yes,No,Month-to-month,No,Electronic check,58.78,1494.67,1,No
CUST-13137,Female,1,No,No,15,Yes,Yes,DSL,Yes,Yes,No,No,No,No,One year,Yes,Bank transfer (automatic),56.02,844.92,0,No
CUST-13138,Male,0,Yes,Yes,21,Yes,No,No,No internet service,No internet service,No internet service,No internet service,No internet service,No internet service,Month-to-month,Yes,Mailed check,24.75,518.35,3,Yes
CUST-13139,Male,0,No,No,9,Yes,No,Fiber optic,Yes,Yes,No,No,Yes,No,One year,Yes,Credit card (automatic),83.52,732.68,0,No
CUST-13140,Female,0,No,No,5,Yes,No,Fiber optic,No,No,No,No,Yes,Yes,Month-to-month,No,Mailed check,76.16,403.78,1,Yes
CUST-13141,Male,0,No,No,12,Yes,No,DSL,No,Yes,No,No,No,Yes,Month-to-month,No,Bank transfer (automatic),58.06,701.95,3,No
CUST-13142,Male,0,No,No,72,No,No phone service,Fiber optic,No,No,No,No,Yes,No,One year,Yes,Credit card (automatic),75.59,5438.26,1,No
CUST-13143,Male,1,Yes,No,56,Yes,No,Fiber optic,No,Yes,Yes,No,Yes,No,Month-to-month,Yes,Electronic check,90.25,5044.64,1,Yes
CUST-13144,Male,0,Yes,Yes,29,Yes,No,No,No internet service,No internet service,No internet service,No internet service,No internet service,No internet service,Month-to-month,No,Bank transfer (automatic),24.52,712.93,1,No
CUST-13145,Female,0,No,No,6,Yes,No,Fiber optic,No,Yes,Yes,Yes,No,No,Month-to-month,Yes,Mailed check,76.72,428.26,2,Yes
CUST-13146,Female,0,Yes,No,22,Yes,Yes,No,No internet service,No internet service,No internet service,No internet service,No internet service,No internet service,Month-to-month,Yes,Electronic check,18.0,354.91,0,No
CUST-13147,Male,0,Yes,No,26,Yes,Yes,Fiber optic,Yes,No,No,No,Yes,No,Two year,Yes,Electronic check,78.26,2020.32,1,No
CUST-13148,Male,0,Yes,No,14,Yes,Yes,Fiber optic,No,Yes,Yes,No,Yes,Yes,Month-to-month,No,Bank transfer (automatic),89.91,1273.94,1,No
CUST-13149,Male,1,Yes,No,58,No,No phone service,Fiber optic,No,No,Yes,Yes,Yes,No,Two year,No,Electronic check,95.11,5500.04,1,No
CUST-13150,Male,0,Yes,No,8,Yes,Yes,Fiber optic,Yes,Yes,No,No,No,No,Two year,Yes,Electronic check,67.07,534.92,2,Yes
CUST-13151,Female,0,No,No,35,Yes,No,DSL,Yes,Yes,No,Yes,No,Yes,Month-to-month,No,Mailed check,64.54,2264.18,0,No
CUST-13152,Female,0,Yes,No,8,Yes,No,Fiber optic,Yes,No,No,No,Yes,Yes,Month-to-month,Yes,Mailed check,81.21,642.92,0,Yes
CUST-13153,Male,0,No,Yes,9,Yes,Yes,DSL,Yes,No,No,No,No,No,One year,Yes,Bank transfer (automatic),55.6,453.12,1,No
CUST-13154,Male,0,No,No,22,No,No phone service,Fiber optic,No,No,No,Yes,No,No,Two year,No,Electronic check,71.12,1574.47,0,Yes
CUST-13155,Male,0,Yes,No,2,Yes,Yes,Fiber optic,No,No,No,Yes,Yes,No,Month-to-month,Yes,Electronic check,88.67,227.3,0,Yes
CUST-13156,Female,0,Yes,No,27,Yes,No,Fiber optic,No,No,No,No,No,Yes,Two year,No,Mailed check,75.18,2004.83,0,Yes
CUST-13157,Male,0,Yes,Yes,16,Yes,Yes,No,No internet service,No internet service,No internet service,No internet service,No internet service,No internet service,Two year,Yes,Mailed check,18.63,317.29,0,No
CUST-13158,Female,0,Yes,No,21,Yes,No,Fiber optic,No,No,No,No,Yes,Yes,Month-to-month,Yes,Credit card (automatic),77.97,1595.78,1,Yes
CUST-13159,Male,0,Yes,No,13,Yes,No,DSL,Yes,Yes,Yes,No,Yes,No,Two year,Yes,Bank transfer (automatic),65.1,868.26,0,No
CUST-13160,Female,0,Yes,No,57,Yes,Yes,DSL,No,No,No,Yes,No,No,Month-to-month,Yes,Credit card (automatic),41.28,2310.16,1,Yes
CUST-13161,Male,0,No,No,44,Yes,No,DSL,No,No,No,No,No,Yes,One year,Yes,Electronic check,42.96,1892.94,2,No
CUST-13162,Female,0,No,No,35,Yes,Yes,DSL,Yes,No,No,No,No,No,Month-to-month,Yes,Bank transfer (automatic),47.44,1661.23,2,No
CUST-13163,Male,0,Yes,No,10,No,No phone service,DSL,Yes,Yes,Yes,No,No,Yes,Month-to-month,No,Bank transfer (automatic),70.65,724.78,3,Yes
CUST-13164,Male,0,Yes,No,38,Yes,No,Fiber optic,Yes,No,No,No,Yes,No,One year,Yes,Bank transfer (automatic),86.01,3289.86,0,No
CUST-13165,Male,0,No,No,30,Yes,No,DSL,No,No,No,No,Yes,No,Month-to-month,Yes,Credit card (automatic),41.77,1247.35,0,No
CUST-13166,Female,0,No,No,72,Yes,No,DSL,Yes,No,No,Yes,No,No,One year,Yes,Mailed check,60.72,4359.01,0,No
CUST-13167,Male,1,No,No,6,Yes,Yes,No,No internet service,No internet service,No internet service,No internet service,No internet service,No internet service,Two year,Yes,Mailed check,21.15,116.21,0,No
CUST-13168,Female,0,No,Yes,20,No,No phone service,No,No internet service,No internet service,No internet service,No internet service,No internet service,No internet service,Month-to-month,No,Credit card (automatic),23.25,459.13,1,No
CUST-13169,Female,0,Yes,Yes,13,Yes,No,Fiber optic,No,Yes,No,Yes,Yes,No,Month-to-month,Yes,Electronic check,85.91,1121.14,1,Yes
CUST-13170,Male,0,Yes,No,31,Yes,No,DSL,Yes,Yes,Yes,No,No,No,One year,No,Electronic check,66.39,2063.21,0,No
CUST-13171,Male,0,No,No,5,Yes,Yes,No,No internet service,No internet service,No internet service,No internet service,No internet service,No internet service,Month-to-month,No,Mailed check,18.0,78.85,1,No
CUST-13172,Male,0,Yes,Yes,40,Yes,Yes,Fiber optic,Yes,No,Yes,Yes,No,Yes,Two year,Yes,Electronic check,91.22,3658.81,1,No
CUST-13173,Female,0,No,Yes,5,Yes,Yes,DSL,Yes,Yes,Yes,No,Yes,No,Month-to-month,No,Mailed check,61.48,320.69,1,No
CUST-13174,Male,0,No,No,31,Yes,No,Fiber optic,Yes,No,Yes,Yes,No,No,One year,No,Credit card (automatic),78.64,2486.27,1,No
CUST-13175,Female,0,No,No,17,Yes,No,DSL,Yes,Yes,Yes,No,No,Yes,Month-to-month,No,Mailed check,50.2,879.28,1,No
CUST-13176,Female,0,Yes,Yes,11,Yes,No,No,No internet service,No internet service,No internet service,No internet service,No internet service,No internet service,Month-to-month,Yes,Bank transfer (automatic),18.0,208.14,1,No
CUST-13177,Male,0,No,No,8,No,No phone service,No,No internet service,No internet service,No internet service,No internet service,No internet service,No internet service,Month-to-month,Yes,Electronic check,20.07,155.74,5,Yes
CUST-13178,Male,0,No,No,13,Yes,Yes,DSL,No,Yes,No,Yes,No,No,Month-to-month,Yes,Electronic check,60.23,747.14,0,No
CUST-13179,Male,0,Yes,No,18,Yes,Yes,Fiber optic,No,No,Yes,Yes,Yes,No,Month-to-month,Yes,Electronic check,92.76,1635.84,3,Yes
CUST-13180,Male,0,Yes,No,23,Yes,Yes,Fiber optic,No,No,No,Yes,No,No,One year,No,Bank transfer (automatic),87.42,2025.55,0,No
CUST-13181,Male,0,No,Yes,26,No,No phone service,No,No internet service,No internet service,No internet service,No internet service,No internet service,No internet service,Month-to-month,No,Electronic check,18.0,468.37,3,Yes
CUST-13182,Male,0,No,Yes,20,Yes,Yes,Fiber optic,No,Yes,No,Yes,No,No,Month-to-month,No,Bank transfer (automatic),77.84,1536.9,1,Yes
CUST-13183,Female,1,Yes,Yes,17,Yes,Yes,DSL,No,Yes,Yes,Yes,Yes,No,Month-to-month,No,Bank transfer (automatic),84.77,1437.73,3,No
CUST-13184,Female,0,Yes,Yes,68,Yes,Yes,DSL,No,No,No,No,Yes,Yes,Two year,No,Mailed check,56.29,3816.85,1,No
CUST-13185,Female,0,No,Yes,38,Yes,Yes,DSL,No,No,No,Yes,Yes,Yes,One year,Yes,Electronic check,56.25,2134.83,2,No
CUST-13186,Male,0,No,Yes,14,Yes,Yes,No,No internet service,No internet service,No internet service,No internet service,No internet service,No internet service,Month-to-month,No,Electronic check,18.0,232.61,0,No
CUST-13187,Female,0,No,No,21,Yes,No,No,No internet service,No internet service,No internet service,No internet service,No internet service,No internet service,Two year,Yes,Mailed check,18.0,390.55,0,No
CUST-13188,Female,0,No,Yes,11,No,No phone service,DSL,No,No,Yes,Yes,No,No,Two year,Yes,Credit card (automatic),59.32,646.07,2,No
CUST-13189,Female,0,Yes,No,18,Yes,No,DSL,No,No,No,No,Yes,Yes,Month-to-month,No,Bank transfer (automatic),54.82,1005.53,1,Yes
CUST-13190,Female,0,No,No,6,Yes,No,Fiber optic,Yes,No,Yes,No,Yes,No,One year,No,Mailed check,84.88,503.91,0,No
CUST-13191,Female,0,Yes,No,25,Yes,No,No,No internet service,No internet service,No internet service,No internet service,No internet service,No internet service,Month-to-month,No,Credit card (automatic),24.88,624.38,2,No
CUST-13192,Male,0,No,Yes,72,Yes,No,DSL,Yes,Yes,No,No,No,No,Two year,Yes,Electronic check,54.46,3918.36,0,No
CUST-13193,Male,1,No,Yes,26,No,No phone service,Fiber optic,Yes,Yes,Yes,No,No,No,Month-to-month,No,Mailed check,84.79,2192.37,4,No
CUST-13194,Female,0,Yes,No,26,Yes,No,DSL,No,No,No,No,No,No,Two year,Yes,Mailed check,40.85,1022.5,0,No
CUST-13195,Female,0,Yes,No,20,Yes,No,DSL,Yes,No,No,Yes,No,Yes,Month-to-month,Yes,Electronic check,66.8,1360.39,0,No
CUST-13196,Female,0,No,No,8,Yes,No,Fiber optic,No,Yes,No,No,No,Yes,Month-to-month,Yes,Credit card (automatic),85.78,700.97,0,No
CUST-13197,Male,1,Yes,No,72,Yes,Yes,Fiber optic,No,No,Yes,Yes,No,Yes,One year,Yes,Mailed check,88.17,6333.34,0,Yes
CUST-13198,Male,0,Yes,No,28,Yes,No,Fiber optic,Yes,Yes,Yes,No,No,Yes,One year,Yes,Electronic check,91.48,2576.92,1,Yes
CUST-13199,Female,0,No,No,35,Yes,No,No,No internet service,No internet service,No internet service,No internet service,No internet service,No internet service,One year,No,Electronic check,26.06,868.82,1,No
CUST-13200,Male,0,Yes,No,17,Yes,No,Fiber optic,No,No,Yes,Yes,Yes,No,Two year,Yes,Mailed check,78.62,1338.9,0,No
CUST-13201,Male,0,No,No,36,Yes,Yes,DSL,No,No,No,Yes,No,No,One year,No,Mailed check,56.7,2040.91,1,No
CUST-13202,Female,1,Yes,No,72,Yes,Yes,Fiber optic,Yes,No,Yes,No,Yes,Yes,One year,Yes,Credit card (automatic),94.38,6817.79,0,No
CUST-13203,Male,0,No,No,57,Yes,Yes,No,No internet service,No internet service,No internet service,No internet service,No internet service,No internet service,Month-to-month,Yes,Bank transfer (automatic),18.0,1037.82,2,Yes
CUST-13204,Male,0,Yes,Yes,0,No,No phone service,Fiber optic,Yes,No,Yes,No,Yes,No,Month-to-month,Yes,Bank transfer (automatic),77.67,,3,No
CUST-13205,Female,1,Yes,No,54,Yes,Yes,Fiber optic,No,Yes,No,Yes,No,No,Month-to-month,No,Electronic check,77.77,4211.64,1,Yes
CUST-13206,Male,0,No,No,10,Yes,No,DSL,No,No,Yes,Yes,No,Yes,One year,No,Electronic check,60.9,624.01,0,No
CUST-13207,Male,0,No,No,10,Yes,No,DSL,No,Yes,No,No,Yes,Yes,Month-to-month,Yes,Bank transfer (automatic),65.92,676.84,2,No
CUST-13208,Female,0,Yes,No,9,Yes,Yes,DSL,No,No,Yes,Yes,Yes,No,Month-to-month,Yes,Credit card (automatic),65.33,579.41,1,No
CUST-13209,Male,0,Yes,No,31,Yes,No,Fiber optic,No,Yes,No,No,No,No,Month-to-month,No,Bank transfer (automatic),78.33,2473.32,1,Yes
CUST-13210,Male,0,No,Yes,25,Yes,No,Fiber optic,No,No,No,No,No,Yes,Two year,Yes,Mailed check,79.74,1992.27,0,No
CUST-13211,Female,0,No,Yes,37,Yes,Yes,No,No internet service,No internet service,No internet service,No internet service,No internet service,No internet service,Month-to-month,Yes,Bank transfer (automatic),26.96,1000.77,0,No
CUST-13212,Female,0,No,Yes,23,Yes,Yes,Fiber optic,Yes,No,Yes,Yes,Yes,Yes,Month-to-month,Yes,Mailed check,107.53,2456.0,3,No
CUST-13213,Female,0,No,No,10,Yes,No,Fiber optic,Yes,Yes,Yes,Yes,Yes,Yes,Month-to-month,Yes,Electronic check,100.25,1046.61,2,Yes
CUST-13214,Male,0,No,No,39,Yes,No,Fiber optic,No,No,No,Yes,No,Yes,Month-to-month,Yes,Bank transfer (automatic),80.69,3121.81,3,Yes
CUST-13215,Female,0,Yes,No,18,Yes,No,Fiber optic,No,No,Yes,Yes,Yes,No,Month-to-month,Yes,Mailed check,80.57,1436.9,1,Yes
CUST-13216,Male,0,No,No,40,Yes,Yes,Fiber optic,No,Yes,Yes,No,Yes,Yes,Month-to-month,Yes,Mailed check,91.8,3702.4,2,Yes
CUST-13217,Female,0,No,Yes,28,No,No phone service,No,No internet service,No internet service,No internet service,No internet service,No internet service,No internet service,Month-to-month,Yes,Mailed check,18.0,493.76,3,No
CUST-13218,Male,0,Yes,Yes,25,Yes,No,Fiber optic,No,Yes,Yes,No,No,Yes,Two year,Yes,Electronic check,94.13,2348.07,0,No
CUST-13219,Female,0,Yes,No,72,Yes,No,DSL,Yes,No,No,No,No,Yes,One year,No,Mailed check,55.8,4010.44,0,No
CUST-13220,Female,0,Yes,No,3,Yes,No,No,No internet service,No internet service,No internet service,No internet service,No internet service,No internet service,Month-to-month,Yes,Bank transfer (automatic),18.0,71.3,0,Yes
CUST-13221,Female,0,Yes,No,3,No,No phone service,Fiber optic,No,Yes,Yes,No,Yes,No,One year,Yes,Electronic check,83.26,259.99,0,No
CUST-13222,Female,0,Yes,No,13,Yes,Yes,Fiber optic,Yes,No,No,Yes,No,No,One year,Yes,Bank transfer (automatic),78.99,1039.6,1,Yes
CUST-13223,Male,0,No,No,40,Yes,Yes,Fiber optic,Yes,No,Yes,Yes,No,No,One year,No,Mailed check,79.46,3212.52,0,No
CUST-13224,Female,0,No,Yes,15,Yes,Yes,Fiber optic,Yes,Yes,No,No,No,No,Month-to-month,No,Credit card (automatic),81.3,1232.93,1,Yes
CUST-13225,Female,0,No,No,19,No,No phone service,Fiber optic,No,Yes,No,No,No,No,Month-to-month,Yes,Credit card (automatic),81.72,1561.71,0,Yes
CUST-13226,Male,0,Yes,No,4,No,No phone service,No,No internet service,No internet service,No internet service,No internet service,No internet service,No internet service,One year,No,Mailed check,18.0,81.82,0,Yes
CUST-13227,Female,1,Yes,No,39,Yes,Yes,Fiber optic,No,No,No,No,No,No,Month-to-month,No,Electronic check,72.05,2829.07,2,Yes
CUST-13228,Male,0,No,No,4,Yes,Yes,No,No internet service,No internet service,No internet service,No internet service,No internet service,No internet service,Month-to-month,No,Bank transfer (automatic),18.0,51.02,0,No
CUST-13229,Female,0,Yes,Yes,17,Yes,Yes,Fiber optic,Yes,Yes,Yes,No,No,Yes,Month-to-month,Yes,Mailed check,95.78,1629.68,2,Yes
CUST-13230,Female,0,No,Yes,2,Yes,No,No,No internet service,No internet service,No internet service,No internet service,No internet service,No internet service,One year,Yes,Bank transfer (automatic),18.0,63.61,0,No
CUST-13231,Female,1,No,No,45,Yes,No,Fiber optic,No,Yes,Yes,Yes,Yes,No,Month-to-month,Yes,Electronic check,99.12,4401.9,1,Yes
CUST-13232,Male,0,Yes,No,4,Yes,No,Fiber optic,No,Yes,No,No,Yes,Yes,Month-to-month,No,Bank transfer (automatic),91.47,366.92,2,Yes
CUST-13233,Female,0,Yes,No,16,Yes,No,DSL,No,No,No,Yes,No,No,Two year,Yes,Mailed check,52.89,856.67,0,No
CUST-13234,Female,0,Yes,Yes,13,Yes,Yes,Fiber optic,No,Yes,No,No,Yes,No,Two year,No,Electronic check,80.13,1032.55,0,No
CUST-13235,Female,1,No,No,35,Yes,No,DSL,No,No,Yes,No,No,No,Month-to-month,Yes,Credit card (automatic),45.84,1582.0,2,No
CUST-13236,Male,0,No,Yes,26,Yes,No,Fiber optic,No,No,No,No,Yes,No,Month-to-month,Yes,Mailed check,77.05,2003.44,4,Yes
CUST-13237,Male,0,No,Yes,72,Yes,No,Fiber optic,No,Yes,No,No,No,No,One year,Yes,Bank transfer (automatic),75.79,5485.16,0,No
CUST-13238,Female,1,Yes,Yes,6,Yes,No,DSL,No,Yes,Yes,No,Yes,No,Month-to-month,Yes,Bank transfer (automatic),63.5,373.25,1,No
CUST-13239,Male,1,No,No,54,Yes,No,Fiber optic,No,No,No,No,Yes,Yes,One year,Yes,Electronic check,76.31,4104.03,0,Yes
CUST-13240,Female,1,Yes,No,62,Yes,No,Fiber optic,No,No,No,No,Yes,No,One year,Yes,Bank transfer (automatic),82.79,5138.05,0,No
CUST-13241,Female,0,Yes,No,72,No,No phone service,Fiber optic,Yes,No,Yes,No,Yes,Yes,Month-to-month,Yes,Electronic check,100.33,7176.52,1,No
CUST-13242,Female,0,No,Yes,23,No,No phone service,Fiber optic,No,No,No,No,No,Yes,Month-to-month,No,Credit card (automatic),73.43,1675.13,2,Yes
CUST-13243,Female,0,No,Yes,7,Yes,No,Fiber optic,No,Yes,No,Yes,No,No,Month-to-month,Yes,Bank transfer (automatic),81.08,550.36,0,No
CUST-13244,Female,0,Yes,Yes,32,Yes,Yes,Fiber optic,No,No,Yes,Yes,No,No,One year,Yes,Electronic check,81.4,2626.18,0,Yes
CUST-13245,Female,0,Yes,No,4,Yes,No,Fiber optic,No,No,No,No,Yes,No,Month-to-month,Yes,Mailed check,76.28,313.86,3,Yes
CUST-13246,Female,0,Yes,Yes,50,Yes,No,No,No internet service,No internet service,No internet service,No internet service,No internet service,No internet service,Month-to-month,No,Bank transfer (automatic),18.0,909.9,4,No
CUST-13247,Male,0,Yes,No,21,Yes,Yes,Fiber optic,Yes,No,Yes,No,No,No,Month-to-month,Yes,Mailed check,83.88,1752.08,1,No
CUST-13248,Male,0,Yes,Yes,30,No,No phone service,Fiber optic,Yes,Yes,Yes,Yes,Yes,Yes,Month-to-month,No,Bank transfer (automatic),97.25,2920.0,1,Yes
CUST-13249,Male,0,No,Yes,72,No,No phone service,DSL,No,Yes,No,Yes,No,Yes,Month-to-month,Yes,Electronic check,62.9,4547.67,2,No
CUST-13250,Male,0,No,Yes,26,Yes,No,No,No internet service,No internet service,No internet service,No internet service,No internet service,No internet service,Month-to-month,No,Bank transfer (automatic),18.0,483.69,1,Yes
CUST-13251,Male,0,No,Yes,7,Yes,No,No,No internet service,No internet service,No internet service,No internet service,No internet service,No internet service,One year,Yes,Electronic check,23.36,144.91,0,No
CUST-13252,Male,0,No,No,21,Yes,No,Fiber optic,No,Yes,No,No,Yes,Yes,Month-to-month,Yes,Bank transfer (automatic),87.82,1828.86,1,No
CUST-13253,Male,0,No,No,14,Yes,No,DSL,Yes,Yes,Yes,No,No,Yes,Month-to-month,No,Electronic check,63.75,905.95,2,Yes
CUST-13254,Female,0,No,No,28,Yes,No,No,No internet service,No internet service,No internet service,No internet service,No internet service,No internet service,Two year,No,Electronic check,22.24,619.97,0,No
CUST-13255,Female,0,No,Yes,16,Yes,No,No,No internet service,No internet service,No internet service,No internet service,No internet service,No internet service,One year,No,Bank transfer (automatic),28.27,461.22,0,Yes
CUST-13256,Female,0,Yes,Yes,12,Yes,No,Fiber optic,Yes,No,No,No,No,No,One year,Yes,Electronic check,83.89,1011.52,0,No
CUST-13257,Female,0,No,No,22,No,No phone service,Fiber optic,Yes,Yes,No,No,Yes,Yes,Month-to-month,Yes,Credit card (automatic),95.2,2091.0,2,Yes
CUST-13258,Male,0,No,No,7,Yes,No,No,No internet service,No internet service,No internet service,No internet service,No internet service,No internet service,Month-to-month,Yes,Bank transfer (automatic),22.81,175.19,1,Yes
CUST-13259,Male,0,No,No,20,Yes,Yes,Fiber optic,No,No,Yes,No,No,No,One year,Yes,Credit card (automatic),81.49,1602.44,0,No
CUST-13260,Female,0,No,No,34,Yes,No,Fiber optic,No,Yes,No,No,Yes,No,Two year,Yes,Mailed check,85.89,2917.25,1,No
CUST-13261,Female,1,Yes,No,65,Yes,Yes,Fiber optic,Yes,No,No,No,No,Yes,Two year,Yes,Electronic check,76.43,4944.28,0,No
CUST-13262,Male,0,No,Yes,14,Yes,No,Fiber optic,Yes,No,No,No,Yes,Yes,Two year,Yes,Bank transfer (automatic),88.68,1237.47,0,No
CUST-13263,Female,1,Yes,No,72,Yes,No,Fiber optic,No,Yes,No,Yes,Yes,Yes,Month-to-month,No,Electronic check,90.47,6511.32,1,No
CUST-13264,Female,1,No,No,30,Yes,Yes,Fiber optic,Yes,Yes,No,No,No,No,Two year,Yes,Mailed check,90.8,2724.61,0,No
CUST-13265,Female,0,Yes,No,17,Yes,No,Fiber optic,Yes,No,Yes,No,Yes,Yes,Two year,Yes,Bank transfer (automatic),95.74,1633.2,1,No
CUST-13266,Female,1,Yes,No,19,Yes,No,No,No internet service,No internet service,No internet service,No internet service,No internet service,No internet service,Month-to-month,Yes,Bank transfer (automatic),18.85,357.32,1,No
CUST-13267,Male,0,Yes,No,23,Yes,Yes,No,No internet service,No internet service,No internet service,No internet service,No internet service,No internet service,Month-to-month,Yes,Electronic check,19.06,419.49,0,Yes
CUST-13268,Female,0,No,Yes,16,Yes,No,Fiber optic,Yes,No,Yes,Yes,No,No,Month-to-month,Yes,Bank transfer (automatic),78.74,1247.23,4,No
CUST-13269,Female,0,Yes,No,12,Yes,Yes,Fiber optic,No,Yes,Yes,No,No,Yes,Month-to-month,Yes,Mailed check,87.37,1046.74,1,No
CUST-13270,Male,0,No,Yes,27,No,No phone service,No,No internet service,No internet service,No internet service,No internet service,No internet service,No internet service,Month-to-month,No,Mailed check,18.0,476.33,4,No
CUST-13271,Male,1,Yes,No,3,Yes,No,Fiber optic,No,Yes,Yes,Yes,No,Yes,Two year,Yes,Electronic check,93.11,262.87,0,No
CUST-13272,Female,0,No,No,11,Yes,No,Fiber optic,No,Yes,Yes,Yes,No,No,Two year,Yes,Mailed check,101.09,1110.45,0,No
CUST-13273,Male,0,No,No,40,Yes,No,Fiber optic,Yes,No,No,No,No,Yes,Two year,Yes,Bank transfer (automatic),80.86,3241.65,2,No
CUST-13274,Female,0,Yes,No,2,No,No phone service,DSL,No,Yes,No,No,No,Yes,Month-to-month,Yes,Bank transfer (automatic),48.7,115.14,2,No
CUST-13275,Female,0,Yes,No,31,Yes,No,Fiber optic,No,No,Yes,No,Yes,No,Month-to-month,Yes,Mailed check,78.98,2468.72,1,No
CUST-13276,Male,0,No,Yes,25,Yes,No,No,No internet service,No internet service,No internet service,No internet service,No internet service,No internet service,One year,Yes,Bank transfer (automatic),19.83,488.87,0,No
CUST-13277,Female,0,No,No,13,Yes,No,No,No internet service,No internet service,No internet service,No internet service,No internet service,No internet service,Month-to-month,Yes,Electronic check,18.29,260.09,1,Yes
CUST-13278,Female,1,No,Yes,16,Yes,Yes,DSL,Yes,Yes,No,No,Yes,Yes,Month-to-month,No,Credit card (automatic),68.3,1087.16,1,No
CUST-13279,Female,0,Yes,No,22,Yes,No,Fiber optic,No,No,No,Yes,No,No,One year,No,Bank transfer (automatic),75.33,1702.95,1,No
CUST-13280,Female,0,No,No,32,Yes,Yes,Fiber optic,No,No,Yes,Yes,Yes,Yes,Month-to-month,Yes,Bank transfer (automatic),94.31,3016.45,1,Yes
CUST-13281,Male,0,No,Yes,30,Yes,No,Fiber optic,No,No,No,No,Yes,Yes,Month-to-month,No,Mailed check,82.36,2464.7,3,Yes
CUST-13282,Male,0,Yes,Yes,52,Yes,No,No,No internet service,No internet service,No internet service,No internet service,No internet service,No internet service,Month-to-month,Yes,Electronic check,28.13,1452.91,1,No
CUST-13283,Female,0,Yes,No,29,Yes,No,Fiber optic,No,Yes,No,Yes,Yes,Yes,Two year,Yes,Mailed check,95.62,2752.31,0,No
CUST-13284,Male,0,Yes,No,59,Yes,No,No,No internet service,No internet service,No internet service,No internet service,No internet service,No internet service,Month-to-month,Yes,Mailed check,25.89,1562.72,0,No
CUST-13285,Female,0,No,No,3,Yes,Yes,Fiber optic,Yes,No,Yes,No,Yes,Yes,Month-to-month,Yes,Electronic check,88.35,285.4,0,Yes
CUST-13286,Female,1,No,Yes,51,Yes,Yes,DSL,No,No,No,No,No,No,Two year,Yes,Electronic check,48.52,2497.41,1,No
CUST-13287,Female,0,Yes,No,17,Yes,Yes,Fiber optic,Yes,No,No,No,Yes,Yes,Month-to-month,No,Bank transfer (automatic),90.12,1551.43,1,No
CUST-13288,Female,1,Yes,No,26,No,No phone service,Fiber optic,Yes,No,No,No,No,No,Month-to-month,No,Electronic check,70.2,1844.54,2,Yes
CUST-13289,Female,0,Yes,Yes,37,Yes,No,Fiber optic,No,No,No,Yes,Yes,No,One year,No,Credit card (automatic),78.38,2929.24,0,No
CUST-13290,Male,0,Yes,No,9,No,No phone service,DSL,No,No,No,No,Yes,Yes,Month-to-month,Yes,Electronic check,57.28,508.56,2,Yes
CUST-13291,Female,0,Yes,No,19,Yes,Yes,DSL,Yes,Yes,Yes,Yes,Yes,No,Month-to-month,Yes,Credit card (automatic),73.69,1385.16,1,No
CUST-13292,Male,1,No,No,55,Yes,No,Fiber optic,No,Yes,Yes,Yes,No,No,Two year,Yes,Credit card (automatic),88.46,4876.16,0,No
CUST-13293,Male,0,Yes,No,65,Yes,No,Fiber optic,No,Yes,Yes,No,No,No,Month-to-month,No,Mailed check,80.79,5262.0,0,No
CUST-13294,Female,1,Yes,No,13,No,No phone service,No,No internet service,No internet service,No internet service,No internet service,No internet service,No internet service,One year,No,Credit card (automatic),21.5,288.23,0,No
CUST-13295,Female,1,No,No,35,Yes,No,Fiber optic,No,No,Yes,No,Yes,No,Month-to-month,No,Credit card (automatic),79.85,2795.33,1,No
CUST-13296,Female,0,No,Yes,16,Yes,No,DSL,No,No,No,No,Yes,No,Month-to-month,Yes,Electronic check,50.57,798.03,0,No
CUST-13297,Female,0,No,No,5,Yes,Yes,Fiber optic,Yes,No,No,Yes,No,Yes,Month-to-month,Yes,Credit card (automatic),90.93,459.51,3,Yes
CUST-13298,Female,0,Yes,Yes,62,Yes,Yes,Fiber optic,No,No,Yes,No,No,Yes,Month-to-month,Yes,Electronic check,79.22,4898.9,0,No
CUST-13299,Male,0,Yes,No,9,No,No phone service,DSL,No,No,No,No,No,Yes,Month-to-month,No,Electronic check,54.94,477.61,1,No
CUST-13300,Female,0,No,No,72,Yes,Yes,DSL,No,No,Yes,No,No,Yes,Month-to-month,No,Bank transfer (automatic),58.2,4197.01,2,No
CUST-13301,Female,0,No,Yes,6,Yes,Yes,DSL,No,Yes,No,Yes,No,Yes,Month-to-month,Yes,Electronic check,68.95,398.11,3,Yes
CUST-13302,Male,0,Yes,Yes,50,No,No phone service,DSL,Yes,No,Yes,No,Yes,No,One year,Yes,Electronic check,63.05,3170.56,0,No
CUST-13303,Male,0,No,No,48,Yes,No,Fiber optic,No,Yes,Yes,Yes,No,No,Month-to-month,No,Credit card (automatic),90.24,4310.0,0,Yes
CUST-13304,Female,0,No,No,16,Yes,Yes,Fiber optic,Yes,Yes,No,No,No,No,Month-to-month,Yes,Credit card (automatic),62.48,1016.22,0,Yes
CUST-13305,Male,0,Yes,No,29,Yes,Yes,DSL,No,No,No,No,No,No,One year,No,Credit card (automatic),39.77,1121.12,0,Yes
CUST-13306,Female,0,No,No,16,Yes,Yes,Fiber optic,No,Yes,Yes,No,Yes,No,Month-to-month,Yes,Mailed check,87.93,1386.5,2,Yes
CUST-13307,Male,0,No,No,11,Yes,No,No,No internet service,No internet service,No internet service,No internet service,No internet service,No internet service,Two year,Yes,Credit card (automatic),24.78,305.07,0,No
CUST-13308,Male,0,Yes,No,33,Yes,No,Fiber optic,No,Yes,No,No,No,Yes,One year,No,Electronic check,82.93,2764.33,2,No
CUST-13309,Female,0,No,Yes,43,Yes,No,Fiber optic,Yes,No,No,No,No,No,Two year,No,Credit card (automatic),73.57,3139.81,1,No
CUST-13310,Male,0,No,No,12,Yes,Yes,DSL,No,Yes,Yes,Yes,No,Yes,Month-to-month,Yes,Mailed check,61.66,741.37,6,Yes
CUST-13311,Male,0,No,No,62,Yes,Yes,DSL,No,Yes,No,Yes,No,No,Two year,No,Credit card (automatic),54.83,3374.38,1,No
CUST-13312,Male,0,Yes,No,28,Yes,No,Fiber optic,No,Yes,Yes,No,No,No,One year,No,Bank transfer (automatic),83.61,2355.05,1,Yes
CUST-13313,Male,0,Yes,Yes,23,Yes,Yes,Fiber optic,No,No,Yes,No,No,Yes,One year,Yes,Credit card (automatic),82.66,1906.72,0,Yes
CUST-13314,Male,0,No,No,24,Yes,Yes,Fiber optic,No,Yes,No,No,No,Yes,Two year,Yes,Credit card (automatic),85.4,2048.77,1,Yes
CUST-13315,Male,1,Yes,No,60,No,No phone service,No,No internet service,No internet service,No internet service,No internet service,No internet service,No internet service,One year,Yes,Credit card (automatic),19.32,1149.61,1,No
CUST-13316,Female,0,Yes,Yes,18,Yes,Yes,Fiber optic,No,No,Yes,Yes,No,Yes,Two year,Yes,Bank transfer (automatic),87.15,1583.44,1,No
CUST-13317,Female,0,Yes,No,19,Yes,No,Fiber optic,Yes,No,No,Yes,Yes,No,Month-to-month,No,Credit card (automatic),78.86,1505.27,1,No
CUST-13318,Male,0,Yes,No,60,Yes,No,No,No internet service,No internet service,No internet service,No internet service,No internet service,No internet service,One year,Yes,Bank transfer (automatic),18.0,1051.26,2,Yes
CUST-13319,Female,0,No,Yes,63,Yes,Yes,DSL,No,No,No,Yes,Yes,No,Month-to-month,Yes,Electronic check,62.31,3924.68,2,Yes
CUST-13320,Female,0,Yes,Yes,48,Yes,No,No,No internet service,No internet service,No internet service,No internet service,No internet service,No internet service,Month-to-month,No,Bank transfer (automatic),23.36,1103.84,0,No
CUST-13321,Female,0,No,No,7,Yes,No,Fiber optic,Yes,No,Yes,No,Yes,No,One year,Yes,Electronic check,91.46,643.74,0,No
CUST-13322,Male,0,Yes,No,72,Yes,Yes,DSL,No,No,No,Yes,No,No,Two year,No,Credit card (automatic),48.22,3471.52,1,No
CUST-13323,Female,0,No,Yes,26,Yes,No,DSL,No,Yes,No,No,No,No,One year,Yes,Electronic check,58.46,1523.74,1,No
CUST-13324,Male,0,Yes,Yes,22,Yes,No,No,No internet service,No internet service,No internet service,No internet service,No internet service,No internet service,One year,No,Credit card (automatic),21.63,486.99,0,No
CUST-13325,Female,0,No,No,48,Yes,Yes,Fiber optic,Yes,No,No,Yes,No,No,One year,No,Mailed check,77.6,3701.87,0,No
CUST-13326,Male,1,No,No,31,Yes,No,DSL,No,No,No,No,Yes,No,Month-to-month,No,Electronic check,52.62,1633.82,1,No
CUST-13327,Male,0,Yes,Yes,17,Yes,No,DSL,No,Yes,Yes,No,No,No,Month-to-month,No,Credit card (automatic),59.85,1039.93,1,No
CUST-13328,Female,0,No,Yes,69,Yes,Yes,Fiber optic,No,No,No,No,Yes,No,Month-to-month,Yes,Electronic check,78.23,5414.7,1,Yes
CUST-13329,Female,0,Yes,No,22,Yes,No,DSL,Yes,Yes,Yes,No,No,No,Month-to-month,Yes,Mailed check,57.98,1265.19,0,No
CUST-13330,Male,0,No,No,26,Yes,No,DSL,No,Yes,No,No,Yes,Yes,One year,No,Bank transfer (automatic),61.66,1607.85,0,Yes
CUST-13331,Female,0,No,No,69,Yes,No,Fiber optic,No,No,No,No,No,No,Two year,No,Electronic check,75.22,5176.79,0,No
CUST-13332,Female,0,No,No,46,Yes,No,No,No internet service,No internet service,No internet service,No internet service,No internet service,No internet service,Month-to-month,Yes,Mailed check,18.0,842.12,1,No
CUST-13333,Female,0,No,No,38,Yes,Yes,No,No internet service,No internet service,No internet service,No internet service,No internet service,No internet service,Month-to-month,No,Bank transfer (automatic),20.6,769.41,3,No
CUST-13334,Male,0,Yes,No,16,Yes,No,DSL,No,Yes,Yes,Yes,No,No,Month-to-month,Yes,Credit card (automatic),56.38,872.76,0,No
CUST-13335,Male,0,Yes,No,33,Yes,No,No,No internet service,No internet service,No internet service,No internet service,No internet service,No internet service,Month-to-month,No,Electronic check,24.62,827.82,1,No
CUST-13336,Female,0,Yes,No,34,Yes,No,DSL,No,Yes,No,Yes,No,Yes,Month-to-month,Yes,Electronic check,58.64,2031.79,0,No
CUST-13337,Female,0,No,Yes,33,Yes,No,DSL,No,No,No,Yes,Yes,Yes,Month-to-month,Yes,Mailed check,70.38,2342.48,2,No
CUST-13338,Female,0,No,No,23,Yes,No,DSL,Yes,Yes,No,No,No,Yes,Month-to-month,Yes,Mailed check,65.79,1538.82,0,No
CUST-13339,Male,0,Yes,No,12,Yes,No,No,No internet service,No internet service,No internet service,No internet service,No internet service,No internet service,Two year,Yes,Mailed check,19.58,213.7,0,No
CUST-13340,Male,0,No,No,50,Yes,No,No,No internet service,No internet service,No internet service,No internet service,No internet service,No internet service,Month-to-month,Yes,Electronic check,18.0,921.13,2,No
CUST-13341,Female,0,Yes,No,15,Yes,No,No,No internet service,No internet service,No internet service,No internet service,No internet service,No internet service,One year,Yes,Mailed check,19.75,316.58,0,Yes
CUST-13342,Female,0,Yes,No,25,Yes,Yes,DSL,No,No,Yes,No,Yes,No,One year,Yes,Credit card (automatic),44.37,1121.93,0,No
CUST-13343,Female,0,No,No,1,Yes,Yes,No,No internet service,No internet service,No internet service,No internet service,No internet service,No internet service,Month-to-month,No,Electronic check,18.0,0.0,1,No
CUST-13344,Female,0,Yes,No,45,Yes,Yes,Fiber optic,Yes,Yes,No,No,Yes,Yes,Two year,Yes,Electronic check,101.4,4584.79,1,No
CUST-13345,Female,0,No,No,10,Yes,No,DSL,No,No,No,No,No,No,One year,Yes,Bank transfer (automatic),44.09,457.74,2,No
CUST-13346,Female,0,Yes,No,34,Yes,No,DSL,Yes,No,No,Yes,Yes,No,Month-to-month,No,Electronic check,58.46,1986.75,2,No
CUST-13347,Male,1,No,No,7,Yes,Yes,Fiber optic,No,No,No,No,Yes,No,Month-to-month,No,Bank transfer (automatic),73.53,507.21,3,Yes
CUST-13348,Female,0,Yes,No,21,Yes,No,No,No internet service,No internet service,No internet service,No internet service,No internet service,No internet service,One year,Yes,Electronic check,22.06,483.01,0,Yes
CUST-13349,Male,0,Yes,Yes,19,Yes,Yes,No,No internet service,No internet service,No internet service,No internet service,No internet service,No internet service,Month-to-month,No,Mailed check,20.52,363.79,3,Yes
CUST-13350,Female,0,No,Yes,10,Yes,No,Fiber optic,No,No,No,No,Yes,Yes,Month-to-month,No,Mailed check,91.48,904.57,1,Yes
CUST-13351,Female,0,No,No,29,Yes,Yes,Fiber optic,Yes,No,No,Yes,No,No,Month-to-month,No,Mailed check,83.29,2452.16,1,Yes
CUST-13352,Male,0,Yes,No,6,Yes,No,Fiber optic,No,Yes,No,Yes,Yes,No,Month-to-month,No,Credit card (automatic),87.49,506.49,1,Yes
CUST-13353,Male,0,Yes,No,41,Yes,Yes,Fiber optic,No,No,No,Yes,No,Yes,Two year,No,Credit card (automatic),80.47,3333.74,1,No
CUST-13354,Male,1,No,Yes,43,Yes,Yes,DSL,No,Yes,No,No,Yes,Yes,Two year,Yes,Mailed check,60.9,2611.32,0,No
CUST-13355,Male,1,Yes,No,12,Yes,Yes,Fiber optic,Yes,No,No,Yes,Yes,Yes,One year,No,Bank transfer (automatic),100.18,1190.36,0,No
CUST-13356,Female,0,No,Yes,60,Yes,No,Fiber optic,Yes,Yes,Yes,No,Yes,Yes,Month-to-month,No,Electronic check,101.06,6083.73,0,Yes
CUST-13357,Male,0,No,No,21,Yes,Yes,Fiber optic,No,Yes,Yes,No,Yes,No,Two year,Yes,Bank transfer (automatic),80.02,1691.56,0,No
CUST-13358,Female,1,Yes,Yes,10,Yes,No,DSL,No,No,Yes,No,Yes,Yes,One year,Yes,Bank transfer (automatic),65.28,693.47,0,Yes
CUST-13359,Male,0,Yes,Yes,4,Yes,Yes,Fiber optic,Yes,No,No,No,Yes,No,Two year,Yes,Electronic check,86.04,338.03,1,No
CUST-13360,Female,0,No,Yes,58,No,No phone service,DSL,No,No,No,Yes,Yes,Yes,Month-to-month,No,Electronic check,71.73,4148.77,0,No
CUST-13361,Female,0,Yes,No,13,Yes,No,No,No internet service,No internet service,No internet service,No internet service,No internet service,No internet service,Month-to-month,Yes,Electronic check,20.33,268.74,1,No
CUST-13362,Female,0,No,No,18,Yes,Yes,Fiber optic,No,Yes,Yes,Yes,Yes,Yes,Two year,Yes,Electronic check,96.22,1726.42,0,No
CUST-13363,Female,0,Yes,Yes,17,Yes,No,No,No internet service,No internet service,No internet service,No internet service,No internet service,No internet service,Month-to-month,No,Bank transfer (automatic),25.76,456.82,2,No
CUST-13364,Female,0,No,No,49,Yes,Yes,DSL,Yes,No,No,Yes,Yes,No,One year,Yes,Credit card (automatic),60.7,2986.76,0,No
CUST-13365,Female,0,Yes,Yes,36,Yes,No,Fiber optic,Yes,Yes,Yes,Yes,No,Yes,One year,No,Bank transfer (automatic),100.56,3625.99,0,No
CUST-13366,Male,0,No,No,27,Yes,Yes,No,No internet service,No internet service,No internet service,No internet service,No internet service,No internet service,Month-to-month,Yes,Mailed check,30.16,858.73,1,No
CUST-13367,Female,0,Yes,No,6,Yes,No,DSL,No,No,Yes,Yes,No,No,One year,Yes,Mailed check,57.51,303.49,0,No
CUST-13368,Male,0,Yes,No,71,Yes,No,DSL,No,No,No,Yes,No,Yes,Month-to-month,Yes,Mailed check,59.64,4228.22,4,Yes
CUST-13369,Male,0,No,No,36,Yes,No,Fiber optic,No,Yes,No,Yes,Yes,No,One year,Yes,Bank transfer (automatic),85.43,3073.57,0,No
CUST-13370,Female,0,Yes,No,37,Yes,No,Fiber optic,No,No,No,No,No,No,Two year,Yes,Mailed check,61.78,2307.0,0,No
CUST-13371,Male,0,Yes,No,7,Yes,No,DSL,Yes,Yes,Yes,No,Yes,No,Two year,No,Electronic check,71.96,517.58,2,No
CUST-13372,Female,1,Yes,No,9,Yes,No,No,No internet service,No internet service,No internet service,No internet service,No internet service,No internet service,Two year,No,Bank transfer (automatic),22.67,188.0,1,Yes
CUST-13373,Male,1,Yes,No,26,Yes,No,Fiber optic,No,No,No,No,No,Yes,Month-to-month,No,Mailed check,80.44,2068.46,0,No
CUST-13374,Female,0,No,Yes,26,Yes,Yes,Fiber optic,No,No,No,No,Yes,Yes,One year,Yes,Electronic check,76.28,1969.78,1,No
CUST-13375,Male,0,No,No,10,Yes,No,DSL,No,No,No,No,Yes,No,One year,Yes,Electronic check,46.24,457.25,1,No
CUST-13376,Female,0,Yes,No,7,Yes,Yes,DSL,No,Yes,No,No,No,Yes,Month-to-month,Yes,Electronic check,58.2,435.92,0,Yes
CUST-13377,Female,0,No,No,15,Yes,Yes,DSL,No,No,Yes,No,No,No,Month-to-month,Yes,Mailed check,50.53,770.26,1,No
CUST-13378,Female,1,No,No,19,Yes,Yes,Fiber optic,Yes,Yes,Yes,No,No,No,One year,No,Mailed check,80.46,1507.53,0,No
CUST-13379,Female,1,No,No,7,Yes,No,Fiber optic,No,No,Yes,No,Yes,No,Month-to-month,Yes,Electronic check,75.84,523.19,1,No
CUST-13380,Male,0,Yes,Yes,37,Yes,No,DSL,No,Yes,No,No,No,No,Two year,No,Electronic check,49.25,1846.63,1,Yes
CUST-13381,Female,0,No,Yes,39,Yes,Yes,No,No internet service,No internet service,No internet service,No internet service,No internet service,No internet service,Month-to-month,No,Electronic check,18.0,698.95,2,No
CUST-13382,Male,0,No,No,34,Yes,Yes,Fiber optic,Yes,Yes,No,Yes,No,No,Month-to-month,No,Credit card (automatic),80.7,2765.35,0,No
CUST-13383,Male,0,No,No,7,No,No phone service,DSL,Yes,No,Yes,No,Yes,Yes,Month-to-month,No,Electronic check,62.79,446.28,0,No
CUST-13384,Male,0,Yes,No,15,Yes,No,Fiber optic,No,No,No,No,Yes,Yes,Two year,Yes,Electronic check,80.66,1222.7,2,No
CUST-13385,Female,0,Yes,No,42,Yes,No,DSL,Yes,No,Yes,No,No,No,Two year,No,Bank transfer (automatic),56.4,2407.19,0,No
CUST-13386,Male,0,No,No,28,Yes,No,Fiber optic,No,No,No,Yes,Yes,No,Month-to-month,Yes,Electronic check,75.35,2108.72,1,No
CUST-13387,Male,0,Yes,Yes,61,Yes,No,Fiber optic,No,Yes,Yes,No,No,Yes,One year,No,Mailed check,90.63,5508.72,0,No
CUST-13388,Male,0,No,No,55,Yes,No,No,No internet service,No internet service,No internet service,No internet service,No internet service,No internet service,One year,Yes,Electronic check,22.39,1219.15,0,No
CUST-13389,Female,0,Yes,No,24,Yes,Yes,Fiber optic,No,Yes,No,No,Yes,Yes,One year,Yes,Credit card (automatic),87.19,2093.1,1,No
CUST-13390,Female,0,No,Yes,14,Yes,No,DSL,Yes,Yes,No,No,No,No,One year,Yes,Credit card (automatic),61.56,862.14,0,No
CUST-13391,Male,0,No,No,41,Yes,Yes,DSL,No,Yes,No,Yes,Yes,No,Month-to-month,Yes,Bank transfer (automatic),64.6,2636.81,2,No
CUST-13392,Female,0,No,Yes,44,No,No phone service,DSL,No,No,Yes,Yes,No,No,Month-to-month,Yes,Bank transfer (automatic),47.69,2125.7,3,No
CUST-13393,Female,0,No,No,48,Yes,Yes,No,No internet service,No internet service,No internet service,No internet service,No internet service,No internet service,Month-to-month,No,Mailed check,18.0,866.65,1,Yes
CUST-13394,Male,1,No,Yes,28,Yes,Yes,Fiber optic,No,Yes,No,Yes,No,No,Month-to-month,Yes,Credit card (automatic),85.21,2399.05,1,No
CUST-13395,Male,0,Yes,No,13,No,No phone service,No,No internet service,No internet service,No internet service,No internet service,No internet service,No internet service,Month-to-month,Yes,Mailed check,18.0,205.57,4,No
CUST-13396,Female,0,No,No,34,Yes,Yes,DSL,No,Yes,Yes,Yes,No,No,Month-to-month,Yes,Electronic check,64.05,2148.71,0,No
CUST-13397,Male,0,Yes,No,35,Yes,No,No,No internet service,No internet service,No internet service,No internet service,No internet service,No internet service,One year,No,Electronic check,22.0,757.0,1,No
CUST-13398,Female,0,No,No,40,Yes,No,DSL,No,No,No,No,No,No,Month-to-month,Yes,Electronic check,44.05,1777.72,1,Yes
CUST-13399,Female,1,Yes,Yes,16,No,No phone service,No,No internet service,No internet service,No internet service,No internet service,No internet service,No internet service,One year,Yes,Bank transfer (automatic),18.0,256.72,1,No
CUST-13400,Female,0,No,No,34,No,No phone service,DSL,No,No,Yes,No,No,No,One year,Yes,Electronic check,50.67,1701.5,3,No
CUST-13401,Female,1,No,No,5,Yes,No,No,No internet service,No internet service,No internet service,No internet service,No internet service,No internet service,Two year,No,Bank transfer (automatic),18.0,52.78,0,No
CUST-13402,Female,0,Yes,No,43,Yes,No,DSL,No,No,Yes,No,No,Yes,One year,Yes,Mailed check,59.55,2517.91,0,No
CUST-13403,Female,1,Yes,No,27,Yes,No,DSL,No,Yes,No,No,Yes,No,Two year,Yes,Credit card (automatic),63.3,1717.87,0,No
CUST-13404,Male,0,No,Yes,14,Yes,No,Fiber optic,No,No,Yes,Yes,Yes,No,Month-to-month,Yes,Mailed check,84.78,1217.28,0,No
CUST-13405,Male,1,Yes,Yes,59,Yes,No,No,No internet service,No internet service,No internet service,No internet service,No internet service,No internet service,One year,No,Bank transfer (automatic),21.15,1261.21,0,No
CUST-13406,Female,0,Yes,No,18,Yes,No,Fiber optic,Yes,Yes,No,No,Yes,No,Month-to-month,Yes,Mailed check,92.06,1663.46,1,Yes
CUST-13407,Female,0,Yes,No,27,Yes,Yes,DSL,No,No,Yes,No,Yes,No,One year,No,Credit card (automatic),54.56,1467.19,1,No
CUST-13408,Female,0,No,No,15,Yes,Yes,Fiber optic,Yes,Yes,No,Yes,Yes,No,Month-to-month,Yes,Electronic check,88.77,1338.14,2,Yes
CUST-13409,Male,1,No,No,25,Yes,No,DSL,Yes,Yes,No,No,Yes,No,One year,Yes,Electronic check,64.57,1611.37,0,Yes
CUST-13410,Female,0,No,No,36,Yes,No,No,No internet service,No internet service,No internet service,No internet service,No internet service,No internet service,Month-to-month,Yes,Bank transfer (automatic),18.0,660.2,5,Yes
CUST-13411,Male,0,No,No,17,Yes,Yes,DSL,No,Yes,No,No,Yes,No,Month-to-month,No,Bank transfer (automatic),47.74,803.4,1,No
CUST-13412,Female,1,Yes,No,21,Yes,Yes,No,No internet service,No internet service,No internet service,No internet service,No internet service,No internet service,One year,Yes,Mailed check,18.0,387.75,2,Yes
CUST-13413,Female,0,No,No,42,Yes,Yes,Fiber optic,No,No,Yes,No,No,No,Two year,Yes,Mailed check,74.37,3086.53,1,No
CUST-13414,Male,0,Yes,No,3,Yes,No,Fiber optic,No,Yes,No,No,No,No,Month-to-month,No,Electronic check,75.87,185.67,1,Yes
CUST-13415,Male,0,Yes,No,44,Yes,No,No,No internet service,No internet service,No internet service,No internet service,No internet service,No internet service,Two year,Yes,Electronic check,18.0,816.54,0,No
CUST-13416,Female,0,Yes,Yes,50,Yes,No,Fiber optic,No,Yes,No,No,No,No,Month-to-month,Yes,Credit card (automatic),69.87,3477.3,0,Yes
CUST-13417,Female,1,No,No,9,Yes,No,DSL,Yes,No,Yes,No,Yes,No,One year,Yes,Electronic check,62.99,592.84,2,No
CUST-13418,Female,0,No,No,4,Yes,No,Fiber optic,No,Yes,Yes,Yes,No,No,Two year,No,Bank transfer (automatic),82.38,340.52,1,No
CUST-13419,Male,0,Yes,No,7,Yes,No,DSL,No,Yes,No,Yes,No,No,Month-to-month,No,Bank transfer (automatic),58.71,397.93,4,No
CUST-13420,Male,1,No,No,11,Yes,Yes,Fiber optic,No,Yes,Yes,No,No,Yes,Month-to-month,No,Electronic check,92.98,1023.85,3,Yes
CUST-13421,Male,0,Yes,Yes,8,Yes,No,DSL,No,No,No,No,No,Yes,Month-to-month,Yes,Electronic check,56.92,452.72,1,No
CUST-13422,Male,0,Yes,No,38,Yes,Yes,Fiber optic,No,No,No,Yes,No,No,Month-to-month,Yes,Electronic check,77.55,2967.81,2,No
CUST-13423,Male,0,Yes,No,22,Yes,Yes,DSL,No,No,Yes,No,No,No,One year,Yes,Bank transfer (automatic),51.58,1116.26,0,No
CUST-13424,Male,0,No,Yes,31,Yes,Yes,No,No internet service,No internet service,No internet service,No internet service,No internet service,No internet service,One year,Yes,Electronic check,18.16,579.93,0,Yes
CUST-13425,Female,0,No,No,47,Yes,Yes,Fiber optic,Yes,No,No,No,Yes,No,Two year,Yes,Electronic check,82.47,3861.21,1,No
CUST-13426,Female,1,Yes,No,41,Yes,No,No,No internet service,No internet service,No internet service,No internet service,No internet service,No internet service,Month-to-month,No,Electronic check,23.95,955.11,2,No
CUST-13427,Male,0,No,No,68,Yes,Yes,DSL,No,No,Yes,No,Yes,Yes,Month-to-month,Yes,Electronic check,66.86,4520.88,2,Yes
CUST-13428,Female,0,Yes,No,54,Yes,No,No,No internet service,No internet service,No internet service,No internet service,No internet service,No internet service,Month-to-month,No,Electronic check,26.89,1433.94,0,No
CUST-13429,Female,0,No,Yes,20,Yes,No,No,No internet service,No internet service,No internet service,No internet service,No internet service,No internet service,Two year,Yes,Electronic check,18.11,345.52,0,No
CUST-13430,Male,0,No,No,34,Yes,No,DSL,No,Yes,Yes,No,Yes,No,Month-to-month,No,Electronic check,67.42,2283.98,2,No
CUST-13431,Female,1,Yes,No,70,Yes,Yes,No,No internet service,No internet service,No internet service,No internet service,No internet service,No internet service,Two year,Yes,Bank transfer (automatic),18.0,1255.78,0,No
CUST-13432,Male,1,No,Yes,18,No,No phone service,DSL,No,No,No,No,No,No,Month-to-month,Yes,Electronic check,48.38,858.54,1,Yes
CUST-13433,Male,0,No,No,36,Yes,No,DSL,No,No,No,Yes,Yes,No,One year,Yes,Bank transfer (automatic),55.5,1989.9,0,No
CUST-13434,Female,0,Yes,No,72,Yes,Yes,Fiber optic,No,Yes,Yes,Yes,No,No,Month-to-month,No,Bank transfer (automatic),81.91,5925.8,1,Yes
CUST-13435,Male,0,No,Yes,39,Yes,No,DSL,No,Yes,No,No,No,Yes,Two year,No,Credit card (automatic),64.6,2509.53,0,No
CUST-13436,Male,0,No,No,10,Yes,Yes,No,No internet service,No internet service,No internet service,No internet service,No internet service,No internet service,One year,Yes,Electronic check,26.04,252.31,0,No
CUST-13437,Male,0,Yes,No,4,No,No phone service,DSL,No,No,Yes,No,No,Yes,One year,Yes,Electronic check,49.02,185.77,0,No
CUST-13438,Male,0,Yes,No,12,Yes,No,Fiber optic,No,No,Yes,No,No,No,One year,No,Credit card (automatic),77.04,940.72,1,No
CUST-13439,Male,0,Yes,No,21,Yes,Yes,Fiber optic,Yes,Yes,No,No,Yes,No,Month-to-month,Yes,Credit card (automatic),84.86,1738.15,2,Yes
CUST-13440,Male,0,No,No,72,Yes,No,No,No internet service,No internet service,No internet service,No internet service,No internet service,No internet service,Month-to-month,No,Electronic check,22.08,1581.95,2,No
CUST-13441,Male,0,No,Yes,49,Yes,Yes,DSL,No,No,No,No,Yes,Yes,Two year,Yes,Electronic check,58.74,2875.74,0,No
CUST-13442,Male,0,No,No,18,Yes,No,Fiber optic,No,No,Yes,Yes,No,No,Month-to-month,Yes,Credit card (automatic),85.17,1504.77,3,No
CUST-13443,Female,0,Yes,Yes,10,Yes,Yes,DSL,No,No,No,No,No,No,Two year,No,Electronic check,40.0,389.19,2,No
CUST-13444,Female,0,Yes,No,10,Yes,No,Fiber optic,Yes,No,Yes,No,Yes,No,One year,Yes,Credit card (automatic),77.21,758.1,1,Yes
CUST-13445,Female,0,Yes,Yes,72,Yes,No,No,No internet service,No internet service,No internet service,No internet service,No internet service,No internet service,Month-to-month,No,Credit card (automatic),23.97,1725.2,0,No
CUST-13446,Male,1,No,No,9,Yes,No,DSL,Yes,No,No,Yes,No,Yes,One year,Yes,Electronic check,56.09,492.6,1,Yes
CUST-13447,Male,0,No,No,44,No,No phone service,DSL,Yes,No,Yes,Yes,Yes,Yes,One year,No,Credit card (automatic),70.71,3075.65,0,No
CUST-13448,Female,0,No,Yes,42,Yes,No,Fiber optic,Yes,No,No,Yes,Yes,Yes,One year,Yes,Mailed check,91.82,3873.44,1,No
CUST-13449,Female,0,Yes,No,20,Yes,No,DSL,No,No,No,Yes,No,Yes,Two year,Yes,Bank transfer (automatic),54.93,1100.73,0,No
CUST-13450,Female,1,No,Yes,8,Yes,No,DSL,No,No,No,Yes,Yes,No,Month-to-month,No,Mailed check,59.86,481.54,3,Yes
CUST-13451,Male,1,No,No,34,Yes,No,DSL,No,No,Yes,Yes,No,Yes,Two year,Yes,Electronic check,53.82,1858.88,0,No
CUST-13452,Female,0,Yes,No,72,Yes,No,Fiber optic,No,No,No,Yes,No,Yes,Month-to-month,No,Bank transfer (automatic),75.76,5443.88,0,No
CUST-13453,Female,0,No,Yes,7,No,No phone service,DSL,No,No,Yes,No,No,Yes,Two year,No,Electronic check,53.21,399.58,1,No
CUST-13454,Male,1,Yes,No,26,Yes,No,Fiber optic,No,Yes,Yes,Yes,Yes,Yes,Month-to-month,No,Credit card (automatic),96.12,2501.63,2,No
CUST-13455,Female,0,Yes,Yes,40,Yes,No,Fiber optic,No,No,No,No,No,Yes,Month-to-month,Yes,Mailed check,68.28,2711.13,1,Yes
CUST-13456,Male,0,Yes,Yes,71,Yes,Yes,Fiber optic,Yes,Yes,Yes,No,Yes,No,One year,Yes,Electronic check,95.14,6754.33,0,No
CUST-13457,Male,0,Yes,No,3,Yes,Yes,No,No internet service,No internet service,No internet service,No internet service,No internet service,No internet service,Month-to-month,No,Electronic check,18.0,73.45,0,Yes
CUST-13458,Male,0,Yes,No,37,Yes,Yes,Fiber optic,No,Yes,No,No,No,No,Two year,No,Credit card (automatic),69.39,2537.63,1,No
CUST-13459,Female,0,Yes,No,70,Yes,Yes,Fiber optic,Yes,No,No,No,No,No,Month-to-month,No,Electronic check,79.55,5571.84,2,Yes
CUST-13460,Female,0,Yes,Yes,44,Yes,No,DSL,No,No,Yes,Yes,Yes,Yes,Month-to-month,Yes,Credit card (automatic),65.29,2897.12,2,No
CUST-13461,Male,0,No,No,14,Yes,Yes,Fiber optic,Yes,Yes,Yes,Yes,No,No,Month-to-month,No,Electronic check,97.43,1388.54,3,No
CUST-13462,Female,1,No,No,27,Yes,Yes,No,No internet service,No internet service,No internet service,No internet service,No internet service,No internet service,Month-to-month,Yes,Mailed check,18.0,472.43,1,No
CUST-13463,Female,0,No,Yes,48,Yes,Yes,Fiber optic,Yes,No,No,No,Yes,No,One year,No,Credit card (automatic),77.56,3706.07,0,No
CUST-13464,Female,0,Yes,No,51,Yes,Yes,DSL,No,Yes,No,No,No,No,Month-to-month,Yes,Electronic check,55.59,2814.94,1,No
CUST-13465,Female,0,Yes,No,43,Yes,No,No,No internet service,No internet service,No internet service,No internet service,No internet service,No internet service,Month-to-month,Yes,Electronic check,18.0,781.28,2,No
CUST-13466,Male,0,Yes,No,29,No,No phone service,Fiber optic,Yes,Yes,No,No,No,No,Month-to-month,Yes,Credit card (automatic),83.78,2416.4,1,No
CUST-13467,Female,0,Yes,Yes,23,Yes,No,DSL,No,Yes,Yes,No,Yes,Yes,Month-to-month,No,Bank transfer (automatic),63.22,1471.28,0,No
CUST-13468,Male,1,No,No,53,Yes,Yes,Fiber optic,No,No,No,Yes,No,No,Month-to-month,No,Bank transfer (automatic),77.71,4090.03,1,Yes
CUST-13469,Male,0,No,Yes,35,Yes,No,DSL,Yes,No,Yes,No,Yes,No,One year,No,Credit card (automatic),59.91,2101.51,0,Yes
CUST-13470,Female,0,No,No,28,Yes,No,Fiber optic,Yes,Yes,Yes,No,Yes,No,One year,Yes,Mailed check,101.67,2846.99,0,No
CUST-13471,Male,0,No,No,13,Yes,No,DSL,Yes,No,No,Yes,Yes,Yes,One year,Yes,Credit card (automatic),67.76,878.17,2,No
CUST-13472,Female,0,Yes,No,13,No,No phone service,DSL,No,No,No,No,Yes,Yes,Two year,Yes,Bank transfer (automatic),52.72,696.79,0,No
CUST-13473,Female,1,Yes,No,23,Yes,Yes,Fiber optic,Yes,No,Yes,No,No,No,Two year,Yes,Bank transfer (automatic),76.06,1741.4,0,No
CUST-13474,Male,0,No,No,39,Yes,Yes,No,No internet service,No internet service,No internet service,No internet service,No internet service,No internet service,Month-to-month,Yes,Electronic check,23.18,929.89,0,No
CUST-13475,Male,1,Yes,No,37,Yes,No,DSL,No,No,No,Yes,Yes,Yes,Month-to-month,Yes,Credit card (automatic),67.04,2460.89,4,No
CUST-13476,Male,0,Yes,No,35,Yes,No,DSL,No,Yes,No,No,No,No,Two year,Yes,Credit card (automatic),46.07,1631.95,0,No
CUST-13477,Male,0,Yes,Yes,26,Yes,Yes,Fiber optic,Yes,No,Yes,No,No,No,One year,Yes,Electronic check,87.5,2249.74,0,No
CUST-13478,Female,0,Yes,No,50,Yes,Yes,No,No internet service,No internet service,No internet service,No internet service,No internet service,No internet service,Month-to-month,Yes,Bank transfer (automatic),23.68,1182.55,3,Yes
CUST-13479,Female,0,Yes,No,57,Yes,No,DSL,Yes,Yes,No,No,No,No,One year,No,Mailed check,56.33,3190.44,0,No
CUST-13480,Female,0,No,No,9,Yes,Yes,No,No internet service,No internet service,No internet service,No internet service,No internet service,No internet service,Two year,No,Bank transfer (automatic),19.61,159.29,0,No
CUST-13481,Male,0,No,No,15,Yes,No,No,No internet service,No internet service,No internet service,No internet service,No internet service,No internet service,Two year,No,Credit card (automatic),27.42,401.86,0,No
CUST-13482,Male,0,Yes,No,72,Yes,No,Fiber optic,No,Yes,No,Yes,No,Yes,Month-to-month,No,Electronic check,88.39,6358.33,2,No
CUST-13483,Male,0,Yes,No,22,Yes,No,DSL,No,Yes,No,Yes,Yes,No,Two year,Yes,Credit card (automatic),62.36,1399.93,0,No
CUST-13484,Female,0,No,No,23,Yes,Yes,DSL,No,No,No,No,Yes,Yes,Two year,No,Electronic check,52.59,1210.92,1,No
CUST-13485,Male,0,Yes,No,12,No,No phone service,DSL,Yes,No,No,Yes,No,No,Month-to-month,No,Mailed check,55.73,685.58,0,No
CUST-13486,Female,1,Yes,Yes,51,Yes,No,DSL,No,No,No,No,No,No,Two year,Yes,Mailed check,54.84,2774.46,1,No
CUST-13487,Male,0,Yes,No,72,Yes,No,No,No internet service,No internet service,No internet service,No internet service,No internet service,No internet service,Two year,No,Electronic check,19.45,1405.57,0,No
CUST-13488,Female,0,Yes,No,12,Yes,Yes,DSL,No,Yes,No,Yes,No,Yes,Month-to-month,Yes,Mailed check,69.24,848.14,0,No
CUST-13489,Female,0,No,No,53,Yes,Yes,DSL,Yes,No,No,No,No,No,One year,Yes,Credit card (automatic),39.29,2070.48,2,Yes
CUST-13490,Male,0,No,No,11,Yes,No,Fiber optic,No,No,Yes,Yes,Yes,No,Month-to-month,No,Electronic check,83.91,929.0,2,Yes
CUST-13491,Male,0,Yes,Yes,48,Yes,No,No,No internet service,No internet service,No internet service,No internet service,No internet service,No internet service,One year,No,Electronic check,23.93,1143.28,0,No
CUST-13492,Female,0,Yes,No,11,Yes,Yes,DSL,Yes,Yes,No,Yes,No,No,Two year,Yes,Bank transfer (automatic),64.57,708.64,0,No
CUST-13493,Female,0,Yes,No,3,Yes,Yes,Fiber optic,No,No,No,No,Yes,No,Month-to-month,Yes,Bank transfer (automatic),70.56,201.36,4,Yes
CUST-13494,Male,1,Yes,No,72,Yes,Yes,Fiber optic,No,No,No,Yes,No,No,Month-to-month,Yes,Credit card (automatic),83.07,5964.02,1,No
CUST-13495,Male,0,No,No,17,Yes,No,Fiber optic,No,Yes,No,No,No,Yes,Two year,Yes,Electronic check,98.48,1704.55,0,No
CUST-13496,Female,0,No,No,6,Yes,Yes,No,No internet service,No internet service,No internet service,No internet service,No internet service,No internet service,Two year,No,Credit card (automatic),29.84,173.64,2,No
CUST-13497,Male,0,No,Yes,29,Yes,No,DSL,No,No,Yes,No,No,No,Month-to-month,No,Mailed check,57.12,1709.27,0,Yes
CUST-13498,Female,0,No,Yes,39,Yes,No,Fiber optic,No,No,No,No,No,No,Two year,No,Electronic check,64.69,2527.27,2,No
CUST-13499,Female,0,No,Yes,55,Yes,No,Fiber optic,No,No,Yes,No,No,No,Month-to-month,Yes,Credit card (automatic),78.72,4333.45,0,No
CUST-13500,Male,0,No,No,21,Yes,Yes,No,No internet service,No internet service,No internet service,No internet service,No internet service,No internet service,Month-to-month,Yes,Electronic check,20.53,442.16,1,No
CUST-13501,Male,0,Yes,No,20,Yes,Yes,DSL,No,Yes,Yes,No,Yes,No,One year,Yes,Bank transfer (automatic),64.83,1289.45,0,No
CUST-13502,Male,0,Yes,No,17,Yes,Yes,Fiber optic,No,No,No,Yes,No,No,One year,Yes,Bank transfer (automatic),69.16,1202.85,0,No
CUST-13503,Male,0,No,No,27,Yes,Yes,DSL,No,No,No,Yes,Yes,Yes,One year,Yes,Mailed check,63.98,1729.72,1,No
CUST-13504,Male,0,Yes,No,42,Yes,No,No,No internet service,No internet service,No internet service,No internet service,No internet service,No internet service,Month-to-month,No,Bank transfer (automatic),18.01,766.42,1,No
CUST-13505,Female,0,No,No,32,Yes,Yes,No,No internet service,No internet service,No internet service,No internet service,No internet service,No internet service,Month-to-month,Yes,Bank transfer (automatic),18.22,580.44,5,Yes
CUST-13506,Female,0,No,No,17,Yes,No,Fiber optic,Yes,No,Yes,No,Yes,No,Two year,Yes,Electronic check,86.53,1474.32,0,No
CUST-13507,Male,1,No,No,26,Yes,No,DSL,Yes,No,No,No,No,Yes,Month-to-month,Yes,Bank transfer (automatic),48.33,1235.38,2,No
CUST-13508,Male,1,Yes,Yes,8,Yes,Yes,DSL,Yes,No,No,No,Yes,Yes,Month-to-month,Yes,Credit card (automatic),67.5,583.53,1,Yes
CUST-13509,Male,0,No,No,22,Yes,No,Fiber optic,Yes,No,No,Yes,Yes,No,Two year,No,Mailed check,89.65,1974.41,0,No
CUST-13510,Female,0,Yes,No,19,Yes,No,No,No internet service,No internet service,No internet service,No internet service,No internet service,No internet service,One year,Yes,Credit card (automatic),19.99,372.14,0,No
CUST-13511,Male,0,No,No,55,Yes,No,No,No internet service,No internet service,No internet service,No internet service,No internet service,No internet service,Month-to-month,No,Mailed check,18.0,978.83,0,No
CUST-13512,Male,1,Yes,No,29,Yes,No,No,No internet service,No internet service,No internet service,No internet service,No internet service,No internet service,Month-to-month,No,Mailed check,18.0,523.87,2,No
CUST-13513,Female,0,No,No,22,No,No phone service,Fiber optic,No,Yes,Yes,Yes,Yes,Yes,Two year,No,Bank transfer (automatic),102.36,2238.52,0,No
CUST-13514,Female,0,No,No,24,Yes,Yes,No,No internet service,No internet service,No internet service,No internet service,No internet service,No internet service,Two year,Yes,Electronic check,18.0,413.4,0,No
CUST-13515,Male,0,Yes,No,22,Yes,Yes,No,No internet service,No internet service,No internet service,No internet service,No internet service,No internet service,Month-to-month,Yes,Credit card (automatic),18.0,406.96,3,No
CUST-13516,Male,1,Yes,No,10,Yes,No,DSL,Yes,No,No,No,Yes,No,One year,Yes,Credit card (automatic),48.53,463.03,0,Yes
CUST-13517,Male,0,No,No,42,Yes,No,Fiber optic,Yes,No,Yes,Yes,Yes,No,Month-to-month,No,Credit card (automatic),92.21,3828.48,3,No
CUST-13518,Female,1,Yes,Yes,2,Yes,Yes,Fiber optic,Yes,No,Yes,Yes,No,No,Two year,No,Bank transfer (automatic),82.18,174.91,0,No
CUST-13519,Male,0,No,No,17,Yes,Yes,Fiber optic,No,Yes,Yes,No,No,Yes,Month-to-month,Yes,Credit card (automatic),83.31,1425.94,2,No
CUST-13520,Male,0,Yes,Yes,13,Yes,No,No,No internet service,No internet service,No internet service,No internet service,No internet service,No internet service,One year,Yes,Bank transfer (automatic),24.82,321.26,0,No
CUST-13521,Male,0,No,No,17,Yes,No,DSL,No,No,No,Yes,No,No,Month-to-month,Yes,Mailed check,50.45,856.25,2,No
CUST-13522,Female,0,No,No,41,Yes,Yes,No,No internet service,No internet service,No internet service,No internet service,No internet service,No internet service,Month-to-month,Yes,Credit card (automatic),18.0,736.27,4,Yes
CUST-13523,Female,0,Yes,No,22,No,No phone service,Fiber optic,No,No,No,Yes,No,No,Two year,No,Mailed check,73.1,1616.42,0,No
CUST-13524,Male,0,Yes,No,25,Yes,No,No,No internet service,No internet service,No internet service,No internet service,No internet service,No internet service,Month-to-month,Yes,Mailed check,21.39,535.4,2,No
CUST-13525,Male,1,No,No,39,Yes,No,DSL,No,No,Yes,No,No,No,Two year,Yes,Electronic check,52.52,2063.44,0,No
CUST-13526,Female,0,Yes,Yes,37,Yes,No,Fiber optic,No,No,No,Yes,No,Yes,Month-to-month,Yes,Credit card (automatic),90.0,3341.31,2,No
CUST-13527,Female,0,Yes,Yes,35,Yes,Yes,DSL,No,Yes,Yes,Yes,No,Yes,Month-to-month,Yes,Electronic check,70.31,2454.1,0,No
CUST-13528,Female,0,No,No,25,Yes,No,DSL,Yes,Yes,No,Yes,No,No,Month-to-month,Yes,Electronic check,62.43,1564.48,0,No
CUST-13529,Female,1,Yes,No,53,Yes,Yes,DSL,No,No,Yes,No,Yes,No,Month-to-month,Yes,Electronic check,61.28,3254.91,4,No
CUST-13530,Female,0,Yes,Yes,13,Yes,No,Fiber optic,No,No,No,No,No,No,Month-to-month,Yes,Mailed check,73.87,923.77,2,Yes
CUST-13531,Female,1,No,Yes,22,Yes,Yes,No,No internet service,No internet service,No internet service,No internet service,No internet service,No internet service,Two year,No,Electronic check,18.0,393.07,1,No
CUST-13532,Female,1,Yes,No,18,Yes,No,DSL,Yes,Yes,No,Yes,No,No,One year,Yes,Bank transfer (automatic),57.94,1030.23,1,No
CUST-13533,Female,0,Yes,No,18,Yes,No,DSL,No,Yes,No,Yes,Yes,No,Two year,Yes,Electronic check,60.82,1106.85,1,No
CUST-13534,Female,0,Yes,No,11,Yes,No,DSL,No,Yes,No,No,Yes,No,Month-to-month,No,Bank transfer (automatic),48.1,506.04,1,No
CUST-13535,Male,0,No,No,45,Yes,Yes,Fiber optic,Yes,No,Yes,No,No,Yes,Month-to-month,Yes,Electronic check,81.98,3691.8,0,Yes
CUST-13536,Male,0,No,Yes,38,Yes,No,DSL,No,Yes,Yes,No,No,No,Month-to-month,Yes,Electronic check,60.29,2287.23,1,No
CUST-13537,Male,1,No,No,22,Yes,Yes,No,No internet service,No internet service,No internet service,No internet service,No internet service,No internet service,Two year,Yes,Credit card (automatic),18.0,357.17,0,No
CUST-13538,Female,0,Yes,Yes,34,No,No phone service,Fiber optic,No,Yes,No,Yes,No,No,Month-to-month,Yes,Mailed check,83.48,2859.97,0,Yes
CUST-13539,Male,0,Yes,No,47,Yes,Yes,No,No internet service,No internet service,No internet service,No internet service,No internet service,No internet service,Month-to-month,Yes,Electronic check,21.26,1007.4,3,No
CUST-13540,Female,0,Yes,No,69,Yes,No,Fiber optic,Yes,Yes,No,No,No,Yes,Month-to-month,Yes,Credit card (automatic),91.89,6323.24,1,No
CUST-13541,Female,0,Yes,No,7,Yes,No,Fiber optic,No,No,No,Yes,No,No,Month-to-month,Yes,Electronic check,74.06,523.29,0,No
CUST-13542,Male,1,No,No,23,Yes,Yes,No,No internet service,No internet service,No internet service,No internet service,No internet service,No internet service,Month-to-month,No,Electronic check,25.85,599.29,0,No
CUST-13543,Female,0,Yes,No,57,Yes,Yes,No,No internet service,No internet service,No internet service,No internet service,No internet service,No internet service,Month-to-month,Yes,Mailed check,25.88,1452.8,0,No
CUST-13544,Male,0,Yes,No,72,Yes,No,DSL,No,Yes,No,Yes,Yes,Yes,Month-to-month,No,Electronic check,61.68,4425.49,1,No
CUST-13545,Male,0,Yes,No,32,Yes,Yes,No,No internet service,No internet service,No internet service,No internet service,No internet service,No internet service,Month-to-month,No,Electronic check,22.25,690.24,2,Yes
CUST-13546,Male,0,No,No,45,Yes,No,Fiber optic,No,No,No,Yes,No,Yes,One year,No,Credit card (automatic),80.32,3576.11,0,Yes
CUST-13547,Female,0,No,No,1,No,No phone service,DSL,No,No,No,No,Yes,Yes,Two year,No,Electronic check,53.66,79.31,0,No
CUST-13548,Male,0,No,No,33,Yes,No,Fiber optic,No,No,No,No,No,Yes,One year,Yes,Electronic check,83.47,2798.51,2,Yes
CUST-13549,Female,0,No,Yes,21,Yes,No,DSL,No,No,No,Yes,No,No,Month-to-month,Yes,Credit card (automatic),51.59,1072.86,2,No
CUST-13550,Male,0,No,No,42,Yes,No,Fiber optic,Yes,No,No,No,Yes,Yes,Month-to-month,No,Mailed check,80.18,3351.72,3,Yes
CUST-13551,Male,0,Yes,No,72,Yes,No,No,No internet service,No internet service,No internet service,No internet service,No internet service,No internet service,Two year,Yes,Electronic check,22.06,1571.9,1,No
CUST-13552,Male,0,Yes,No,25,Yes,No,DSL,No,Yes,Yes,Yes,Yes,No,Month-to-month,Yes,Bank transfer (automatic),67.42,1699.39,0,No
CUST-13553,Female,0,No,No,24,Yes,Yes,DSL,No,No,No,Yes,No,No,Month-to-month,Yes,Electronic check,46.2,1130.04,2,Yes
CUST-13554,Female,0,No,No,15,Yes,Yes,No,No internet service,No internet service,No internet service,No internet service,No internet service,No internet service,Two year,Yes,Mailed check,24.26,379.86,0,No
CUST-13555,Female,0,No,No,2,Yes,Yes,Fiber optic,Yes,Yes,Yes,No,Yes,Yes,Two year,Yes,Bank transfer (automatic),100.15,216.79,0,No
CUST-13556,Male,0,No,Yes,17,Yes,Yes,DSL,Yes,Yes,No,No,Yes,No,Two year,Yes,Credit card (automatic),53.64,929.25,0,No
CUST-13557,Male,0,No,No,7,Yes,No,No,No internet service,No internet service,No internet service,No internet service,No internet service,No internet service,Two year,No,Electronic check,21.8,142.36,0,No
CUST-13558,Female,0,No,No,7,Yes,No,No,No internet service,No internet service,No internet service,No internet service,No internet service,No internet service,Two year,Yes,Bank transfer (automatic),18.0,94.61,0,No
CUST-13559,Female,1,No,No,33,Yes,Yes,DSL,Yes,No,No,No,No,Yes,One year,No,Electronic check,56.68,1883.57,1,No
CUST-13560,Female,0,No,No,9,Yes,Yes,Fiber optic,No,No,No,Yes,Yes,Yes,Month-to-month,Yes,Mailed check,82.59,742.4,1,No
CUST-13561,Female,0,Yes,No,27,No,No phone service,No,No internet service,No internet service,No internet service,No internet service,No internet service,No internet service,Two year,Yes,Electronic check,22.36,612.94,0,No
CUST-13562,Female,0,No,Yes,72,Yes,No,DSL,No,Yes,Yes,Yes,Yes,No,Two year,Yes,Mailed check,70.25,5054.4,1,No
CUST-13563,Female,0,No,No,18,Yes,Yes,Fiber optic,Yes,No,Yes,No,No,No,Month-to-month,No,Mailed check,78.63,1422.2,4,No
CUST-13564,Male,0,Yes,Yes,7,No,No phone service,DSL,No,No,No,No,No,Yes,Month-to-month,No,Credit card (automatic),47.55,342.52,1,No
CUST-13565,Female,0,No,No,72,Yes,Yes,Fiber optic,No,Yes,No,No,Yes,No,Month-to-month,Yes,Credit card (automatic),80.06,5763.46,1,Yes
CUST-13566,Male,0,No,No,11,Yes,Yes,DSL,Yes,No,No,Yes,No,No,Two year,Yes,Bank transfer (automatic),57.76,674.97,0,No
CUST-13567,Male,0,Yes,No,17,No,No phone service,Fiber optic,Yes,No,No,Yes,Yes,No,One year,No,Electronic check,84.26,1431.68,1,Yes
CUST-13568,Female,0,No,No,51,Yes,No,DSL,Yes,No,No,Yes,No,No,Month-to-month,No,Mailed check,55.41,2805.15,0,No
CUST-13569,Female,0,Yes,No,9,Yes,No,DSL,No,No,Yes,No,No,Yes,Month-to-month,Yes,Credit card (automatic),48.47,436.03,1,No
CUST-13570,Male,0,No,Yes,16,Yes,No,DSL,No,Yes,Yes,No,Yes,Yes,Two year,Yes,Electronic check,67.8,1075.96,0,No
CUST-13571,Female,0,No,No,9,Yes,No,DSL,No,Yes,Yes,No,Yes,Yes,One year,No,Mailed check,63.75,548.55,0,No
CUST-13572,Female,0,Yes,Yes,50,Yes,No,No,No internet service,No internet service,No internet service,No internet service,No internet service,No internet service,Month-to-month,Yes,Electronic check,21.3,1098.93,1,No
CUST-13573,Male,1,Yes,No,8,Yes,Yes,No,No internet service,No internet service,No internet service,No internet service,No internet service,No internet service,Month-to-month,Yes,Electronic check,22.26,185.69,2,No
CUST-13574,Male,0,No,Yes,37,No,No phone service,Fiber optic,No,Yes,Yes,Yes,Yes,Yes,Month-to-month,Yes,Electronic check,101.64,3746.15,2,No
CUST-13575,Male,0,Yes,No,23,Yes,No,Fiber optic,No,No,No,No,No,Yes,Month-to-month,No,Credit card (automatic),74.82,1729.24,1,Yes
CUST-13576,Female,1,Yes,No,15,Yes,No,DSL,No,Yes,Yes,Yes,Yes,Yes,One year,Yes,Electronic check,69.39,1061.12,1,No
CUST-13577,Male,0,No,No,23,Yes,No,DSL,No,Yes,No,No,Yes,Yes,Month-to-month,No,Electronic check,68.83,1549.04,0,No
CUST-13578,Female,0,Yes,Yes,17,Yes,No,DSL,No,No,Yes,No,Yes,Yes,Month-to-month,No,Credit card (automatic),66.72,1169.69,2,No
CUST-13579,Male,0,Yes,No,13,Yes,Yes,Fiber optic,Yes,Yes,No,Yes,No,No,One year,Yes,Mailed check,85.87,1092.11,0,Yes
CUST-13580,Male,1,No,No,4,Yes,Yes,DSL,No,Yes,No,Yes,No,Yes,Month-to-month,Yes,Bank transfer (automatic),66.71,289.24,0,No
CUST-13581,Male,1,No,No,9,Yes,No,No,No internet service,No internet service,No internet service,No internet service,No internet service,No internet service,Two year,No,Electronic check,23.17,172.51,4,No
CUST-13582,Female,0,No,Yes,29,Yes,No,No,No internet service,No internet service,No internet service,No internet service,No internet service,No internet service,Month-to-month,Yes,Mailed check,28.45,842.27,1,No
CUST-13583,Female,0,No,No,19,Yes,No,No,No internet service,No internet service,No internet service,No internet service,No internet service,No internet service,Month-to-month,Yes,Electronic check,23.48,433.17,2,No
CUST-13584,Male,0,Yes,No,36,No,No phone service,Fiber optic,No,Yes,No,Yes,Yes,No,Month-to-month,No,Mailed check,88.28,3223.77,0,Yes
CUST-13585,Male,0,Yes,Yes,27,Yes,Yes,Fiber optic,No,No,No,No,No,No,Month-to-month,No,Mailed check,68.11,1823.85,1,Yes
CUST-13586,Male,0,Yes,No,1,Yes,Yes,DSL,Yes,No,No,Yes,No,No,Month-to-month,Yes,Mailed check,57.47,39.6,2,No
CUST-13587,Female,0,No,No,33,No,No phone service,Fiber optic,No,No,Yes,Yes,No,No,Month-to-month,Yes,Mailed check,76.93,2523.24,1,No
CUST-13588,Male,0,No,No,8,Yes,Yes,No,No internet service,No internet service,No internet service,No internet service,No internet service,No internet service,One year,Yes,Bank transfer (automatic),24.86,209.5,2,No
CUST-13589,Female,0,No,Yes,25,Yes,No,DSL,No,Yes,Yes,No,Yes,Yes,Month-to-month,No,Mailed check,63.29,1602.66,2,Yes
CUST-13590,Male,0,No,Yes,5,Yes,No,DSL,No,No,Yes,No,Yes,No,Month-to-month,No,Bank transfer (automatic),59.06,276.15,2,No
CUST-13591,Male,0,No,Yes,49,No,No phone service,DSL,No,Yes,No,No,Yes,Yes,Two year,Yes,Electronic check,60.75,2987.78,1,No
CUST-13592,Male,0,Yes,No,42,Yes,No,No,No internet service,No internet service,No internet service,No internet service,No internet service,No internet service,Month-to-month,No,Credit card (automatic),23.6,988.61,1,No
CUST-13593,Male,1,Yes,No,20,Yes,No,DSL,No,No,No,No,Yes,Yes,Two year,No,Mailed check,60.09,1183.8,1,No
CUST-13594,Male,0,Yes,No,41,Yes,Yes,No,No internet service,No internet service,No internet service,No internet service,No internet service,No internet service,Month-to-month,Yes,Mailed check,22.76,936.01,1,No
CUST-13595,Male,0,Yes,No,10,Yes,Yes,DSL,Yes,No,Yes,No,Yes,Yes,Month-to-month,No,Mailed check,66.74,715.03,2,Yes
CUST-13596,Female,0,No,Yes,14,Yes,Yes,No,No internet service,No internet service,No internet service,No internet service,No internet service,No internet service,Month-to-month,Yes,Credit card (automatic),23.07,328.07,0,No
CUST-13597,Male,0,Yes,Yes,48,Yes,Yes,Fiber optic,Yes,Yes,No,No,Yes,No,Month-to-month,No,Credit card (automatic),80.84,3858.09,0,No
CUST-13598,Female,1,No,No,0,Yes,Yes,DSL,No,Yes,No,No,Yes,Yes,Two year,Yes,Electronic check,68.63,,0,No
CUST-13599,Male,0,No,Yes,21,No,No phone service,Fiber optic,Yes,No,No,No,No,Yes,Month-to-month,No,Bank transfer (automatic),85.88,1817.53,3,Yes
CUST-13600,Male,0,Yes,No,32,Yes,Yes,No,No internet service,No internet service,No internet service,No internet service,No internet service,No internet service,One year,Yes,Electronic check,18.0,566.66,0,No
CUST-13601,Female,0,Yes,No,16,Yes,No,Fiber optic,No,No,No,Yes,Yes,No,One year,Yes,Electronic check,88.2,1419.46,0,No
CUST-13602,Male,0,Yes,Yes,57,Yes,No,Fiber optic,Yes,No,Yes,No,No,No,Month-to-month,Yes,Credit card (automatic),71.47,4030.31,1,Yes
CUST-13603,Female,0,Yes,No,68,Yes,No,DSL,No,Yes,Yes,No,Yes,No,One year,No,Electronic check,64.68,4372.27,0,No
CUST-13604,Female,0,No,No,33,Yes,No,No,No internet service,No internet service,No internet service,No internet service,No internet service,No internet service,Month-to-month,Yes,Electronic check,18.0,589.59,1,No
CUST-13605,Male,0,Yes,No,8,Yes,No,DSL,No,No,No,Yes,Yes,Yes,One year,No,Bank transfer (automatic),61.7,483.22,1,No
CUST-13606,Female,0,No,No,42,Yes,No,DSL,No,Yes,No,Yes,Yes,Yes,Two year,Yes,Credit card (automatic),69.44,2914.36,0,No
CUST-13607,Female,0,No,Yes,72,Yes,No,DSL,No,Yes,No,No,No,No,Month-to-month,No,Electronic check,56.35,4062.42,1,No
CUST-13608,Male,1,No,No,26,No,No phone service,DSL,Yes,Yes,No,Yes,Yes,Yes,Month-to-month,Yes,Electronic check,72.83,1888.1,0,No
CUST-13609,Female,0,No,No,22,Yes,No,Fiber optic,Yes,Yes,No,Yes,No,No,Month-to-month,Yes,Electronic check,84.86,1875.99,2,Yes
CUST-13610,Male,1,Yes,No,10,Yes,Yes,Fiber optic,No,Yes,No,No,Yes,No,Month-to-month,Yes,Electronic check,75.62,752.47,3,Yes
CUST-13611,Male,0,Yes,Yes,30,Yes,Yes,Fiber optic,No,Yes,Yes,Yes,No,Yes,Month-to-month,Yes,Electronic check,92.91,2793.42,0,Yes
CUST-13612,Male,0,Yes,No,22,Yes,Yes,DSL,Yes,No,No,No,Yes,No,Two year,No,Credit card (automatic),49.61,1081.31,1,No
CUST-13613,Male,0,Yes,No,1,Yes,Yes,DSL,No,Yes,Yes,No,Yes,No,Month-to-month,No,Electronic check,65.24,80.64,0,Yes
CUST-13614,Female,0,No,No,40,Yes,No,No,No internet service,No internet service,No internet service,No internet service,No internet service,No internet service,Month-to-month,Yes,Bank transfer (automatic),21.05,849.38,0,No
CUST-13615,Male,0,No,No,7,Yes,No,No,No internet service,No internet service,No internet service,No internet service,No internet service,No internet service,Month-to-month,No,Credit card (automatic),22.3,122.45,0,Yes
CUST-13616,Male,0,Yes,No,72,Yes,No,DSL,No,No,No,No,No,No,Month-to-month,Yes,Bank transfer (automatic),50.2,3620.51,2,No
CUST-13617,Female,0,Yes,No,27,Yes,Yes,Fiber optic,No,No,Yes,Yes,No,No,Month-to-month,Yes,Electronic check,84.0,2273.16,2,No
CUST-13618,Male,0,Yes,No,20,Yes,No,DSL,Yes,No,Yes,Yes,Yes,No,Month-to-month,Yes,Bank transfer (automatic),73.4,1448.52,0,No
CUST-13619,Male,0,No,Yes,26,Yes,No,No,No internet service,No internet service,No internet service,No internet service,No internet service,No internet service,Month-to-month,Yes,Credit card (automatic),18.0,494.58,2,No
CUST-13620,Female,0,No,No,25,Yes,Yes,No,No internet service,No internet service,No internet service,No internet service,No internet service,No internet service,Month-to-month,No,Electronic check,20.46,502.93,4,No
CUST-13621,Female,0,No,No,17,Yes,No,DSL,No,Yes,No,No,Yes,No,One year,No,Electronic check,51.49,852.31,2,Yes
CUST-13622,Female,0,No,No,4,Yes,Yes,No,No internet service,No internet service,No internet service,No internet service,No internet service,No internet service,Two year,Yes,Electronic check,18.0,44.49,1,No
CUST-13623,Female,0,Yes,No,58,Yes,Yes,Fiber optic,No,Yes,No,No,No,No,Month-to-month,Yes,Mailed check,72.64,4225.28,3,No
CUST-13624,Female,0,Yes,No,26,Yes,No,DSL,No,No,Yes,Yes,No,No,Two year,No,Electronic check,55.68,1450.93,1,No
CUST-13625,Female,0,Yes,No,50,Yes,No,Fiber optic,No,No,No,Yes,No,Yes,Month-to-month,Yes,Bank transfer (automatic),84.02,4172.52,1,Yes
CUST-13626,Female,0,Yes,Yes,5,Yes,Yes,Fiber optic,No,Yes,Yes,No,No,Yes,One year,Yes,Bank transfer (automatic),86.15,440.37,1,No
CUST-13627,Male,0,No,Yes,12,Yes,No,Fiber optic,Yes,Yes,No,No,No,No,Month-to-month,Yes,Mailed check,84.31,1025.97,0,Yes
CUST-13628,Female,0,No,No,16,Yes,No,Fiber optic,Yes,Yes,No,No,Yes,No,Two year,No,Bank transfer (automatic),96.84,1545.78,1,Yes
CUST-13629,Female,0,No,No,8,Yes,Yes,No,No internet service,No internet service,No internet service,No internet service,No internet service,No internet service,Two year,No,Electronic check,18.0,156.32,0,No
CUST-13630,Female,0,No,No,40,No,No phone service,Fiber optic,Yes,No,Yes,No,No,No,One year,No,Bank transfer (automatic),83.78,3322.03,0,No
CUST-13631,Male,0,Yes,No,20,Yes,No,Fiber optic,No,No,Yes,No,Yes,No,Two year,Yes,Bank transfer (automatic),76.7,1522.79,1,No
CUST-13632,Male,0,Yes,No,30,Yes,No,Fiber optic,No,No,Yes,No,No,No,One year,No,Bank transfer (automatic),80.21,2413.32,0,Yes
CUST-13633,Female,0,No,No,14,Yes,No,DSL,No,No,Yes,No,Yes,No,Month-to-month,Yes,Electronic check,59.5,888.71,3,Yes
CUST-13634,Female,0,No,Yes,52,Yes,Yes,Fiber optic,Yes,No,No,No,Yes,No,One year,No,Bank transfer (automatic),73.16,3817.71,0,No
CUST-13635,Female,0,Yes,No,43,Yes,No,No,No internet service,No internet service,No internet service,No internet service,No internet service,No internet service,Month-to-month,Yes,Mailed check,18.0,770.76,2,No
CUST-13636,Male,1,No,No,39,Yes,No,DSL,No,Yes,Yes,Yes,No,No,Month-to-month,Yes,Mailed check,73.5,2846.15,0,Yes
CUST-13637,Male,0,No,No,27,Yes,No,No,No internet service,No internet service,No internet service,No internet service,No internet service,No internet service,Month-to-month,No,Electronic check,18.0,478.04,0,No
CUST-13638,Female,0,Yes,No,58,Yes,Yes,Fiber optic,Yes,Yes,No,No,No,Yes,One year,No,Electronic check,79.93,4662.93,0,No
CUST-13639,Male,0,No,No,44,Yes,No,No,No internet service,No internet service,No internet service,No internet service,No internet service,No internet service,Month-to-month,No,Mailed check,22.99,1032.51,2,Yes
CUST-13640,Female,0,Yes,No,23,Yes,No,No,No internet service,No internet service,No internet service,No internet service,No internet service,No internet service,One year,Yes,Mailed check,19.92,484.36,0,No
CUST-13641,Male,0,No,No,15,Yes,No,Fiber optic,No,Yes,Yes,No,No,No,One year,No,Mailed check,74.45,1111.36,0,Yes
CUST-13642,Male,0,No,No,20,Yes,No,DSL,No,Yes,No,Yes,Yes,No,Month-to-month,No,Bank transfer (automatic),65.16,1297.51,0,Yes
CUST-13643,Female,1,No,No,34,Yes,Yes,No,No internet service,No internet service,No internet service,No internet service,No internet service,No internet service,Month-to-month,No,Electronic check,24.38,805.0,2,Yes
CUST-13644,Female,0,Yes,No,5,Yes,Yes,No,No internet service,No internet service,No internet service,No internet service,No internet service,No internet service,Two year,No,Electronic check,18.0,104.54,3,No
CUST-13645,Female,0,Yes,No,12,Yes,Yes,DSL,Yes,No,No,No,No,Yes,Two year,Yes,Mailed check,66.47,823.32,1,No
CUST-13646,Female,1,Yes,Yes,57,Yes,No,DSL,No,Yes,No,Yes,No,Yes,Month-to-month,Yes,Bank transfer (automatic),66.55,3788.69,2,No
CUST-13647,Male,1,Yes,No,49,Yes,No,DSL,Yes,No,No,Yes,No,No,Month-to-month,No,Mailed check,57.65,2807.21,2,Yes
CUST-13648,Male,0,No,Yes,20,No,No phone service,DSL,No,Yes,Yes,Yes,Yes,Yes,Month-to-month,Yes,Credit card (automatic),68.21,1338.86,2,No
CUST-13649,Male,1,No,No,72,Yes,Yes,No,No internet service,No internet service,No internet service,No internet service,No internet service,No internet service,Month-to-month,Yes,Bank transfer (automatic),18.0,1318.11,0,No
CUST-13650,Female,0,Yes,No,42,Yes,No,DSL,No,Yes,Yes,No,No,No,Month-to-month,Yes,Electronic check,50.71,2113.04,0,No
CUST-13651,Male,1,Yes,Yes,26,Yes,No,No,No internet service,No internet service,No internet service,No internet service,No internet service,No internet service,Two year,No,Mailed check,18.0,447.8,0,No
CUST-13652,Female,0,Yes,No,49,Yes,Yes,No,No internet service,No internet service,No internet service,No internet service,No internet service,No internet service,Two year,Yes,Mailed check,21.15,1005.5,0,No
CUST-13653,Male,0,Yes,No,15,No,No phone service,No,No internet service,No internet service,No internet service,No internet service,No internet service,No internet service,Two year,Yes,Mailed check,19.03,296.96,0,No
CUST-13654,Female,0,Yes,No,13,Yes,No,DSL,No,No,No,No,Yes,Yes,Month-to-month,Yes,Credit card (automatic),60.6,845.64,0,Yes
CUST-13655,Female,0,Yes,No,22,Yes,No,Fiber optic,No,No,Yes,No,No,Yes,Month-to-month,Yes,Mailed check,83.89,1860.18,1,No
CUST-13656,Male,0,No,No,25,Yes,Yes,No,No internet service,No internet service,No internet service,No internet service,No internet service,No internet service,One year,Yes,Bank transfer (automatic),22.48,532.02,0,No
CUST-13657,Female,0,Yes,No,13,Yes,Yes,DSL,Yes,Yes,No,No,No,No,One year,Yes,Credit card (automatic),56.42,721.37,1,No
CUST-13658,Female,0,No,No,63,Yes,No,DSL,No,No,Yes,No,No,Yes,Month-to-month,No,Electronic check,51.91,3228.32,2,No
CUST-13659,Male,0,No,No,18,No,No phone service,No,No internet service,No internet service,No internet service,No internet service,No internet service,No internet service,One year,Yes,Electronic check,23.46,447.69,0,No
CUST-13660,Female,0,Yes,Yes,4,Yes,No,Fiber optic,No,No,No,No,Yes,No,One year,No,Electronic check,76.8,296.26,0,No
CUST-13661,Female,0,No,No,27,Yes,No,Fiber optic,No,Yes,No,Yes,Yes,No,One year,No,Electronic check,85.8,2322.48,0,No
CUST-13662,Female,0,No,No,21,Yes,No,No,No internet service,No internet service,No internet service,No internet service,No internet service,No internet service,Month-to-month,Yes,Electronic check,18.0,378.48,1,Yes
CUST-13663,Male,0,No,No,45,Yes,No,Fiber optic,No,No,No,No,Yes,Yes,Two year,Yes,Credit card (automatic),80.07,3623.0,1,No
CUST-13664,Male,1,Yes,Yes,15,Yes,No,Fiber optic,No,Yes,No,Yes,No,No,Month-to-month,No,Credit card (automatic),76.03,1140.12,1,No
CUST-13665,Female,0,Yes,No,40,Yes,Yes,Fiber optic,No,No,Yes,Yes,Yes,No,One year,Yes,Bank transfer (automatic),92.89,3734.16,0,No
CUST-13666,Male,0,No,No,30,Yes,Yes,DSL,Yes,No,No,Yes,No,No,Month-to-month,Yes,Bank transfer (automatic),47.43,1426.38,0,No
CUST-13667,Female,0,No,No,51,Yes,Yes,DSL,Yes,No,Yes,Yes,No,Yes,Month-to-month,Yes,Electronic check,67.79,3441.27,1,No
CUST-13668,Female,0,Yes,No,27,Yes,Yes,Fiber optic,No,Yes,Yes,No,No,No,Month-to-month,Yes,Bank transfer (automatic),81.3,2202.03,0,Yes
CUST-13669,Female,0,Yes,No,12,Yes,No,DSL,No,No,Yes,No,Yes,No,Month-to-month,Yes,Electronic check,58.14,701.56,2,No
CUST-13670,Female,0,Yes,No,31,Yes,Yes,No,No internet service,No internet service,No internet service,No internet service,No internet service,No internet service,Two year,Yes,Mailed check,18.0,552.04,1,No
CUST-13671,Female,0,Yes,No,9,Yes,Yes,DSL,No,No,Yes,Yes,No,No,Month-to-month,Yes,Mailed check,57.09,503.61,0,Yes
CUST-13672,Male,0,No,No,2,Yes,No,Fiber optic,No,No,No,Yes,Yes,No,Two year,No,Bank transfer (automatic),86.82,211.61,0,No
CUST-13673,Female,0,Yes,No,13,Yes,No,Fiber optic,No,No,No,No,No,No,Month-to-month,No,Electronic check,66.96,907.96,0,Yes
CUST-13674,Male,0,Yes,Yes,54,Yes,No,Fiber optic,Yes,No,No,No,No,No,Month-to-month,Yes,Electronic check,81.32,4374.84,0,Yes
CUST-13675,Male,1,No,No,72,Yes,No,Fiber optic,No,Yes,No,No,No,No,One year,Yes,Bank transfer (automatic),74.97,5369.97,0,Yes
CUST-13676,Female,0,Yes,No,5,Yes,Yes,Fiber optic,No,No,No,Yes,No,No,Month-to-month,No,Bank transfer (automatic),78.01,395.24,1,Yes
CUST-13677,Female,0,No,No,47,Yes,Yes,No,No internet service,No internet service,No internet service,No internet service,No internet service,No internet service,One year,Yes,Electronic check,18.0,853.58,1,No
CUST-13678,Male,0,No,No,72,Yes,Yes,DSL,Yes,No,No,No,Yes,Yes,Month-to-month,Yes,Electronic check,66.66,4813.51,2,No
CUST-13679,Male,0,Yes,No,9,No,No phone service,Fiber optic,No,No,Yes,No,No,No,Two year,No,Credit card (automatic),86.01,767.4,0,No
CUST-13680,Male,0,No,Yes,63,Yes,No,No,No internet service,No internet service,No internet service,No internet service,No internet service,No internet service,Month-to-month,No,Electronic check,18.0,1176.97,1,Yes
CUST-13681,Female,0,No,No,7,Yes,Yes,DSL,Yes,No,No,Yes,No,No,One year,No,Bank transfer (automatic),54.86,417.28,0,No
CUST-13682,Male,1,Yes,No,22,Yes,Yes,No,No internet service,No internet service,No internet service,No internet service,No internet service,No internet service,Month-to-month,Yes,Electronic check,25.53,594.02,1,Yes
CUST-13683,Female,0,Yes,Yes,33,Yes,No,Fiber optic,No,Yes,Yes,No,Yes,No,One year,Yes,Bank transfer (automatic),81.27,2657.22,0,Yes
CUST-13684,Female,0,No,Yes,10,Yes,Yes,Fiber optic,No,No,No,Yes,Yes,Yes,One year,Yes,Bank transfer (automatic),90.64,863.26,1,Yes
CUST-13685,Female,0,No,Yes,61,No,No phone service,Fiber optic,Yes,No,Yes,Yes,Yes,No,Month-to-month,Yes,Credit card (automatic),86.47,5254.18,0,Yes
CUST-13686,Male,0,No,No,24,Yes,Yes,No,No internet service,No internet service,No internet service,No internet service,No internet service,No internet service,Month-to-month,Yes,Mailed check,18.0,442.51,3,Yes
CUST-13687,Female,0,Yes,Yes,44,Yes,Yes,DSL,No,No,Yes,No,No,Yes,One year,Yes,Electronic check,59.13,2616.3,1,Yes
CUST-13688,Female,0,No,No,10,Yes,No,Fiber optic,Yes,No,Yes,No,No,No,Two year,Yes,Credit card (automatic),87.41,865.52,0,No
CUST-13689,Female,0,Yes,No,72,Yes,Yes,Fiber optic,Yes,No,No,No,Yes,No,Month-to-month,Yes,Mailed check,85.25,6144.29,0,No
CUST-13690,Female,0,No,No,36,Yes,No,No,No internet service,No internet service,No internet service,No internet service,No internet service,No internet service,Two year,No,Credit card (automatic),21.69,807.66,0,No
CUST-13691,Female,0,No,No,35,Yes,Yes,DSL,Yes,Yes,Yes,No,No,No,Month-to-month,No,Bank transfer (automatic),57.49,2039.0,0,No
CUST-13692,Male,0,No,No,32,Yes,No,DSL,Yes,No,No,Yes,Yes,No,Month-to-month,No,Mailed check,61.79,1949.44,1,No
CUST-13693,Female,0,No,No,35,Yes,Yes,No,No internet service,No internet service,No internet service,No internet service,No internet service,No internet service,Two year,Yes,Credit card (automatic),18.99,659.57,0,No
CUST-13694,Female,0,No,No,41,Yes,Yes,Fiber optic,No,No,No,No,Yes,No,One year,Yes,Mailed check,78.17,3180.1,1,No
CUST-13695,Male,0,No,No,18,Yes,Yes,DSL,No,No,Yes,No,Yes,No,Two year,No,Bank transfer (automatic),56.17,947.25,1,No
CUST-13696,Female,0,Yes,No,7,Yes,No,DSL,Yes,No,No,No,No,Yes,Month-to-month,No,Bank transfer (automatic),53.58,380.03,1,No
CUST-13697,Male,0,No,No,7,No,No phone service,Fiber optic,No,No,Yes,Yes,Yes,Yes,Month-to-month,No,Mailed check,95.52,631.76,1,Yes
CUST-13698,Female,0,No,Yes,26,No,No phone service,Fiber optic,No,Yes,No,Yes,Yes,Yes,One year,Yes,Bank transfer (automatic),90.79,2336.43,0,No
CUST-13699,Male,0,Yes,No,72,Yes,Yes,No,No internet service,No internet service,No internet service,No internet service,No internet service,No internet service,Two year,No,Credit card (automatic),18.0,1258.82,2,No
CUST-13700,Male,0,No,No,22,Yes,No,DSL,Yes,Yes,No,No,Yes,Yes,Two year,No,Bank transfer (automatic),67.08,1496.17,1,No
CUST-13701,Female,0,Yes,No,55,Yes,No,No,No internet service,No internet service,No internet service,No internet service,No internet service,No internet service,Month-to-month,Yes,Mailed check,18.0,1001.3,2,No
CUST-13702,Female,0,No,No,23,Yes,No,No,No internet service,No internet service,No internet service,No internet service,No internet service,No internet service,Month-to-month,Yes,Bank transfer (automatic),18.0,464.83,4,No
CUST-13703,Female,0,No,No,67,Yes,No,Fiber optic,No,No,Yes,No,No,No,Month-to-month,Yes,Electronic check,81.42,5478.86,1,No
CUST-13704,Male,0,Yes,Yes,34,Yes,No,DSL,No,No,Yes,No,No,No,One year,No,Electronic check,44.45,1499.07,0,No
CUST-13705,Male,0,No,No,31,Yes,Yes,No,No internet service,No internet service,No internet service,No internet service,No internet service,No internet service,Month-to-month,Yes,Electronic check,27.88,881.79,1,Yes
CUST-13706,Male,1,Yes,No,52,Yes,Yes,DSL,No,Yes,Yes,No,No,No,Month-to-month,No,Mailed check,62.06,3226.93,0,No
CUST-13707,Female,0,No,No,34,Yes,No,Fiber optic,No,Yes,No,No,Yes,No,One year,Yes,Credit card (automatic),74.65,2540.94,0,No
CUST-13708,Male,0,Yes,No,40,Yes,No,Fiber optic,Yes,No,No,No,No,No,One year,No,Bank transfer (automatic),76.66,3051.88,1,No
CUST-13709,Male,1,Yes,No,25,Yes,No,No,No internet service,No internet service,No internet service,No internet service,No internet service,No internet service,Two year,Yes,Credit card (automatic),21.71,556.42,1,No
CUST-13710,Female,0,Yes,No,32,Yes,No,Fiber optic,No,No,No,No,Yes,No,Two year,Yes,Electronic check,76.16,2428.59,0,No
CUST-13711,Male,0,Yes,No,8,Yes,No,Fiber optic,Yes,Yes,Yes,Yes,No,No,Month-to-month,No,Bank transfer (automatic),91.41,721.53,3,Yes
CUST-13712,Male,0,No,No,60,Yes,No,No,No internet service,No internet service,No internet service,No internet service,No internet service,No internet service,Two year,No,Electronic check,18.03,1079.15,0,No
CUST-13713,Female,0,No,No,61,Yes,Yes,No,No internet service,No internet service,No internet service,No internet service,No internet service,No internet service,One year,No,Electronic check,18.0,1111.07,0,No
CUST-13714,Male,1,Yes,Yes,19,Yes,Yes,Fiber optic,No,No,Yes,Yes,No,Yes,Two year,Yes,Credit card (automatic),84.22,1576.24,0,No
CUST-13715,Female,0,Yes,No,24,Yes,No,Fiber optic,No,No,Yes,No,No,Yes,Month-to-month,Yes,Electronic check,87.22,2100.44,2,No
CUST-13716,Female,0,Yes,No,72,Yes,Yes,No,No internet service,No internet service,No internet service,No internet service,No internet service,No internet service,Month-to-month,Yes,Electronic check,27.9,1981.48,0,No
CUST-13717,Female,0,No,Yes,19,Yes,Yes,No,No internet service,No internet service,No internet service,No internet service,No internet service,No internet service,One year,Yes,Mailed check,18.0,331.58,0,No
CUST-13718,Female,0,No,Yes,43,No,No phone service,DSL,Yes,No,No,Yes,Yes,Yes,Two year,Yes,Bank transfer (automatic),67.18,2877.4,1,No
CUST-13719,Female,0,Yes,No,29,Yes,No,Fiber optic,No,No,Yes,No,No,Yes,Two year,Yes,Bank transfer (automatic),81.33,2374.71,0,No
CUST-13720,Male,0,No,No,6,Yes,Yes,DSL,No,No,Yes,No,No,No,One year,No,Electronic check,51.82,318.57,1,No
CUST-13721,Male,0,Yes,No,35,No,No phone service,Fiber optic,No,No,No,No,No,No,Month-to-month,Yes,Electronic check,68.3,2409.29,2,Yes
CUST-13722,Female,0,No,No,59,No,No phone service,No,No internet service,No internet service,No internet service,No internet service,No internet service,No internet service,One year,No,Electronic check,23.39,1398.75,0,No
CUST-13723,Female,0,No,No,21,Yes,No,DSL,No,No,Yes,Yes,No,Yes,Two year,No,Electronic check,67.23,1454.95,0,Yes
CUST-13724,Male,0,No,Yes,8,Yes,No,DSL,No,Yes,Yes,No,Yes,No,One year,Yes,Credit card (automatic),65.58,491.98,0,No
CUST-13725,Female,0,No,Yes,46,Yes,No,Fiber optic,No,Yes,Yes,No,Yes,No,One year,No,Credit card (automatic),74.92,3433.98,1,No
CUST-13726,Female,0,No,Yes,6,Yes,No,No,No internet service,No internet service,No internet service,No internet service,No internet service,No internet service,Month-to-month,Yes,Credit card (automatic),19.85,90.58,4,Yes
CUST-13727,Female,0,No,Yes,6,Yes,No,Fiber optic,No,No,No,Yes,Yes,Yes,One year,No,Credit card (automatic),84.57,517.16,1,No
CUST-13728,Male,1,No,Yes,72,Yes,No,DSL,No,Yes,Yes,No,Yes,Yes,Month-to-month,No,Credit card (automatic),65.23,4703.18,0,No
CUST-13729,Male,0,Yes,No,53,Yes,Yes,DSL,Yes,Yes,Yes,No,Yes,Yes,Two year,No,Credit card (automatic),73.39,3875.43,3,No
CUST-13730,Female,0,Yes,No,27,Yes,Yes,Fiber optic,No,No,No,Yes,Yes,No,One year,No,Credit card (automatic),73.8,1999.95,1,No
CUST-13731,Female,0,Yes,No,36,Yes,No,Fiber optic,Yes,Yes,Yes,No,No,No,One year,Yes,Credit card (automatic),96.32,3491.38,0,No
CUST-13732,Male,1,No,No,11,Yes,No,Fiber optic,Yes,Yes,No,Yes,No,No,Two year,Yes,Mailed check,98.28,1049.03,0,No
CUST-13733,Male,0,Yes,No,29,No,No phone service,Fiber optic,No,No,No,No,Yes,No,Month-to-month,Yes,Electronic check,78.26,2268.81,1,No
CUST-13734,Female,0,Yes,No,9,Yes,Yes,Fiber optic,Yes,Yes,Yes,Yes,No,Yes,Month-to-month,Yes,Bank transfer (automatic),95.83,866.19,0,Yes
CUST-13735,Female,0,Yes,No,9,Yes,No,Fiber optic,No,No,No,No,No,No,One year,No,Bank transfer (automatic),75.07,654.05,0,No
CUST-13736,Male,1,Yes,No,47,No,No phone service,No,No internet service,No internet service,No internet service,No internet service,No internet service,No internet service,Month-to-month,No,Bank transfer (automatic),18.0,826.6,1,No
CUST-13737,Male,0,No,Yes,17,Yes,No,No,No internet service,No internet service,No internet service,No internet service,No internet service,No internet service,Month-to-month,Yes,Bank transfer (automatic),27.0,454.01,1,No
CUST-13738,Male,0,No,No,15,Yes,No,DSL,Yes,Yes,No,No,Yes,Yes,Two year,Yes,Bank transfer (automatic),77.55,1168.61,0,No
CUST-13739,Female,1,No,No,34,Yes,No,Fiber optic,Yes,No,No,No,No,No,One year,Yes,Electronic check,75.38,2582.53,1,Yes
CUST-13740,Male,0,No,No,14,Yes,Yes,Fiber optic,No,No,No,Yes,Yes,Yes,Month-to-month,Yes,Electronic check,90.52,1275.43,0,Yes
CUST-13741,Female,0,No,No,21,Yes,Yes,DSL,No,No,No,No,Yes,Yes,Month-to-month,Yes,Credit card (automatic),61.99,1315.82,1,Yes
CUST-13742,Male,0,No,No,72,Yes,No,Fiber optic,No,Yes,No,No,No,No,Month-to-month,No,Bank transfer (automatic),73.64,5321.74,0,Yes
CUST-13743,Male,1,Yes,No,6,Yes,Yes,Fiber optic,No,No,Yes,No,Yes,Yes,One year,No,Electronic check,85.02,541.63,1,Yes
CUST-13744,Male,0,No,Yes,69,Yes,No,Fiber optic,Yes,Yes,No,No,No,No,Month-to-month,Yes,Credit card (automatic),79.41,5481.28,1,No
CUST-13745,Male,1,Yes,No,72,Yes,No,DSL,Yes,No,Yes,Yes,No,No,Two year,No,Electronic check,64.8,4628.72,1,No
CUST-13746,Female,0,Yes,Yes,7,Yes,No,DSL,No,No,No,No,No,No,One year,No,Mailed check,44.09,339.04,0,No
CUST-13747,Female,0,No,No,8,Yes,No,DSL,Yes,No,No,No,No,No,Month-to-month,Yes,Electronic check,48.81,433.79,2,No
CUST-13748,Male,1,Yes,Yes,38,Yes,No,Fiber optic,Yes,No,Yes,No,No,No,Month-to-month,No,Credit card (automatic),91.12,3460.83,1,Yes
CUST-13749,Female,0,Yes,No,27,No,No phone service,No,No internet service,No internet service,No internet service,No internet service,No internet service,No internet service,One year,Yes,Bank transfer (automatic),20.1,580.97,0,No
CUST-13750,Male,0,Yes,Yes,13,Yes,Yes,Fiber optic,No,Yes,Yes,No,No,No,Month-to-month,Yes,Mailed check,79.14,1042.19,1,No
CUST-13751,Male,0,Yes,No,60,Yes,No,Fiber optic,No,No,No,Yes,Yes,Yes,Month-to-month,No,Credit card (automatic),93.3,5610.97,0,No
CUST-13752,Male,0,Yes,Yes,18,Yes,Yes,DSL,Yes,No,No,No,No,No,Two year,Yes,Credit card (automatic),48.53,876.76,2,No
CUST-13753,Male,0,Yes,Yes,31,Yes,No,Fiber optic,No,No,Yes,Yes,Yes,No,Month-to-month,Yes,Bank transfer (automatic),88.63,2717.91,2,No
CUST-13754,Female,0,No,No,42,No,No phone service,Fiber optic,No,Yes,Yes,No,No,Yes,Month-to-month,No,Credit card (automatic),86.77,3647.13,2,Yes
CUST-13755,Male,0,No,Yes,36,Yes,No,DSL,Yes,No,No,Yes,No,Yes,Two year,No,Bank transfer (automatic),62.23,2273.46,0,No
CUST-13756,Male,0,Yes,Yes,25,Yes,Yes,No,No internet service,No internet service,No internet service,No internet service,No internet service,No internet service,Month-to-month,Yes,Bank transfer (automatic),18.0,464.43,2,No
CUST-13757,Female,0,No,Yes,44,Yes,No,DSL,No,Yes,No,Yes,No,Yes,Month-to-month,Yes,Mailed check,63.71,2802.07,1,No
CUST-13758,Male,1,Yes,No,5,Yes,No,Fiber optic,Yes,No,No,Yes,No,No,Month-to-month,Yes,Electronic check,85.22,395.63,1,Yes
CUST-13759,Male,0,Yes,No,53,Yes,Yes,Fiber optic,No,Yes,No,No,No,Yes,Two year,No,Electronic check,85.23,4536.27,0,No
CUST-13760,Male,0,Yes,Yes,19,Yes,No,No,No internet service,No internet service,No internet service,No internet service,No internet service,No internet service,Two year,Yes,Credit card (automatic),30.01,571.57,1,No
CUST-13761,Female,0,No,Yes,40,Yes,Yes,DSL,No,No,Yes,No,No,Yes,Month-to-month,No,Electronic check,51.72,2074.07,4,Yes
CUST-13762,Male,0,Yes,No,24,No,No phone service,DSL,No,No,No,No,Yes,Yes,One year,No,Mailed check,51.3,1224.58,0,No
CUST-13763,Female,0,No,No,15,Yes,Yes,No,No internet service,No internet service,No internet service,No internet service,No internet service,No internet service,Month-to-month,Yes,Electronic check,24.03,374.98,1,No
CUST-13764,Male,0,No,No,23,Yes,Yes,DSL,No,No,No,No,No,Yes,One year,Yes,Mailed check,47.02,1103.2,0,Yes
CUST-13765,Male,1,No,No,31,Yes,No,Fiber optic,Yes,No,No,Yes,Yes,Yes,Month-to-month,Yes,Electronic check,99.21,3081.66,3,No
CUST-13766,Female,1,No,No,35,Yes,No,Fiber optic,No,No,Yes,Yes,No,No,Month-to-month,Yes,Credit card (automatic),84.53,2987.52,0,No
CUST-13767,Male,0,No,No,32,Yes,Yes,Fiber optic,No,No,No,No,No,No,Two year,No,Credit card (automatic),73.29,2365.47,1,No
CUST-13768,Male,1,Yes,No,14,Yes,Yes,Fiber optic,No,No,Yes,No,No,No,Month-to-month,No,Credit card (automatic),76.65,1080.43,2,Yes
CUST-13769,Female,0,Yes,No,10,Yes,No,Fiber optic,No,No,No,No,No,No,Month-to-month,Yes,Bank transfer (automatic),69.37,687.58,2,Yes
CUST-13770,Female,0,No,No,11,Yes,No,DSL,Yes,Yes,Yes,No,Yes,Yes,Two year,No,Credit card (automatic),76.18,830.31,1,No
CUST-13771,Female,1,No,No,20,Yes,Yes,No,No internet service,No internet service,No internet service,No internet service,No internet service,No internet service,One year,Yes,Mailed check,24.17,446.47,2,No
CUST-13772,Female,0,Yes,No,40,Yes,Yes,Fiber optic,No,Yes,No,Yes,No,Yes,One year,Yes,Mailed check,89.24,3549.61,2,No
CUST-13773,Female,0,Yes,No,42,Yes,No,Fiber optic,Yes,No,No,No,No,Yes,Two year,Yes,Electronic check,80.51,3378.83,1,Yes
CUST-13774,Male,0,Yes,No,16,Yes,Yes,Fiber optic,Yes,No,No,No,No,No,Month-to-month,Yes,Credit card (automatic),67.02,1078.73,2,Yes
CUST-13775,Female,0,Yes,No,25,Yes,Yes,No,No internet service,No internet service,No internet service,No internet service,No internet service,No internet service,Month-to-month,Yes,Electronic check,18.12,454.51,0,No
CUST-13776,Male,0,Yes,Yes,6,Yes,Yes,No,No internet service,No internet service,No internet service,No internet service,No internet service,No internet service,Month-to-month,No,Bank transfer (automatic),18.9,132.17,0,No
CUST-13777,Male,0,No,No,18,No,No phone service,DSL,No,No,No,No,Yes,Yes,Month-to-month,Yes,Credit card (automatic),59.19,1071.08,1,No
CUST-13778,Male,1,No,No,15,Yes,No,No,No internet service,No internet service,No internet service,No internet service,No internet service,No internet service,Month-to-month,No,Bank transfer (automatic),28.73,417.72,1,No
CUST-13779,Female,0,No,No,12,Yes,No,Fiber optic,No,Yes,Yes,Yes,Yes,Yes,Month-to-month,Yes,Electronic check,90.85,1076.55,1,Yes
CUST-13780,Female,0,No,No,27,Yes,Yes,No,No internet service,No internet service,No internet service,No internet service,No internet service,No internet service,Month-to-month,No,Bank transfer (automatic),18.0,496.03,2,No
CUST-13781,Male,0,No,Yes,72,Yes,No,DSL,No,No,Yes,Yes,Yes,Yes,Month-to-month,No,Bank transfer (automatic),63.98,4584.29,1,No
CUST-13782,Female,0,Yes,Yes,26,Yes,Yes,Fiber optic,No,No,No,No,No,No,Month-to-month,Yes,Electronic check,65.75,1704.41,1,Yes
CUST-13783,Female,0,Yes,No,55,Yes,No,Fiber optic,No,No,No,No,No,No,Month-to-month,Yes,Bank transfer (automatic),72.57,4002.2,1,Yes
CUST-13784,Female,0,No,No,47,Yes,No,Fiber optic,No,Yes,No,No,No,No,One year,Yes,Credit card (automatic),78.83,3686.32,1,No
CUST-13785,Female,1,No,No,16,Yes,No,DSL,Yes,Yes,Yes,No,Yes,No,Month-to-month,No,Credit card (automatic),66.73,1057.41,0,Yes
CUST-13786,Male,1,Yes,Yes,44,Yes,No,DSL,Yes,No,Yes,No,Yes,Yes,Month-to-month,No,Mailed check,70.57,3104.98,1,No
CUST-13787,Male,0,No,No,72,Yes,No,Fiber optic,No,No,No,Yes,No,No,Two year,No,Electronic check,89.23,6428.23,1,No
CUST-13788,Female,1,Yes,No,8,Yes,No,DSL,No,No,No,No,No,Yes,One year,No,Mailed check,53.52,436.52,0,No
CUST-13789,Male,0,Yes,No,47,Yes,Yes,DSL,No,Yes,No,Yes,Yes,No,Month-to-month,Yes,Bank transfer (automatic),52.0,2445.01,2,Yes
CUST-13790,Female,0,Yes,No,24,Yes,No,Fiber optic,Yes,Yes,No,No,No,Yes,One year,Yes,Credit card (automatic),88.84,2130.11,2,Yes
CUST-13791,Female,0,Yes,No,14,Yes,Yes,No,No internet service,No internet service,No internet service,No internet service,No internet service,No internet service,One year,Yes,Credit card (automatic),22.51,308.72,0,No
CUST-13792,Male,0,No,No,34,Yes,No,Fiber optic,No,Yes,No,Yes,No,No,Month-to-month,Yes,Credit card (automatic),76.98,2640.27,1,No
CUST-13793,Male,0,No,No,34,Yes,Yes,Fiber optic,No,No,No,No,Yes,Yes,Month-to-month,No,Bank transfer (automatic),82.28,2781.1,2,No
CUST-13794,Male,0,Yes,Yes,72,Yes,Yes,DSL,No,No,Yes,Yes,No,No,One year,No,Bank transfer (automatic),59.17,4280.12,0,No
CUST-13795,Female,0,No,No,15,Yes,No,No,No internet service,No internet service,No internet service,No internet service,No internet service,No internet service,Month-to-month,No,Electronic check,20.42,306.47,0,Yes
CUST-13796,Male,1,No,No,26,Yes,No,DSL,No,No,No,No,No,No,Month-to-month,Yes,Mailed check,51.44,1333.95,1,No
CUST-13797,Female,0,No,No,26,No,No phone service,Fiber optic,Yes,No,Yes,No,No,No,Month-to-month,Yes,Credit card (automatic),82.72,2154.8,2,Yes
CUST-13798,Male,0,No,No,14,Yes,No,DSL,No,Yes,Yes,No,Yes,No,Month-to-month,No,Bank transfer (automatic),61.52,844.3,3,Yes
CUST-13799,Male,0,Yes,No,11,Yes,Yes,Fiber optic,No,No,No,No,No,Yes,Two year,Yes,Mailed check,68.43,770.89,0,No
CUST-13800,Female,0,No,No,18,Yes,No,Fiber optic,Yes,No,No,No,Yes,No,Month-to-month,Yes,Electronic check,73.84,1341.17,1,Yes
CUST-13801,Female,0,Yes,No,23,Yes,Yes,No,No internet service,No internet service,No internet service,No internet service,No internet service,No internet service,Month-to-month,Yes,Electronic check,18.0,403.3,0,No
CUST-13802,Female,0,No,No,10,Yes,Yes,DSL,No,No,Yes,No,Yes,No,One year,Yes,Mailed check,59.47,604.35,0,No
CUST-13803,Female,0,Yes,No,49,Yes,Yes,No,No internet service,No internet service,No internet service,No internet service,No internet service,No internet service,Month-to-month,No,Credit card (automatic),18.0,870.85,0,No
CUST-13804,Female,0,No,Yes,37,Yes,No,Fiber optic,Yes,No,Yes,No,Yes,No,One year,Yes,Electronic check,81.29,2988.24,1,No
CUST-13805,Female,0,No,No,8,Yes,Yes,Fiber optic,Yes,No,No,Yes,Yes,Yes,Month-to-month,No,Electronic check,91.43,737.22,1,Yes
CUST-13806,Female,0,Yes,No,18,Yes,Yes,Fiber optic,Yes,No,No,No,No,Yes,Month-to-month,No,Bank transfer (automatic),80.62,1448.14,1,No
CUST-13807,Female,0,Yes,Yes,28,Yes,No,No,No internet service,No internet service,No internet service,No internet service,No internet service,No internet service,One year,Yes,Electronic check,18.0,501.44,2,No
CUST-13808,Male,0,No,Yes,42,Yes,No,Fiber optic,Yes,Yes,No,No,Yes,No,Month-to-month,No,Electronic check,87.92,3713.45,0,Yes
CUST-13809,Female,0,No,No,23,Yes,No,DSL,No,No,No,No,No,No,Month-to-month,Yes,Electronic check,53.19,1236.75,1,No
CUST-13810,Female,0,Yes,No,41,No,No phone service,No,No internet service,No internet service,No internet service,No internet service,No internet service,No internet service,Two year,Yes,Mailed check,18.0,753.93,1,No
CUST-13811,Male,0,No,No,32,Yes,No,DSL,Yes,No,No,Yes,No,No,Month-to-month,No,Bank transfer (automatic),58.1,1840.89,1,No
CUST-13812,Female,0,Yes,Yes,44,Yes,No,No,No internet service,No internet service,No internet service,No internet service,No internet service,No internet service,Month-to-month,Yes,Credit card (automatic),18.0,790.65,1,No
CUST-13813,Male,0,Yes,Yes,13,Yes,Yes,Fiber optic,Yes,Yes,No,No,Yes,No,Month-to-month,Yes,Mailed check,93.41,1228.56,2,Yes
CUST-13814,Male,0,Yes,No,38,Yes,No,Fiber optic,No,Yes,Yes,No,No,No,Month-to-month,Yes,Bank transfer (automatic),75.26,2881.79,2,No
CUST-13815,Female,0,Yes,Yes,24,No,No phone service,DSL,No,No,Yes,Yes,No,Yes,Month-to-month,Yes,Electronic check,52.24,1252.79,1,No
CUST-13816,Male,0,No,Yes,54,Yes,Yes,Fiber optic,Yes,Yes,No,No,No,Yes,Month-to-month,Yes,Bank transfer (automatic),88.27,4742.13,0,No
CUST-13817,Female,1,No,Yes,13,Yes,Yes,Fiber optic,No,Yes,No,No,Yes,Yes,Month-to-month,Yes,Bank transfer (automatic),81.7,1074.9,0,Yes
CUST-13818,Male,1,Yes,Yes,33,Yes,No,Fiber optic,No,Yes,Yes,Yes,Yes,No,Month-to-month,Yes,Electronic check,102.58,3399.21,0,No
CUST-13819,Male,0,No,Yes,26,Yes,No,DSL,No,No,Yes,No,No,Yes,Month-to-month,No,Bank transfer (automatic),49.84,1295.1,0,Yes
CUST-13820,Male,0,Yes,No,22,No,No phone service,Fiber optic,No,No,Yes,No,No,Yes,One year,Yes,Electronic check,73.28,1621.62,1,No
CUST-13821,Female,0,No,Yes,18,Yes,Yes,DSL,No,No,No,Yes,No,Yes,Two year,Yes,Bank transfer (automatic),56.94,997.98,0,No
CUST-13822,Female,1,Yes,No,19,Yes,No,DSL,Yes,Yes,Yes,No,Yes,Yes,Month-to-month,Yes,Bank transfer (automatic),61.29,1181.88,0,No
CUST-13823,Male,1,No,No,72,Yes,No,DSL,Yes,Yes,No,Yes,No,No,Two year,No,Bank transfer (automatic),53.88,3888.99,0,No
CUST-13824,Male,0,No,No,21,Yes,No,Fiber optic,Yes,Yes,No,No,No,Yes,One year,No,Credit card (automatic),81.44,1696.35,1,No
CUST-13825,Female,0,Yes,No,71,Yes,Yes,Fiber optic,Yes,No,No,Yes,No,No,One year,No,Credit card (automatic),75.63,5397.1,0,No
CUST-13826,Female,0,No,No,22,Yes,No,No,No internet service,No internet service,No internet service,No internet service,No internet service,No internet service,Month-to-month,No,Credit card (automatic),18.0,365.04,0,No
CUST-13827,Male,0,Yes,No,29,Yes,No,Fiber optic,No,No,No,Yes,Yes,No,Two year,Yes,Credit card (automatic),77.61,2253.58,1,Yes
CUST-13828,Male,0,Yes,No,25,Yes,Yes,No,No internet service,No internet service,No internet service,No internet service,No internet service,No internet service,Two year,Yes,Electronic check,18.0,475.37,0,No
CUST-13829,Female,0,Yes,No,72,Yes,Yes,Fiber optic,Yes,Yes,No,No,No,No,Month-to-month,Yes,Mailed check,85.35,6186.15,3,Yes
CUST-13830,Female,1,Yes,No,46,Yes,Yes,Fiber optic,No,No,Yes,No,Yes,No,One year,No,Electronic check,80.41,3678.45,0,No
CUST-13831,Female,0,Yes,No,17,Yes,No,Fiber optic,No,Yes,No,No,Yes,No,One year,Yes,Electronic check,81.06,1382.83,0,No
CUST-13832,Female,0,Yes,Yes,6,Yes,No,Fiber optic,No,Yes,Yes,Yes,Yes,Yes,Month-to-month,No,Mailed check,97.23,580.85,1,No
CUST-13833,Female,1,Yes,No,17,Yes,Yes,DSL,No,No,No,Yes,Yes,No,Month-to-month,No,Credit card (automatic),55.53,944.29,3,Yes
CUST-13834,Male,1,Yes,No,61,Yes,No,DSL,No,No,Yes,Yes,No,No,Month-to-month,No,Mailed check,56.52,3450.12,0,No
CUST-13835,Female,0,No,No,9,Yes,No,DSL,Yes,Yes,Yes,No,Yes,Yes,Month-to-month,No,Bank transfer (automatic),75.08,684.5,1,No
CUST-13836,Male,0,No,Yes,7,Yes,Yes,DSL,No,No,Yes,Yes,No,Yes,Month-to-month,No,Mailed check,67.02,514.31,3,No
CUST-13837,Female,0,Yes,No,14,Yes,No,Fiber optic,Yes,Yes,Yes,No,Yes,No,One year,Yes,Bank transfer (automatic),96.99,1382.01,0,No
CUST-13838,Male,0,Yes,No,10,Yes,No,Fiber optic,No,No,No,No,Yes,No,One year,Yes,Credit card (automatic),88.2,852.31,0,Yes
CUST-13839,Female,1,Yes,Yes,12,Yes,Yes,Fiber optic,No,No,No,No,Yes,No,Two year,Yes,Electronic check,71.47,842.23,0,No
CUST-13840,Female,1,No,No,3,Yes,No,DSL,No,No,No,Yes,No,Yes,Month-to-month,Yes,Credit card (automatic),52.58,172.98,0,Yes
CUST-13841,Male,0,No,No,29,Yes,No,Fiber optic,No,No,No,Yes,Yes,No,Month-to-month,No,Electronic check,84.89,2439.69,1,No
CUST-13842,Male,0,Yes,No,33,Yes,Yes,DSL,No,No,No,No,No,Yes,Month-to-month,Yes,Credit card (automatic),46.01,1496.49,0,Yes
CUST-13843,Female,0,Yes,No,21,No,No phone service,DSL,Yes,Yes,Yes,No,No,Yes,Two year,No,Electronic check,67.15,1401.9,1,No
CUST-13844,Female,1,Yes,No,6,Yes,No,Fiber optic,Yes,No,Yes,No,No,No,Month-to-month,No,Mailed check,92.47,571.46,0,Yes
CUST-13845,Female,0,Yes,No,14,Yes,No,Fiber optic,No,Yes,No,Yes,Yes,Yes,One year,No,Credit card (automatic),100.89,1431.71,1,No
CUST-13846,Female,0,No,No,33,Yes,Yes,Fiber optic,No,No,Yes,No,No,Yes,Month-to-month,Yes,Bank transfer (automatic),76.51,2507.1,1,Yes
CUST-13847,Female,0,No,No,36,Yes,Yes,DSL,No,Yes,No,Yes,No,No,Month-to-month,Yes,Mailed check,49.43,1742.34,0,No
CUST-13848,Male,0,Yes,No,4,Yes,Yes,No,No internet service,No internet service,No internet service,No internet service,No internet service,No internet service,Month-to-month,Yes,Bank transfer (automatic),18.0,92.78,1,No
CUST-13849,Male,0,No,No,26,No,No phone service,No,No internet service,No internet service,No internet service,No internet service,No internet service,No internet service,Month-to-month,No,Electronic check,20.13,539.1,3,Yes
CUST-13850,Female,0,Yes,No,13,Yes,No,Fiber optic,Yes,No,No,Yes,Yes,Yes,One year,Yes,Electronic check,89.91,1171.68,1,No
CUST-13851,Male,1,Yes,Yes,24,Yes,No,No,No internet service,No internet service,No internet service,No internet service,No internet service,No internet service,Month-to-month,Yes,Electronic check,19.52,465.79,0,No
CUST-13852,Male,1,No,Yes,7,No,No phone service,DSL,Yes,No,Yes,Yes,No,No,Month-to-month,Yes,Electronic check,60.0,419.73,2,No
CUST-13853,Male,0,No,No,4,Yes,No,Fiber optic,No,No,No,Yes,Yes,Yes,Two year,Yes,Credit card (automatic),84.73,341.67,0,No
CUST-13854,Female,0,Yes,No,21,Yes,Yes,No,No internet service,No internet service,No internet service,No internet service,No internet service,No internet service,Month-to-month,Yes,Credit card (automatic),18.0,366.97,0,Yes
CUST-13855,Male,0,Yes,No,22,No,No phone service,Fiber optic,No,Yes,Yes,No,Yes,Yes,Month-to-month,No,Electronic check,92.27,2055.55,1,No
CUST-13856,Female,0,No,Yes,11,Yes,Yes,Fiber optic,No,Yes,No,No,Yes,Yes,Two year,No,Credit card (automatic),92.43,976.43,0,No
CUST-13857,Male,0,No,No,67,No,No phone service,DSL,No,Yes,Yes,Yes,No,Yes,Month-to-month,No,Electronic check,54.97,3704.43,0,No
CUST-13858,Female,1,Yes,No,13,Yes,Yes,DSL,No,No,Yes,No,No,No,Two year,Yes,Electronic check,48.76,617.61,0,Yes
CUST-13859,Male,0,Yes,No,13,Yes,Yes,DSL,No,Yes,No,No,No,Yes,Two year,Yes,Bank transfer (automatic),50.68,619.77,1,No
CUST-13860,Female,0,Yes,Yes,25,Yes,No,Fiber optic,No,No,No,No,No,Yes,Month-to-month,No,Electronic check,78.07,1960.53,0,Yes
CUST-13861,Female,1,No,No,23,Yes,Yes,DSL,No,No,Yes,Yes,No,No,Month-to-month,No,Electronic check,53.85,1250.28,2,Yes
CUST-13862,Male,1,No,Yes,13,No,No phone service,DSL,No,Yes,No,No,No,Yes,Month-to-month,Yes,Bank transfer (automatic),61.75,797.88,2,No
CUST-13863,Female,0,Yes,Yes,33,Yes,No,Fiber optic,Yes,Yes,Yes,No,Yes,Yes,Month-to-month,No,Credit card (automatic),102.49,3393.3,1,Yes
CUST-13864,Female,0,No,No,33,Yes,Yes,Fiber optic,Yes,No,Yes,No,Yes,No,One year,No,Mailed check,82.2,2674.96,0,No
CUST-13865,Female,0,No,Yes,25,Yes,No,Fiber optic,No,No,No,No,No,Yes,Month-to-month,Yes,Electronic check,76.9,1947.64,3,Yes
CUST-13866,Female,0,Yes,Yes,29,Yes,Yes,No,No internet service,No internet service,No internet service,No internet service,No internet service,No internet service,Month-to-month,Yes,Mailed check,25.67,721.72,2,No
CUST-13867,Female,0,Yes,No,24,Yes,No,Fiber optic,No,No,No,No,Yes,No,Month-to-month,Yes,Bank transfer (automatic),73.86,1789.45,1,Yes
CUST-13868,Female,0,No,Yes,23,Yes,Yes,Fiber optic,No,Yes,Yes,Yes,No,Yes,Month-to-month,No,Bank transfer (automatic),91.87,2114.09,2,Yes
CUST-13869,Female,1,No,No,7,Yes,No,Fiber optic,Yes,Yes,No,Yes,Yes,No,One year,Yes,Credit card (automatic),88.73,622.75,0,No
CUST-13870,Female,0,No,Yes,26,No,No phone service,DSL,No,Yes,Yes,No,No,No,One year,No,Credit card (automatic),54.81,1391.92,0,No
CUST-13871,Male,0,No,No,46,Yes,Yes,Fiber optic,No,No,Yes,No,Yes,No,One year,No,Credit card (automatic),82.54,3834.34,0,No
CUST-13872,Male,0,Yes,No,29,Yes,Yes,Fiber optic,No,No,Yes,No,No,No,Two year,Yes,Bank transfer (automatic),78.44,2298.51,0,Yes
CUST-13873,Female,0,Yes,Yes,19,Yes,No,Fiber optic,Yes,No,Yes,Yes,Yes,No,Month-to-month,Yes,Mailed check,95.76,1804.18,0,Yes
CUST-13874,Female,1,No,No,45,Yes,Yes,DSL,Yes,Yes,Yes,Yes,No,No,One year,Yes,Bank transfer (automatic),66.6,3026.05,0,No
CUST-13875,Male,0,Yes,No,29,Yes,Yes,DSL,Yes,No,No,No,Yes,Yes,Month-to-month,No,Bank transfer (automatic),57.36,1656.33,1,No
CUST-13876,Male,0,No,Yes,13,Yes,No,Fiber optic,No,Yes,No,No,No,Yes,Two year,No,Electronic check,79.07,1020.18,0,No
CUST-13877,Male,0,No,No,45,No,No phone service,DSL,No,No,No,No,No,Yes,Month-to-month,No,Mailed check,56.47,2515.86,2,No
CUST-13878,Female,0,No,Yes,16,Yes,Yes,No,No internet service,No internet service,No internet service,No internet service,No internet service,No internet service,Two year,Yes,Electronic check,27.12,430.01,0,No
CUST-13879,Male,0,Yes,Yes,9,Yes,No,No,No internet service,No internet service,No internet service,No internet service,No internet service,No internet service,One year,Yes,Credit card (automatic),19.3,173.03,0,No
CUST-13880,Female,0,No,Yes,12,Yes,No,Fiber optic,No,No,No,No,Yes,No,One year,No,Electronic check,76.85,906.76,0,Yes
CUST-13881,Female,0,No,No,15,Yes,No,No,No internet service,No internet service,No internet service,No internet service,No internet service,No internet service,Month-to-month,Yes,Credit card (automatic),20.46,321.57,0,No
CUST-13882,Male,0,No,No,7,Yes,No,Fiber optic,No,Yes,No,No,Yes,Yes,Month-to-month,Yes,Mailed check,86.79,638.59,1,Yes
CUST-13883,Female,0,No,No,58,Yes,No,Fiber optic,Yes,No,No,No,No,Yes,Month-to-month,Yes,Bank transfer (automatic),69.55,4048.49,0,Yes
CUST-13884,Female,1,Yes,No,4,Yes,Yes,Fiber optic,No,No,No,No,Yes,No,Month-to-month,Yes,Electronic check,69.47,245.67,3,Yes
CUST-13885,Female,1,Yes,No,36,Yes,No,DSL,No,No,Yes,No,No,Yes,Two year,Yes,Bank transfer (automatic),59.58,2115.37,0,No
CUST-13886,Female,0,Yes,No,30,Yes,No,Fiber optic,No,Yes,No,No,No,No,Two year,Yes,Electronic check,76.42,2297.11,0,Yes
CUST-13887,Male,0,Yes,No,28,Yes,No,DSL,No,No,Yes,Yes,Yes,No,Two year,No,Mailed check,66.56,1883.43,0,No
CUST-13888,Male,0,No,No,33,Yes,No,No,No internet service,No internet service,No internet service,No internet service,No internet service,No internet service,Month-to-month,Yes,Electronic check,19.33,633.12,0,Yes
CUST-13889,Female,0,No,Yes,21,Yes,No,Fiber optic,No,Yes,Yes,No,No,Yes,Month-to-month,No,Mailed check,80.43,1691.04,1,Yes
CUST-13890,Female,0,No,No,36,Yes,No,DSL,Yes,Yes,Yes,No,No,Yes,One year,Yes,Credit card (automatic),66.34,2389.42,0,No
CUST-13891,Male,1,No,No,22,Yes,Yes,No,No internet service,No internet service,No internet service,No internet service,No internet service,No internet service,Month-to-month,Yes,Bank transfer (automatic),25.0,544.28,2,Yes
CUST-13892,Female,1,Yes,No,18,Yes,Yes,No,No internet service,No internet service,No internet service,No internet service,No internet service,No internet service,Two year,Yes,Electronic check,21.34,392.99,1,No
CUST-13893,Male,0,No,No,7,Yes,No,No,No internet service,No internet service,No internet service,No internet service,No internet service,No internet service,One year,No,Mailed check,18.0,132.35,0,No
CUST-13894,Female,0,Yes,No,31,Yes,Yes,Fiber optic,No,Yes,No,No,Yes,No,Month-to-month,No,Credit card (automatic),76.13,2380.0,4,No
CUST-13895,Female,1,Yes,No,31,Yes,Yes,Fiber optic,No,Yes,No,Yes,No,No,One year,Yes,Bank transfer (automatic),77.7,2387.29,1,No
CUST-13896,Male,0,No,No,24,Yes,No,Fiber optic,No,Yes,Yes,No,Yes,Yes,One year,Yes,Electronic check,84.69,1998.92,0,Yes
CUST-13897,Male,0,No,No,42,Yes,No,DSL,No,No,No,No,No,No,One year,Yes,Electronic check,42.84,1798.91,1,No
CUST-13898,Male,0,No,Yes,53,Yes,Yes,DSL,Yes,Yes,Yes,No,Yes,No,Month-to-month,No,Mailed check,71.47,3779.18,2,Yes
CUST-13899,Male,0,Yes,No,16,Yes,No,Fiber optic,Yes,No,No,Yes,No,Yes,Month-to-month,No,Electronic check,81.38,1289.28,1,No
CUST-13900,Female,0,No,No,37,Yes,No,Fiber optic,No,Yes,No,Yes,Yes,No,Month-to-month,No,Bank transfer (automatic),90.59,3334.14,1,Yes
CUST-13901,Male,0,Yes,No,7,Yes,No,Fiber optic,Yes,Yes,No,No,Yes,Yes,One year,Yes,Bank transfer (automatic),94.42,680.77,0,No
CUST-13902,Female,0,Yes,No,25,Yes,No,DSL,No,Yes,No,No,No,Yes,Month-to-month,Yes,Electronic check,53.49,1334.9,4,Yes
CUST-13903,Male,0,No,No,21,Yes,No,DSL,No,No,Yes,No,No,Yes,One year,No,Mailed check,57.67,1257.92,0,No
CUST-13904,Male,0,No,Yes,43,Yes,Yes,Fiber optic,Yes,No,No,No,No,No,Month-to-month,No,Credit card (automatic),73.23,3143.74,3,Yes
CUST-13905,Female,0,No,No,17,Yes,No,DSL,Yes,No,No,Yes,No,No,Two year,Yes,Mailed check,58.89,987.89,0,No
CUST-13906,Male,0,No,No,54,No,No phone service,DSL,Yes,No,No,No,Yes,Yes,Two year,Yes,Electronic check,72.37,3926.76,3,No
CUST-13907,Male,0,No,No,20,No,No phone service,Fiber optic,No,Yes,Yes,Yes,No,Yes,One year,No,Bank transfer (automatic),102.01,2080.26,1,No
CUST-13908,Male,1,No,No,7,Yes,Yes,DSL,No,No,No,Yes,No,No,Month-to-month,Yes,Electronic check,39.35,265.5,1,No
CUST-13909,Male,0,No,Yes,5,Yes,No,No,No internet service,No internet service,No internet service,No internet service,No internet service,No internet service,Month-to-month,Yes,Credit card (automatic),18.23,108.54,3,Yes
CUST-13910,Female,0,No,No,40,Yes,No,Fiber optic,Yes,Yes,Yes,No,Yes,Yes,Month-to-month,Yes,Credit card (automatic),94.88,3769.9,4,Yes
CUST-13911,Female,1,No,No,7,Yes,Yes,Fiber optic,No,No,No,Yes,No,No,Month-to-month,Yes,Credit card (automatic),78.67,545.67,4,No
CUST-13912,Male,0,No,No,34,Yes,No,DSL,Yes,Yes,No,Yes,No,No,One year,Yes,Mailed check,66.48,2238.25,0,No
CUST-13913,Male,0,Yes,No,39,No,No phone service,Fiber optic,Yes,No,No,No,No,No,Two year,No,Bank transfer (automatic),79.14,3095.54,0,No
CUST-13914,Male,0,No,No,13,Yes,No,Fiber optic,No,No,No,No,Yes,Yes,Month-to-month,Yes,Credit card (automatic),83.09,1075.97,1,No
CUST-13915,Female,0,No,No,29,Yes,No,No,No internet service,No internet service,No internet service,No internet service,No internet service,No internet service,Month-to-month,Yes,Electronic check,18.0,508.7,2,No
CUST-13916,Female,0,Yes,No,67,Yes,No,Fiber optic,No,No,Yes,No,Yes,Yes,One year,No,Electronic check,93.17,6263.13,0,No
CUST-13917,Female,1,No,No,21,Yes,No,Fiber optic,No,No,No,Yes,Yes,Yes,Two year,No,Mailed check,83.99,1739.98,1,No
CUST-13918,Female,0,Yes,No,5,Yes,No,DSL,No,No,No,No,No,Yes,Month-to-month,No,Credit card (automatic),43.2,257.53,1,No
CUST-13919,Male,0,No,No,14,Yes,No,Fiber optic,Yes,No,No,No,No,No,Month-to-month,No,Mailed check,66.81,947.35,1,No
CUST-13920,Male,1,No,No,72,Yes,Yes,DSL,No,No,No,Yes,Yes,Yes,Two year,No,Mailed check,60.09,4346.2,0,No
CUST-13921,Male,0,Yes,Yes,41,No,No phone service,DSL,No,No,Yes,Yes,No,Yes,Month-to-month,No,Bank transfer (automatic),66.69,2759.98,0,Yes
CUST-13922,Female,0,Yes,No,8,Yes,Yes,Fiber optic,No,No,No,No,No,Yes,One year,No,Bank transfer (automatic),70.4,580.66,1,No
CUST-13923,Male,0,No,Yes,52,Yes,No,DSL,No,No,No,Yes,No,Yes,One year,No,Electronic check,59.25,3045.39,0,No
CUST-13924,Female,0,Yes,Yes,54,Yes,Yes,Fiber optic,No,No,Yes,No,No,Yes,Month-to-month,No,Mailed check,77.44,4149.2,0,Yes
CUST-13925,Female,0,Yes,No,17,Yes,Yes,No,No internet service,No internet service,No internet service,No internet service,No internet service,No internet service,Month-to-month,No,Bank transfer (automatic),18.0,285.97,2,Yes
CUST-13926,Male,0,Yes,No,7,Yes,Yes,Fiber optic,Yes,Yes,Yes,No,No,No,Two year,No,Bank transfer (automatic),78.96,543.95,2,No
CUST-13927,Male,0,No,No,49,Yes,Yes,DSL,No,No,No,No,Yes,No,Month-to-month,No,Bank transfer (automatic),54.54,2699.64,2,No
CUST-13928,Male,0,No,Yes,72,Yes,No,DSL,No,No,Yes,No,No,Yes,Month-to-month,No,Mailed check,53.18,3800.59,3,No
CUST-13929,Female,0,No,No,13,Yes,No,Fiber optic,No,No,No,No,No,Yes,Month-to-month,Yes,Credit card (automatic),76.88,979.69,0,No
CUST-13930,Female,0,Yes,No,40,Yes,No,Fiber optic,Yes,Yes,No,Yes,Yes,No,Month-to-month,No,Mailed check,91.69,3655.62,3,No
CUST-13931,Male,0,No,No,13,Yes,Yes,Fiber optic,No,Yes,Yes,Yes,No,Yes,One year,Yes,Mailed check,90.9,1183.61,1,No
CUST-13932,Male,0,No,No,13,Yes,No,Fiber optic,No,No,No,No,Yes,Yes,Two year,Yes,Bank transfer (automatic),81.23,1066.66,2,Yes
CUST-13933,Female,0,Yes,No,29,Yes,No,Fiber optic,Yes,No,No,Yes,No,Yes,Two year,No,Credit card (automatic),89.36,2571.29,0,No
CUST-13934,Male,1,No,Yes,11,Yes,Yes,DSL,Yes,No,No,Yes,No,Yes,Month-to-month,Yes,Bank transfer (automatic),66.25,760.46,4,Yes
CUST-13935,Female,0,No,No,23,Yes,No,Fiber optic,Yes,Yes,No,No,No,No,Month-to-month,Yes,Electronic check,76.66,1773.74,2,No
CUST-13936,Female,0,No,No,55,Yes,No,No,No internet service,No internet service,No internet service,No internet service,No internet service,No internet service,Month-to-month,Yes,Electronic check,18.0,995.03,0,No
CUST-13937,Male,0,Yes,No,6,Yes,No,DSL,No,No,No,Yes,No,No,Two year,Yes,Electronic check,60.97,368.79,0,No
CUST-13938,Male,0,Yes,Yes,43,Yes,Yes,Fiber optic,No,No,No,No,No,No,Month-to-month,Yes,Electronic check,69.51,2959.16,4,Yes
CUST-13939,Male,0,Yes,No,28,Yes,No,Fiber optic,Yes,No,No,Yes,No,Yes,Month-to-month,No,Bank transfer (automatic),89.08,2491.84,2,No
CUST-13940,Male,0,Yes,No,33,Yes,Yes,Fiber optic,Yes,Yes,No,No,No,Yes,Two year,No,Credit card (automatic),82.14,2712.18,0,No
CUST-13941,Female,1,No,Yes,26,Yes,No,Fiber optic,No,Yes,No,No,Yes,No,Month-to-month,Yes,Bank transfer (automatic),75.6,1981.85,1,No
CUST-13942,Female,0,Yes,No,60,Yes,No,No,No internet service,No internet service,No internet service,No internet service,No internet service,No internet service,Month-to-month,No,Electronic check,18.0,1095.51,3,No
CUST-13943,Female,0,No,No,32,Yes,Yes,Fiber optic,Yes,Yes,No,No,Yes,No,Month-to-month,No,Electronic check,84.54,2734.34,0,No
CUST-13944,Male,0,Yes,No,18,No,No phone service,Fiber optic,Yes,Yes,Yes,No,Yes,No,One year,Yes,Bank transfer (automatic),92.84,1676.51,0,No
CUST-13945,Female,0,Yes,No,28,Yes,Yes,Fiber optic,No,No,Yes,No,Yes,Yes,One year,No,Bank transfer (automatic),97.39,2702.65,0,Yes
CUST-13946,Male,0,No,Yes,17,Yes,No,No,No internet service,No internet service,No internet service,No internet service,No internet service,No internet service,One year,Yes,Credit card (automatic),22.43,404.85,3,No
CUST-13947,Male,0,Yes,No,14,Yes,No,No,No internet service,No internet service,No internet service,No internet service,No internet service,No internet service,Month-to-month,No,Credit card (automatic),18.0,285.62,3,Yes
CUST-13948,Male,1,No,No,51,Yes,No,No,No internet service,No internet service,No internet service,No internet service,No internet service,No internet service,Month-to-month,Yes,Credit card (automatic),18.55,958.03,5,No
CUST-13949,Male,0,Yes,No,17,Yes,No,DSL,Yes,No,Yes,Yes,No,No,One year,No,Mailed check,57.36,1008.29,1,No
CUST-13950,Male,0,Yes,No,4,Yes,No,DSL,No,No,No,No,No,No,Two year,Yes,Bank transfer (automatic),35.53,147.69,2,Yes
CUST-13951,Male,0,No,Yes,33,Yes,No,Fiber optic,No,No,Yes,Yes,No,Yes,Month-to-month,Yes,Electronic check,86.29,2839.03,0,Yes
CUST-13952,Female,0,No,No,18,Yes,Yes,DSL,No,No,No,Yes,Yes,Yes,Month-to-month,Yes,Electronic check,55.27,984.21,1,Yes
CUST-13953,Male,0,Yes,No,68,Yes,No,Fiber optic,Yes,No,Yes,Yes,No,No,One year,No,Electronic check,90.07,6097.58,0,No
CUST-13954,Female,0,Yes,Yes,37,Yes,No,DSL,No,Yes,No,No,No,Yes,Month-to-month,Yes,Electronic check,54.56,2014.88,1,Yes
CUST-13955,Female,0,No,No,66,No,No phone service,Fiber optic,No,Yes,No,Yes,No,No,Month-to-month,Yes,Electronic check,81.94,5383.74,0,No
CUST-13956,Male,0,No,No,43,Yes,No,Fiber optic,No,No,No,No,No,No,Month-to-month,Yes,Credit card (automatic),67.59,2955.32,3,Yes
CUST-13957,Male,0,No,No,52,Yes,No,Fiber optic,Yes,No,No,No,No,No,Two year,Yes,Mailed check,79.2,4100.84,1,No
CUST-13958,Male,0,Yes,No,32,Yes,No,DSL,No,No,No,Yes,No,No,One year,No,Credit card (automatic),58.03,1878.83,0,No
CUST-13959,Female,1,No,No,45,Yes,No,No,No internet service,No internet service,No internet service,No internet service,No internet service,No internet service,Month-to-month,Yes,Credit card (automatic),18.0,780.52,1,No
CUST-13960,Male,0,Yes,No,12,Yes,Yes,Fiber optic,No,Yes,No,No,No,Yes,Two year,No,Credit card (automatic),81.29,966.75,1,No
CUST-13961,Female,0,Yes,Yes,43,Yes,No,Fiber optic,No,Yes,No,No,No,No,Month-to-month,Yes,Credit card (automatic),81.64,3506.19,1,No
CUST-13962,Male,1,No,No,7,Yes,Yes,Fiber optic,No,No,Yes,No,No,No,Month-to-month,Yes,Bank transfer (automatic),85.47,591.99,0,Yes
CUST-13963,Male,0,Yes,Yes,23,Yes,Yes,Fiber optic,Yes,Yes,Yes,Yes,Yes,Yes,Month-to-month,Yes,Mailed check,107.09,2462.28,1,No
CUST-13964,Female,0,Yes,No,15,No,No phone service,Fiber optic,Yes,Yes,Yes,No,Yes,No,Month-to-month,No,Bank transfer (automatic),92.64,1408.61,1,Yes
CUST-13965,Female,0,Yes,Yes,30,Yes,No,DSL,Yes,No,No,No,No,Yes,Two year,No,Credit card (automatic),58.28,1781.9,1,No
CUST-13966,Male,1,Yes,Yes,17,Yes,No,No,No internet service,No internet service,No internet service,No internet service,No internet service,No internet service,Month-to-month,Yes,Credit card (automatic),18.0,311.22,2,Yes
CUST-13967,Female,0,No,Yes,7,Yes,No,Fiber optic,No,No,No,No,Yes,Yes,Month-to-month,No,Credit card (automatic),75.5,524.57,4,No
CUST-13968,Female,0,No,No,7,Yes,Yes,Fiber optic,Yes,No,No,No,No,No,Two year,No,Bank transfer (automatic),74.87,503.76,1,No
CUST-13969,Female,0,Yes,No,8,Yes,No,DSL,Yes,No,Yes,Yes,No,No,Month-to-month,Yes,Mailed check,61.73,491.43,1,Yes
CUST-13970,Female,0,No,No,30,Yes,No,No,No internet service,No internet service,No internet service,No internet service,No internet service,No internet service,Month-to-month,Yes,Credit card (automatic),18.84,536.87,1,No
CUST-13971,Female,0,No,Yes,31,Yes,Yes,DSL,No,No,Yes,No,Yes,No,Month-to-month,Yes,Credit card (automatic),57.02,1763.48,2,Yes
CUST-13972,Male,0,No,No,17,Yes,No,Fiber optic,Yes,Yes,No,Yes,No,No,Two year,Yes,Mailed check,86.06,1511.32,0,No
CUST-13973,Male,0,Yes,No,34,Yes,Yes,No,No internet service,No internet service,No internet service,No internet service,No internet service,No internet service,Month-to-month,Yes,Bank transfer (automatic),26.49,935.89,2,Yes
CUST-13974,Female,0,No,No,21,No,No phone service,Fiber optic,No,No,Yes,No,No,Yes,Month-to-month,No,Credit card (automatic),84.26,1776.14,1,No
CUST-13975,Male,0,No,No,33,Yes,No,Fiber optic,No,No,Yes,Yes,No,No,One year,Yes,Mailed check,72.81,2423.4,1,No
CUST-13976,Male,0,Yes,No,24,Yes,No,Fiber optic,No,No,Yes,Yes,No,No,Two year,Yes,Credit card (automatic),78.67,1876.6,1,No
CUST-13977,Female,0,Yes,No,44,Yes,No,Fiber optic,No,Yes,No,No,No,Yes,Two year,Yes,Electronic check,80.06,3505.92,1,No
CUST-13978,Male,0,Yes,Yes,12,Yes,Yes,DSL,Yes,No,No,No,No,No,Month-to-month,Yes,Mailed check,58.31,683.35,1,No
CUST-13979,Female,0,No,Yes,4,Yes,No,DSL,No,No,Yes,Yes,No,No,Two year,Yes,Mailed check,53.6,210.41,1,No
CUST-13980,Female,0,Yes,No,22,Yes,Yes,Fiber optic,Yes,No,Yes,No,Yes,Yes,Two year,No,Bank transfer (automatic),95.91,2130.88,0,No
CUST-13981,Male,0,No,No,26,Yes,No,No,No internet service,No internet service,No internet service,No internet service,No internet service,No internet service,One year,Yes,Electronic check,18.0,445.48,0,No
CUST-13982,Female,1,Yes,Yes,9,Yes,No,Fiber optic,No,No,No,No,No,No,One year,No,Electronic check,67.87,623.01,0,No
CUST-13983,Female,0,No,No,11,Yes,No,Fiber optic,No,Yes,No,No,No,No,Month-to-month,Yes,Credit card (automatic),79.13,887.94,1,Yes
CUST-13984,Female,1,Yes,No,37,Yes,Yes,Fiber optic,Yes,Yes,No,No,No,No,One year,No,Electronic check,84.89,3145.46,0,No
CUST-13985,Female,0,No,No,37,Yes,No,No,No internet service,No internet service,No internet service,No internet service,No internet service,No internet service,One year,Yes,Electronic check,27.75,1013.51,0,No
CUST-13986,Female,0,No,No,21,Yes,No,No,No internet service,No internet service,No internet service,No internet service,No internet service,No internet service,Month-to-month,No,Bank transfer (automatic),23.11,493.81,1,No
CUST-13987,Male,0,Yes,Yes,5,No,No phone service,Fiber optic,No,Yes,Yes,Yes,No,Yes,Month-to-month,No,Mailed check,96.36,485.64,2,Yes
CUST-13988,Male,0,Yes,No,36,Yes,No,DSL,No,No,Yes,No,No,No,Month-to-month,Yes,Credit card (automatic),48.89,1774.7,3,Yes
CUST-13989,Female,0,Yes,Yes,26,Yes,No,Fiber optic,No,Yes,No,No,Yes,No,Two year,No,Mailed check,82.14,2159.56,0,No
CUST-13990,Female,1,No,No,15,Yes,No,DSL,No,Yes,No,No,Yes,Yes,One year,Yes,Bank transfer (automatic),64.43,942.91,0,No
CUST-13991,Male,0,No,Yes,47,No,No phone service,No,No internet service,No internet service,No internet service,No internet service,No internet service,No internet service,Month-to-month,Yes,Mailed check,25.27,1196.5,2,No
CUST-13992,Female,0,Yes,No,1,Yes,Yes,Fiber optic,No,No,Yes,No,No,No,Two year,No,Credit card (automatic),73.54,85.75,1,Yes
CUST-13993,Male,0,Yes,No,23,Yes,No,Fiber optic,Yes,Yes,No,No,Yes,No,One year,Yes,Electronic check,86.76,2005.07,0,No
CUST-13994,Female,1,Yes,No,36,Yes,Yes,No,No internet service,No internet service,No internet service,No internet service,No internet service,No internet service,Two year,Yes,Mailed check,21.6,787.73,1,No
CUST-13995,Female,0,No,Yes,7,Yes,No,No,No internet service,No internet service,No internet service,No internet service,No internet service,No internet service,Month-to-month,Yes,Credit card (automatic),24.64,165.74,1,Yes
CUST-13996,Female,0,No,Yes,6,Yes,No,No,No internet service,No internet service,No internet service,No internet service,No internet service,No internet service,Month-to-month,Yes,Bank transfer (automatic),22.12,111.67,0,Yes
CUST-13997,Female,1,No,Yes,72,Yes,Yes,DSL,Yes,Yes,Yes,No,Yes,Yes,One year,No,Bank transfer (automatic),67.29,4814.05,1,No
CUST-13998,Female,0,Yes,No,37,Yes,No,DSL,Yes,No,Yes,No,No,No,Month-to-month,Yes,Electronic check,58.97,2202.92,1,No
CUST-13999,Female,0,Yes,No,60,Yes,Yes,DSL,No,No,No,No,No,No,Month-to-month,Yes,Mailed check,54.41,3264.97,2,Yes
CUST-14000,Female,0,No,No,45,Yes,No,Fiber optic,No,No,No,No,No,Yes,Month-to-month,Yes,Electronic check,69.04,3114.15,0,Yes
CUST-14001,Male,0,Yes,Yes,31,Yes,Yes,Fiber optic,No,No,No,Yes,Yes,No,Two year,Yes,Electronic check,90.81,2818.44,0,No
CUST-14002,Male,0,No,Yes,72,Yes,No,DSL,No,No,No,No,Yes,Yes,Month-to-month,Yes,Mailed check,54.02,3886.07,2,Yes
CUST-14003,Male,0,Yes,Yes,28,Yes,Yes,Fiber optic,No,No,Yes,No,Yes,Yes,Month-to-month,Yes,Credit card (automatic),82.64,2335.48,3,No
CUST-14004,Female,0,Yes,No,22,Yes,Yes,DSL,No,Yes,No,No,No,Yes,Month-to-month,Yes,Electronic check,53.53,1171.63,3,Yes
CUST-14005,Female,0,No,No,45,Yes,Yes,Fiber optic,No,No,Yes,No,No,Yes,Month-to-month,No,Electronic check,80.63,3642.95,0,Yes
CUST-14006,Female,0,No,No,48,Yes,Yes,Fiber optic,No,No,Yes,Yes,No,No,Two year,Yes,Electronic check,80.89,3880.82,2,No
CUST-14007,Female,0,No,No,34,No,No phone service,Fiber optic,No,No,No,No,No,No,Month-to-month,Yes,Credit card (automatic),70.52,2353.64,2,Yes
CUST-14008,Female,0,Yes,Yes,15,Yes,Yes,No,No internet service,No internet service,No internet service,No internet service,No internet service,No internet service,One year,No,Mailed check,18.0,257.88,0,No
CUST-14009,Female,0,Yes,Yes,45,Yes,Yes,Fiber optic,No,No,Yes,No,No,Yes,Month-to-month,No,Mailed check,83.77,3792.08,1,No
CUST-14010,Female,0,No,No,15,Yes,Yes,DSL,Yes,Yes,No,No,No,Yes,Month-to-month,No,Credit card (automatic),69.1,1018.07,2,Yes
CUST-14011,Male,0,No,No,25,No,No phone service,DSL,No,No,Yes,No,No,Yes,Two year,No,Electronic check,47.99,1213.25,1,No
CUST-14012,Female,0,No,No,11,Yes,Yes,Fiber optic,Yes,No,No,No,No,No,Two year,Yes,Mailed check,76.57,849.18,0,No
CUST-14013,Male,0,Yes,Yes,12,Yes,No,No,No internet service,No internet service,No internet service,No internet service,No internet service,No internet service,Month-to-month,No,Electronic check,18.0,217.89,2,No
CUST-14014,Male,0,No,Yes,21,Yes,Yes,No,No internet service,No internet service,No internet service,No internet service,No internet service,No internet service,Month-to-month,Yes,Electronic check,18.0,381.66,1,No
CUST-14015,Female,1,No,Yes,31,Yes,No,No,No internet service,No internet service,No internet service,No internet service,No internet service,No internet service,Month-to-month,No,Electronic check,24.59,774.9,1,No
CUST-14016,Female,0,No,Yes,72,Yes,Yes,Fiber optic,No,No,Yes,No,Yes,No,Month-to-month,Yes,Mailed check,90.94,6553.69,1,Yes
CUST-14017,Male,0,No,Yes,14,Yes,No,Fiber optic,Yes,No,Yes,Yes,Yes,Yes,One year,No,Mailed check,97.34,1342.29,0,No
CUST-14018,Male,0,Yes,No,26,Yes,No,Fiber optic,No,Yes,No,Yes,Yes,Yes,Month-to-month,No,Electronic check,96.08,2520.42,1,No
CUST-14019,Female,0,No,Yes,22,No,No phone service,Fiber optic,No,No,Yes,No,No,Yes,One year,Yes,Electronic check,68.76,1550.51,0,No
CUST-14020,Female,0,No,Yes,32,Yes,No,DSL,Yes,No,No,Yes,No,No,One year,Yes,Electronic check,50.88,1601.61,2,No
CUST-14021,Male,0,No,No,19,Yes,No,DSL,No,Yes,Yes,No,Yes,No,Month-to-month,Yes,Electronic check,54.88,1033.1,1,No
CUST-14022,Female,1,No,No,38,Yes,Yes,Fiber optic,No,Yes,Yes,No,No,No,One year,No,Electronic check,86.7,3327.08,0,No
CUST-14023,Female,0,No,No,10,Yes,Yes,DSL,Yes,No,No,No,Yes,No,Two year,Yes,Electronic check,62.15,610.37,0,No
CUST-14024,Female,0,No,No,24,Yes,No,No,No internet service,No internet service,No internet service,No internet service,No internet service,No internet service,One year,Yes,Credit card (automatic),25.09,612.33,1,No
CUST-14025,Male,0,Yes,No,31,Yes,No,Fiber optic,No,No,No,Yes,No,No,Two year,No,Bank transfer (automatic),77.71,2406.78,0,Yes
CUST-14026,Male,0,Yes,Yes,50,No,No phone service,Fiber optic,Yes,Yes,No,No,No,No,One year,No,Bank transfer (automatic),74.29,3742.2,0,No
CUST-14027,Male,1,Yes,No,38,No,No phone service,DSL,No,No,No,Yes,No,No,One year,No,Credit card (automatic),45.56,1726.14,0,No
CUST-14028,Female,0,Yes,Yes,24,Yes,No,Fiber optic,Yes,No,Yes,Yes,Yes,Yes,Two year,Yes,Bank transfer (automatic),109.95,2605.04,0,No
CUST-14029,Female,0,Yes,Yes,12,Yes,No,Fiber optic,No,No,Yes,No,Yes,No,One year,No,Bank transfer (automatic),74.42,905.44,0,No
CUST-14030,Male,0,Yes,No,72,No,No phone service,Fiber optic,No,Yes,Yes,Yes,No,Yes,Month-to-month,No,Bank transfer (automatic),85.71,6193.86,1,Yes
CUST-14031,Male,0,Yes,No,13,Yes,No,Fiber optic,Yes,Yes,Yes,No,No,No,Month-to-month,Yes,Bank transfer (automatic),85.74,1122.91,2,Yes
CUST-14032,Male,0,Yes,No,8,Yes,Yes,No,No internet service,No internet service,No internet service,No internet service,No internet service,No internet service,Two year,Yes,Credit card (automatic),25.79,190.6,3,No
CUST-14033,Female,0,Yes,No,14,Yes,No,Fiber optic,No,Yes,No,No,Yes,No,Month-to-month,No,Electronic check,89.06,1241.4,2,Yes
CUST-14034,Male,0,Yes,No,6,Yes,No,Fiber optic,No,Yes,Yes,No,No,No,Month-to-month,No,Electronic check,83.25,504.68,0,Yes
CUST-14035,Male,0,No,No,31,Yes,No,DSL,Yes,Yes,No,No,No,Yes,Month-to-month,No,Electronic check,62.97,1964.53,0,Yes
CUST-14036,Female,0,No,No,23,Yes,Yes,Fiber optic,No,No,Yes,No,Yes,Yes,One year,Yes,Credit card (automatic),86.37,2002.43,1,No
CUST-14037,Female,0,Yes,No,20,Yes,Yes,No,No internet service,No internet service,No internet service,No internet service,No internet service,No internet service,One year,Yes,Mailed check,18.37,364.03,1,No
CUST-14038,Female,0,No,No,22,Yes,No,No,No internet service,No internet service,No internet service,No internet service,No internet service,No internet service,Month-to-month,No,Credit card (automatic),22.09,496.3,4,Yes
CUST-14039,Male,0,No,Yes,15,Yes,No,DSL,No,Yes,No,No,Yes,No,Month-to-month,Yes,Mailed check,54.52,803.85,0,Yes
CUST-14040,Female,0,Yes,No,3,Yes,Yes,No,No internet service,No internet service,No internet service,No internet service,No internet service,No internet service,Two year,No,Mailed check,30.22,123.34,1,No
CUST-14041,Female,0,No,No,45,Yes,No,DSL,No,No,No,No,No,No,One year,Yes,Mailed check,38.07,1675.37,2,No
CUST-14042,Male,0,No,Yes,16,Yes,Yes,Fiber optic,No,No,No,Yes,No,No,Two year,Yes,Bank transfer (automatic),69.01,1141.47,0,No
CUST-14043,Female,0,No,No,7,Yes,No,No,No internet service,No internet service,No internet service,No internet service,No internet service,No internet service,Month-to-month,Yes,Bank transfer (automatic),19.23,104.67,1,Yes
CUST-14044,Male,1,Yes,No,4,No,No phone service,Fiber optic,No,No,No,No,No,No,One year,Yes,Mailed check,63.84,245.39,1,No
CUST-14045,Male,0,No,Yes,56,Yes,No,Fiber optic,No,No,No,No,No,No,One year,No,Bank transfer (automatic),76.51,4253.21,0,No
CUST-14046,Female,0,Yes,Yes,18,Yes,Yes,DSL,Yes,No,Yes,No,No,Yes,Month-to-month,Yes,Electronic check,63.59,1155.26,1,No
CUST-14047,Female,0,No,No,18,Yes,No,DSL,No,Yes,Yes,No,Yes,No,Two year,No,Mailed check,66.31,1201.88,1,No
CUST-14048,Female,0,No,No,33,Yes,Yes,No,No internet service,No internet service,No internet service,No internet service,No internet service,No internet service,Month-to-month,No,Mailed check,18.0,582.04,2,No
CUST-14049,Female,0,No,No,15,Yes,Yes,No,No internet service,No internet service,No internet service,No internet service,No internet service,No internet service,One year,Yes,Credit card (automatic),18.0,243.02,1,No
CUST-14050,Female,1,No,Yes,6,Yes,Yes,No,No internet service,No internet service,No internet service,No internet service,No internet service,No internet service,One year,No,Credit card (automatic),21.82,149.94,0,No
CUST-14051,Female,0,Yes,Yes,14,Yes,Yes,DSL,Yes,Yes,Yes,Yes,Yes,Yes,Month-to-month,No,Mailed check,80.37,1120.03,0,No
CUST-14052,Male,1,No,No,28,Yes,Yes,No,No internet service,No internet service,No internet service,No internet service,No internet service,No internet service,One year,No,Electronic check,26.62,746.78,0,No
CUST-14053,Male,0,No,No,14,Yes,No,DSL,No,No,No,Yes,Yes,Yes,Month-to-month,No,Credit card (automatic),61.76,845.31,0,No
CUST-14054,Female,0,Yes,No,11,Yes,No,DSL,No,No,No,Yes,Yes,No,One year,Yes,Electronic check,58.18,654.46,1,No
CUST-14055,Male,0,No,No,9,Yes,No,Fiber optic,No,Yes,No,No,Yes,No,Month-to-month,Yes,Mailed check,86.26,770.38,1,Yes
CUST-14056,Female,0,Yes,No,31,Yes,No,Fiber optic,No,Yes,Yes,No,No,No,Month-to-month,Yes,Electronic check,80.37,2497.06,0,Yes
CUST-14057,Male,0,Yes,Yes,28,Yes,No,DSL,Yes,No,No,No,Yes,Yes,Month-to-month,Yes,Mailed check,60.83,1689.09,1,No
CUST-14058,Male,1,No,Yes,34,No,No phone service,DSL,Yes,Yes,Yes,Yes,No,Yes,Month-to-month,Yes,Bank transfer (automatic),66.43,2267.61,1,Yes
CUST-14059,Male,1,Yes,No,20,Yes,Yes,Fiber optic,Yes,No,No,No,Yes,No,One year,No,Mailed check,82.43,1644.91,0,No
CUST-14060,Female,1,No,No,16,Yes,No,DSL,No,Yes,Yes,No,No,Yes,Two year,Yes,Credit card (automatic),56.76,873.19,2,No
CUST-14061,Male,0,Yes,No,12,Yes,No,DSL,No,No,Yes,No,Yes,No,Month-to-month,Yes,Bank transfer (automatic),61.38,743.49,2,Yes
CUST-14062,Female,0,Yes,No,18,Yes,Yes,Fiber optic,Yes,Yes,No,Yes,Yes,No,Month-to-month,Yes,Bank transfer (automatic),94.4,1711.84,2,No
CUST-14063,Male,0,No,No,5,Yes,No,DSL,No,No,No,No,Yes,No,Month-to-month,Yes,Mailed check,44.1,200.52,2,No
CUST-14064,Male,0,Yes,Yes,29,Yes,No,Fiber optic,No,No,Yes,Yes,Yes,Yes,One year,No,Electronic check,88.45,2592.88,0,No
CUST-14065,Male,0,No,Yes,17,No,No phone service,No,No internet service,No internet service,No internet service,No internet service,No internet service,No internet service,Month-to-month,No,Bank transfer (automatic),20.62,329.95,1,No
CUST-14066,Male,0,No,Yes,49,Yes,No,DSL,Yes,No,No,No,No,Yes,Month-to-month,Yes,Bank transfer (automatic),49.54,2437.17,2,No
CUST-14067,Male,0,No,Yes,22,Yes,No,No,No internet service,No internet service,No internet service,No internet service,No internet service,No internet service,One year,Yes,Mailed check,22.88,537.53,0,No
CUST-14068,Female,0,No,No,3,No,No phone service,DSL,Yes,No,Yes,Yes,Yes,Yes,Month-to-month,Yes,Mailed check,70.73,251.5,1,Yes
CUST-14069,Female,0,No,Yes,26,Yes,Yes,DSL,No,Yes,Yes,Yes,Yes,No,Month-to-month,No,Mailed check,63.98,1641.79,2,No
CUST-14070,Male,0,Yes,Yes,72,Yes,No,Fiber optic,Yes,Yes,Yes,No,No,No,Month-to-month,No,Bank transfer (automatic),96.8,6985.43,3,No
CUST-14071,Male,0,No,No,31,Yes,No,Fiber optic,No,No,No,Yes,No,Yes,Month-to-month,Yes,Bank transfer (automatic),78.68,2430.31,2,Yes
CUST-14072,Male,0,Yes,No,40,Yes,Yes,Fiber optic,No,No,Yes,Yes,No,Yes,Month-to-month,No,Bank transfer (automatic),93.58,3724.52,0,No
CUST-14073,Male,0,No,No,52,Yes,No,DSL,No,Yes,Yes,Yes,No,No,One year,No,Credit card (automatic),68.11,3546.81,3,No
CUST-14074,Female,0,No,No,11,Yes,Yes,No,No internet service,No internet service,No internet service,No internet service,No internet service,No internet service,Month-to-month,Yes,Bank transfer (automatic),26.88,315.7,0,No
CUST-14075,Male,0,No,No,21,Yes,No,No,No internet service,No internet service,No internet service,No internet service,No internet service,No internet service,Month-to-month,No,Electronic check,18.0,375.88,0,No
CUST-14076,Female,0,No,No,11,Yes,Yes,No,No internet service,No internet service,No internet service,No internet service,No internet service,No internet service,Month-to-month,Yes,Bank transfer (automatic),18.51,173.74,2,No
CUST-14077,Male,0,No,Yes,37,Yes,Yes,Fiber optic,No,Yes,No,No,No,Yes,One year,No,Bank transfer (automatic),86.13,3160.87,0,No
CUST-14078,Female,0,No,Yes,12,Yes,Yes,Fiber optic,No,Yes,No,No,No,No,Two year,Yes,Electronic check,74.58,910.02,0,No
CUST-14079,Male,0,No,No,20,Yes,No,No,No internet service,No internet service,No internet service,No internet service,No internet service,No internet service,One year,Yes,Mailed check,18.0,370.11,0,No
CUST-14080,Male,0,Yes,No,39,Yes,No,No,No internet service,No internet service,No internet service,No internet service,No internet service,No internet service,Month-to-month,No,Bank transfer (automatic),26.06,1026.58,1,No
CUST-14081,Female,0,Yes,No,37,Yes,Yes,No,No internet service,No internet service,No internet service,No internet service,No internet service,No internet service,One year,Yes,Bank transfer (automatic),19.11,681.45,0,No
CUST-14082,Male,0,No,Yes,26,Yes,Yes,No,No internet service,No internet service,No internet service,No internet service,No internet service,No internet service,Month-to-month,No,Credit card (automatic),25.36,646.39,2,No
CUST-14083,Male,0,No,No,52,Yes,No,Fiber optic,Yes,Yes,Yes,No,No,No,Month-to-month,Yes,Credit card (automatic),88.27,4578.35,0,Yes
CUST-14084,Male,0,Yes,No,39,No,No phone service,Fiber optic,No,No,Yes,No,No,Yes,Month-to-month,No,Electronic check,79.52,3076.64,2,No
CUST-14085,Female,0,Yes,No,14,Yes,No,Fiber optic,Yes,No,No,Yes,No,Yes,Month-to-month,Yes,Bank transfer (automatic),72.36,1015.47,0,Yes
CUST-14086,Male,0,Yes,Yes,6,Yes,No,No,No internet service,No internet service,No internet service,No internet service,No internet service,No internet service,Month-to-month,No,Bank transfer (automatic),18.64,97.18,2,No
CUST-14087,Male,0,No,No,10,Yes,No,DSL,No,No,No,Yes,No,Yes,Month-to-month,Yes,Electronic check,59.8,593.4,2,No
CUST-14088,Female,0,No,No,41,No,No phone service,DSL,Yes,No,No,No,No,No,Month-to-month,Yes,Electronic check,46.7,1898.44,3,Yes
CUST-14089,Female,0,Yes,No,31,Yes,No,DSL,No,No,No,No,No,No,Two year,No,Electronic check,37.89,1151.14,0,No
CUST-14090,Female,0,Yes,Yes,53,Yes,No,No,No internet service,No internet service,No internet service,No internet service,No internet service,No internet service,Two year,No,Electronic check,21.22,1100.24,1,No
CUST-14091,Male,1,Yes,No,33,No,No phone service,No,No internet service,No internet service,No internet service,No internet service,No internet service,No internet service,Two year,Yes,Credit card (automatic),18.0,576.34,1,No
CUST-14092,Male,0,Yes,Yes,40,No,No phone service,DSL,No,Yes,No,No,Yes,Yes,Month-to-month,Yes,Electronic check,54.4,2182.22,1,Yes
CUST-14093,Male,0,Yes,Yes,29,Yes,No,DSL,Yes,No,No,No,No,No,Two year,Yes,Electronic check,57.44,1647.93,0,No
CUST-14094,Female,0,No,No,14,Yes,Yes,Fiber optic,Yes,No,No,No,Yes,Yes,Two year,Yes,Electronic check,87.28,1224.93,0,No
CUST-14095,Male,0,No,Yes,13,No,No phone service,Fiber optic,Yes,Yes,No,No,No,No,Two year,No,Bank transfer (automatic),84.35,1119.67,0,No
CUST-14096,Male,0,Yes,No,10,Yes,No,DSL,Yes,Yes,Yes,No,No,No,Month-to-month,Yes,Electronic check,57.39,574.73,0,No
CUST-14097,Female,0,Yes,No,14,Yes,Yes,No,No internet service,No internet service,No internet service,No internet service,No internet service,No internet service,One year,No,Electronic check,19.05,240.53,2,No
CUST-14098,Female,0,Yes,Yes,54,Yes,No,Fiber optic,No,Yes,Yes,Yes,No,No,Month-to-month,Yes,Mailed check,90.29,4865.09,2,Yes
CUST-14099,Female,1,Yes,No,36,Yes,No,Fiber optic,No,Yes,Yes,Yes,Yes,No,Month-to-month,Yes,Electronic check,90.13,3266.7,2,Yes
CUST-14100,Female,0,Yes,No,20,Yes,Yes,No,No internet service,No internet service,No internet service,No internet service,No internet service,No internet service,Month-to-month,Yes,Mailed check,18.0,360.09,4,Yes
CUST-14101,Female,0,Yes,Yes,31,Yes,Yes,DSL,No,No,No,No,Yes,No,Two year,No,Bank transfer (automatic),48.75,1495.77,0,No
CUST-14102,Male,1,Yes,No,31,Yes,No,Fiber optic,Yes,No,No,No,Yes,Yes,Month-to-month,Yes,Electronic check,86.08,2657.64,1,Yes
CUST-14103,Female,0,No,No,57,Yes,Yes,Fiber optic,Yes,No,Yes,No,Yes,No,Month-to-month,Yes,Electronic check,89.93,5153.93,0,Yes
CUST-14104,Male,0,No,No,19,No,No phone service,No,No internet service,No internet service,No internet service,No internet service,No internet service,No internet service,Two year,Yes,Electronic check,20.14,402.93,0,No
CUST-14105,Male,0,No,Yes,28,Yes,No,DSL,No,No,Yes,No,No,No,Month-to-month,No,Credit card (automatic),48.04,1342.96,1,Yes
CUST-14106,Female,0,Yes,No,40,Yes,Yes,Fiber optic,No,No,Yes,No,Yes,No,Two year,Yes,Electronic check,77.58,3099.46,0,No
CUST-14107,Female,0,No,Yes,14,Yes,Yes,Fiber optic,No,Yes,No,No,Yes,No,One year,No,Credit card (automatic),86.34,1215.99,0,Yes
CUST-14108,Female,1,No,No,60,Yes,Yes,No,No internet service,No internet service,No internet service,No internet service,No internet service,No internet service,Month-to-month,No,Credit card (automatic),25.58,1521.74,1,Yes
CUST-14109,Male,0,Yes,No,39,Yes,No,No,No internet service,No internet service,No internet service,No internet service,No internet service,No internet service,Month-to-month,Yes,Mailed check,18.0,721.24,0,No
CUST-14110,Female,0,Yes,No,10,Yes,No,DSL,Yes,No,No,Yes,Yes,No,Month-to-month,Yes,Bank transfer (automatic),64.21,643.49,2,No
CUST-14111,Female,1,No,No,72,Yes,No,DSL,Yes,No,Yes,No,Yes,Yes,Two year,Yes,Mailed check,60.06,4300.85,1,No
CUST-14112,Female,0,Yes,No,53,Yes,No,DSL,No,No,No,No,No,Yes,Two year,No,Mailed check,55.24,2945.98,0,No
CUST-14113,Female,0,Yes,No,35,Yes,Yes,Fiber optic,No,No,No,Yes,Yes,Yes,Month-to-month,Yes,Bank transfer (automatic),88.34,3073.92,1,No
CUST-14114,Female,0,No,No,3,Yes,No,No,No internet service,No internet service,No internet service,No internet service,No internet service,No internet service,Month-to-month,Yes,Bank transfer (automatic),25.4,40.07,1,Yes
CUST-14115,Male,1,No,No,16,Yes,No,DSL,No,No,No,No,Yes,Yes,Month-to-month,No,Electronic check,58.79,962.03,2,No
CUST-14116,Male,0,Yes,Yes,26,Yes,Yes,Fiber optic,No,No,No,No,Yes,No,One year,No,Bank transfer (automatic),67.18,1765.58,0,No
CUST-14117,Male,0,No,Yes,28,Yes,No,No,No internet service,No internet service,No internet service,No internet service,No internet service,No internet service,Month-to-month,No,Bank transfer (automatic),21.34,583.56,1,No
CUST-14118,Female,0,No,No,25,Yes,No,No,No internet service,No internet service,No internet service,No internet service,No internet service,No internet service,Month-to-month,No,Electronic check,26.1,691.7,1,Yes
CUST-14119,Female,0,Yes,No,8,Yes,No,Fiber optic,No,Yes,No,No,Yes,No,One year,Yes,Credit card (automatic),87.98,721.56,0,No
CUST-14120,Female,1,No,Yes,19,Yes,No,No,No internet service,No internet service,No internet service,No internet service,No internet service,No internet service,Month-to-month,Yes,Electronic check,18.0,299.16,0,No
CUST-14121,Male,0,Yes,Yes,21,Yes,Yes,DSL,Yes,No,No,No,Yes,Yes,Month-to-month,Yes,Credit card (automatic),58.51,1212.83,1,No
CUST-14122,Female,0,Yes,Yes,3,Yes,No,DSL,Yes,No,Yes,No,No,No,Two year,No,Bank transfer (automatic),62.03,212.32,0,No
CUST-14123,Female,1,No,No,35,Yes,Yes,DSL,No,No,Yes,No,No,No,One year,No,Bank transfer (automatic),50.99,1828.18,0,No
CUST-14124,Female,0,Yes,No,65,Yes,No,Fiber optic,No,Yes,No,Yes,No,Yes,Month-to-month,No,Credit card (automatic),90.57,5885.08,2,No
CUST-14125,Male,0,Yes,No,22,Yes,No,Fiber optic,No,No,No,No,Yes,No,One year,Yes,Credit card (automatic),76.32,1694.65,1,No
CUST-14126,Female,0,Yes,No,36,Yes,No,Fiber optic,Yes,Yes,No,Yes,No,Yes,Month-to-month,Yes,Mailed check,85.99,3085.19,2,No
CUST-14127,Male,0,No,No,11,Yes,No,DSL,Yes,Yes,Yes,No,Yes,No,One year,Yes,Bank transfer (automatic),69.37,771.88,1,No
CUST-14128,Female,0,No,No,30,No,No phone service,DSL,No,No,No,No,Yes,No,Two year,Yes,Electronic check,57.76,1725.84,1,No
CUST-14129,Male,1,Yes,Yes,31,Yes,No,DSL,Yes,No,Yes,Yes,No,Yes,One year,Yes,Mailed check,65.0,1982.28,1,No
CUST-14130,Male,0,No,Yes,49,Yes,Yes,No,No internet service,No internet service,No internet service,No internet service,No internet service,No internet service,One year,Yes,Credit card (automatic),20.36,994.23,1,No
CUST-14131,Male,0,Yes,No,55,Yes,Yes,No,No internet service,No internet service,No internet service,No internet service,No internet service,No internet service,One year,Yes,Electronic check,18.0,1047.8,0,No
CUST-14132,Female,0,No,No,35,Yes,No,DSL,No,No,No,Yes,No,Yes,Month-to-month,Yes,Electronic check,53.03,1847.7,4,Yes
CUST-14133,Female,0,Yes,No,14,Yes,No,DSL,No,No,No,No,Yes,Yes,Month-to-month,Yes,Bank transfer (automatic),56.5,793.59,3,No
CUST-14134,Male,0,No,No,13,Yes,Yes,No,No internet service,No internet service,No internet service,No internet service,No internet service,No internet service,Month-to-month,Yes,Mailed check,18.74,252.19,0,No
CUST-14135,Male,0,No,No,55,Yes,No,DSL,No,No,No,No,Yes,No,One year,No,Mailed check,47.95,2634.4,1,No
CUST-14136,Female,1,No,Yes,9,Yes,No,No,No internet service,No internet service,No internet service,No internet service,No internet service,No internet service,Month-to-month,Yes,Bank transfer (automatic),18.0,147.44,1,No
CUST-14137,Female,0,Yes,Yes,16,Yes,No,Fiber optic,Yes,No,Yes,Yes,Yes,No,Month-to-month,No,Bank transfer (automatic),84.21,1354.98,1,Yes
CUST-14138,Male,0,No,No,33,Yes,Yes,Fiber optic,No,No,Yes,No,Yes,Yes,One year,Yes,Mailed check,96.62,3199.13,3,No
CUST-14139,Female,0,Yes,No,63,Yes,No,Fiber optic,No,Yes,No,No,No,No,Month-to-month,No,Mailed check,79.59,5016.37,1,Yes
CUST-14140,Female,1,No,No,67,Yes,No,DSL,No,Yes,No,No,No,No,One year,Yes,Credit card (automatic),52.89,3531.77,0,No
CUST-14141,Female,0,Yes,No,2,Yes,No,DSL,No,Yes,No,No,No,Yes,Month-to-month,Yes,Credit card (automatic),53.34,100.44,2,No
CUST-14142,Female,0,Yes,No,29,Yes,No,No,No internet service,No internet service,No internet service,No internet service,No internet service,No internet service,Month-to-month,No,Bank transfer (automatic),18.0,506.91,1,Yes
CUST-14143,Male,0,Yes,No,23,No,No phone service,No,No internet service,No internet service,No internet service,No internet service,No internet service,No internet service,Month-to-month,No,Electronic check,19.98,472.21,2,No
CUST-14144,Female,1,Yes,Yes,12,Yes,No,Fiber optic,No,No,No,No,Yes,No,Month-to-month,Yes,Mailed check,68.68,829.77,1,Yes
CUST-14145,Female,0,No,Yes,1,Yes,No,No,No internet service,No internet service,No internet service,No internet service,No internet service,No internet service,Month-to-month,Yes,Credit card (automatic),20.87,23.14,2,No
CUST-14146,Male,0,No,Yes,23,Yes,No,No,No internet service,No internet service,No internet service,No internet service,No internet service,No internet service,Month-to-month,No,Mailed check,18.49,405.55,2,Yes
CUST-14147,Male,0,No,No,8,Yes,Yes,DSL,No,No,Yes,No,No,Yes,Month-to-month,Yes,Credit card (automatic),59.51,451.15,1,No
CUST-14148,Female,0,No,Yes,33,Yes,Yes,Fiber optic,No,No,No,Yes,Yes,No,One year,Yes,Mailed check,73.2,2412.93,1,Yes
CUST-14149,Female,0,No,No,25,Yes,No,DSL,Yes,No,No,Yes,Yes,No,Month-to-month,No,Credit card (automatic),62.56,1522.55,1,No
CUST-14150,Female,0,Yes,No,4,No,No phone service,DSL,No,Yes,No,No,No,Yes,Two year,No,Electronic check,55.21,230.26,1,No
CUST-14151,Female,0,Yes,No,20,Yes,Yes,Fiber optic,Yes,Yes,No,Yes,Yes,No,One year,Yes,Mailed check,94.06,1876.56,0,No
CUST-14152,Male,1,Yes,Yes,6,Yes,No,DSL,Yes,No,Yes,No,Yes,No,Month-to-month,No,Bank transfer (automatic),57.52,328.62,4,No
CUST-14153,Male,1,Yes,Yes,28,Yes,No,DSL,Yes,No,No,No,No,No,Month-to-month,Yes,Credit card (automatic),46.15,1261.42,0,No
CUST-14154,Male,0,Yes,No,38,Yes,Yes,Fiber optic,No,Yes,No,No,Yes,Yes,Month-to-month,Yes,Bank transfer (automatic),79.26,3013.45,0,Yes
CUST-14155,Female,0,Yes,Yes,17,Yes,No,DSL,Yes,No,No,No,No,Yes,Two year,No,Electronic check,44.97,771.66,0,No
CUST-14156,Female,0,Yes,Yes,53,Yes,No,DSL,No,Yes,Yes,No,No,No,Two year,Yes,Credit card (automatic),63.29,3383.1,0,No
CUST-14157,Female,0,Yes,Yes,29,Yes,No,DSL,No,Yes,Yes,No,No,No,Month-to-month,Yes,Bank transfer (automatic),65.99,1903.14,2,Yes
CUST-14158,Female,0,No,Yes,24,Yes,Yes,No,No internet service,No internet service,No internet service,No internet service,No internet service,No internet service,One year,No,Electronic check,21.3,538.99,0,No
CUST-14159,Male,0,Yes,Yes,24,Yes,No,Fiber optic,No,No,No,No,Yes,No,Two year,Yes,Mailed check,80.69,1939.5,1,No
CUST-14160,Male,0,No,No,20,Yes,No,No,No internet service,No internet service,No internet service,No internet service,No internet service,No internet service,One year,No,Bank transfer (automatic),18.0,363.82,0,No
CUST-14161,Female,0,No,No,20,Yes,No,No,No internet service,No internet service,No internet service,No internet service,No internet service,No internet service,Month-to-month,Yes,Mailed check,18.3,403.73,2,Yes
CUST-14162,Male,0,No,No,8,Yes,Yes,No,No internet service,No internet service,No internet service,No internet service,No internet service,No internet service,Month-to-month,Yes,Credit card (automatic),19.71,168.66,1,No
CUST-14163,Female,0,Yes,Yes,61,No,No phone service,DSL,No,No,No,No,Yes,Yes,Month-to-month,No,Mailed check,53.62,3279.14,1,No
CUST-14164,Female,0,Yes,No,20,Yes,No,No,No internet service,No internet service,No internet service,No internet service,No internet service,No internet service,One year,No,Bank transfer (automatic),23.78,464.83,1,No
CUST-14165,Male,0,Yes,No,67,Yes,No,Fiber optic,Yes,No,Yes,No,No,Yes,One year,No,Electronic check,88.59,5910.29,0,No
CUST-14166,Female,1,Yes,Yes,37,Yes,No,DSL,No,Yes,Yes,Yes,No,No,Month-to-month,No,Mailed check,64.58,2398.45,1,No
CUST-14167,Female,0,Yes,No,21,Yes,Yes,Fiber optic,No,No,No,Yes,No,Yes,Month-to-month,Yes,Electronic check,89.66,1890.93,0,Yes
CUST-14168,Male,0,No,Yes,26,Yes,Yes,DSL,No,No,No,No,No,Yes,Two year,Yes,Electronic check,45.12,1168.72,1,No
CUST-14169,Female,0,No,No,38,No,No phone service,DSL,No,No,No,Yes,Yes,Yes,Two year,Yes,Electronic check,55.7,2110.92,0,No
CUST-14170,Female,0,No,No,45,Yes,No,DSL,No,No,Yes,No,No,Yes,Month-to-month,Yes,Electronic check,55.18,2456.21,1,No
CUST-14171,Male,1,Yes,No,24,Yes,Yes,Fiber optic,No,No,No,Yes,Yes,No,Month-to-month,Yes,Electronic check,81.76,1952.6,2,Yes
CUST-14172,Female,0,Yes,Yes,43,Yes,Yes,No,No internet service,No internet service,No internet service,No internet service,No internet service,No internet service,Month-to-month,Yes,Mailed check,25.31,1106.03,0,No
CUST-14173,Male,0,No,No,37,Yes,Yes,DSL,No,Yes,No,No,Yes,Yes,Month-to-month,No,Electronic check,62.56,2314.25,5,Yes
CUST-14174,Female,0,Yes,Yes,38,Yes,Yes,Fiber optic,No,No,Yes,No,No,Yes,Month-to-month,No,Electronic check,76.67,2888.3,3,Yes
CUST-14175,Male,0,No,No,43,Yes,Yes,DSL,Yes,No,Yes,Yes,No,No,Month-to-month,No,Credit card (automatic),51.93,2234.62,3,No
CUST-14176,Male,1,No,No,15,Yes,No,Fiber optic,No,No,No,No,No,No,Two year,Yes,Mailed check,68.41,1069.78,0,Yes
CUST-14177,Male,0,Yes,Yes,56,Yes,No,DSL,No,Yes,No,No,No,No,Two year,Yes,Mailed check,53.82,3054.77,0,No
CUST-14178,Female,0,Yes,No,31,No,No phone service,No,No internet service,No internet service,No internet service,No internet service,No internet service,No internet service,Month-to-month,No,Electronic check,18.0,536.61,2,Yes
CUST-14179,Male,0,Yes,No,45,Yes,No,No,No internet service,No internet service,No internet service,No internet service,No internet service,No internet service,Two year,No,Mailed check,22.16,973.07,0,No
CUST-14180,Male,0,Yes,No,24,Yes,No,DSL,No,No,No,No,No,No,One year,Yes,Bank transfer (automatic),51.3,1219.05,1,No
CUST-14181,Male,0,Yes,Yes,28,Yes,No,No,No internet service,No internet service,No internet service,No internet service,No internet service,No internet service,Month-to-month,Yes,Mailed check,18.0,494.14,1,No
CUST-14182,Male,0,Yes,No,15,No,No phone service,Fiber optic,No,Yes,No,No,Yes,Yes,Two year,Yes,Mailed check,93.24,1392.52,0,No
CUST-14183,Male,0,Yes,No,10,Yes,Yes,DSL,Yes,Yes,Yes,Yes,No,No,One year,No,Bank transfer (automatic),74.75,716.14,2,Yes
CUST-14184,Female,0,No,No,21,Yes,Yes,Fiber optic,No,No,Yes,No,No,Yes,Two year,No,Credit card (automatic),74.29,1566.28,1,No
CUST-14185,Female,1,No,No,39,Yes,Yes,No,No internet service,No internet service,No internet service,No internet service,No internet service,No internet service,Month-to-month,Yes,Credit card (automatic),26.9,1032.75,3,No
CUST-14186,Female,0,Yes,No,15,Yes,Yes,Fiber optic,Yes,No,Yes,No,No,Yes,Month-to-month,Yes,Electronic check,86.59,1299.07,1,No
CUST-14187,Female,0,No,No,5,No,No phone service,Fiber optic,No,No,Yes,Yes,Yes,No,Month-to-month,Yes,Bank transfer (automatic),88.27,433.76,1,No
CUST-14188,Female,0,No,Yes,50,Yes,Yes,Fiber optic,No,Yes,Yes,No,Yes,No,Month-to-month,Yes,Electronic check,76.39,3809.66,1,No
CUST-14189,Female,0,No,No,8,Yes,Yes,Fiber optic,Yes,No,No,No,No,Yes,One year,Yes,Bank transfer (automatic),78.53,598.93,0,No
CUST-14190,Female,0,No,No,30,Yes,No,DSL,No,No,Yes,No,No,Yes,Two year,Yes,Mailed check,54.56,1626.49,0,No
CUST-14191,Male,0,Yes,No,72,Yes,No,Fiber optic,No,No,Yes,No,Yes,No,One year,Yes,Mailed check,86.04,6171.47,0,Yes
CUST-14192,Female,0,Yes,No,72,Yes,No,Fiber optic,Yes,No,Yes,Yes,No,No,Month-to-month,Yes,Bank transfer (automatic),84.56,6063.74,2,Yes
CUST-14193,Male,0,No,Yes,22,Yes,Yes,No,No internet service,No internet service,No internet service,No internet service,No internet service,No internet service,Month-to-month,Yes,Bank transfer (automatic),18.0,370.98,1,No
CUST-14194,Male,0,No,No,51,Yes,Yes,Fiber optic,No,No,Yes,No,No,No,Two year,Yes,Bank transfer (automatic),69.83,3565.34,0,No
CUST-14195,Female,0,No,No,30,Yes,Yes,Fiber optic,No,Yes,Yes,No,Yes,No,Month-to-month,No,Electronic check,86.27,2550.48,0,Yes
CUST-14196,Male,0,No,Yes,11,Yes,No,DSL,No,No,Yes,No,Yes,Yes,Month-to-month,No,Bank transfer (automatic),61.73,701.42,2,No
CUST-14197,Male,0,No,No,20,Yes,No,No,No internet service,No internet service,No internet service,No internet service,No internet service,No internet service,Two year,Yes,Credit card (automatic),23.93,499.5,1,No
CUST-14198,Male,1,Yes,No,16,Yes,Yes,Fiber optic,No,No,No,No,No,Yes,Two year,Yes,Electronic check,70.62,1169.76,0,No
CUST-14199,Male,1,Yes,Yes,49,No,No phone service,Fiber optic,Yes,Yes,No,Yes,No,Yes,One year,Yes,Electronic check,88.14,4298.32,0,No
CUST-14200,Female,0,Yes,Yes,70,Yes,Yes,DSL,No,No,Yes,No,No,Yes,Month-to-month,Yes,Credit card (automatic),62.58,4378.42,2,No
CUST-14201,Female,0,No,No,18,No,No phone service,DSL,No,No,No,No,No,No,Month-to-month,Yes,Mailed check,49.98,890.89,1,No
CUST-14202,Female,0,No,No,5,No,No phone service,DSL,Yes,No,Yes,Yes,Yes,No,One year,No,Bank transfer (automatic),71.99,340.42,1,No
CUST-14203,Female,0,No,Yes,27,Yes,Yes,No,No internet service,No internet service,No internet service,No internet service,No internet service,No internet service,Two year,Yes,Mailed check,18.0,469.37,1,No
CUST-14204,Female,1,No,No,12,Yes,Yes,Fiber optic,No,Yes,No,Yes,Yes,Yes,Two year,Yes,Credit card (automatic),87.15,1070.01,0,No
CUST-14205,Female,0,No,No,9,Yes,No,Fiber optic,No,No,Yes,Yes,No,No,Month-to-month,No,Credit card (automatic),82.13,756.94,1,Yes
CUST-14206,Female,0,No,No,14,No,No phone service,No,No internet service,No internet service,No internet service,No internet service,No internet service,No internet service,Two year,Yes,Electronic check,20.51,273.82,1,Yes
CUST-14207,Female,0,No,No,13,No,No phone service,DSL,Yes,Yes,No,Yes,No,No,Month-to-month,Yes,Mailed check,58.27,765.23,1,No
CUST-14208,Female,0,Yes,No,33,No,No phone service,DSL,Yes,Yes,No,Yes,No,No,Month-to-month,No,Mailed check,64.99,2157.5,2,No
CUST-14209,Female,0,No,No,38,No,No phone service,DSL,No,No,Yes,No,Yes,No,Month-to-month,Yes,Electronic check,56.52,2118.92,3,No
CUST-14210,Male,0,No,Yes,30,Yes,Yes,Fiber optic,Yes,No,Yes,No,Yes,Yes,Two year,No,Mailed check,94.18,2820.17,1,No
CUST-14211,Female,0,Yes,No,12,Yes,Yes,No,No internet service,No internet service,No internet service,No internet service,No internet service,No internet service,Month-to-month,No,Bank transfer (automatic),18.39,238.14,1,No
CUST-14212,Male,0,Yes,No,12,Yes,No,No,No internet service,No internet service,No internet service,No internet service,No internet service,No internet service,Month-to-month,No,Credit card (automatic),18.0,162.89,1,No
CUST-14213,Male,0,No,Yes,23,Yes,No,Fiber optic,Yes,No,Yes,Yes,No,Yes,Two year,Yes,Credit card (automatic),95.26,2183.83,1,No
CUST-14214,Male,0,Yes,No,19,Yes,Yes,Fiber optic,No,Yes,No,No,No,Yes,Month-to-month,Yes,Electronic check,82.98,1577.58,1,Yes
CUST-14215,Male,0,Yes,Yes,25,Yes,Yes,No,No internet service,No internet service,No internet service,No internet service,No internet service,No internet service,Month-to-month,Yes,Bank transfer (automatic),18.0,440.6,0,Yes
CUST-14216,Female,0,Yes,No,32,Yes,No,Fiber optic,No,Yes,No,No,No,Yes,One year,No,Mailed check,81.46,2594.17,0,No
CUST-14217,Male,0,No,No,23,Yes,Yes,DSL,No,No,No,No,No,Yes,One year,No,Electronic check,48.69,1128.51,0,No
CUST-14218,Female,1,No,No,36,Yes,No,Fiber optic,Yes,No,No,Yes,No,Yes,Month-to-month,Yes,Mailed check,82.58,2973.23,1,No
CUST-14219,Female,1,Yes,Yes,28,Yes,No,Fiber optic,Yes,No,No,No,Yes,No,Two year,No,Credit card (automatic),80.57,2208.28,1,No
CUST-14220,Male,1,Yes,Yes,37,Yes,Yes,Fiber optic,No,Yes,No,No,No,No,Month-to-month,Yes,Mailed check,73.03,2694.44,1,No
CUST-14221,Female,0,No,No,9,Yes,No,DSL,No,No,No,Yes,Yes,No,Two year,Yes,Credit card (automatic),54.94,462.92,0,No
CUST-14222,Male,0,No,No,5,Yes,No,Fiber optic,Yes,No,Yes,Yes,Yes,Yes,One year,Yes,Bank transfer (automatic),105.04,527.38,0,No
CUST-14223,Male,0,No,No,11,Yes,Yes,Fiber optic,Yes,Yes,No,Yes,No,No,Month-to-month,Yes,Mailed check,88.9,959.92,3,No
CUST-14224,Female,1,Yes,Yes,47,Yes,No,DSL,No,No,Yes,No,No,No,Two year,No,Electronic check,55.55,2620.02,0,No
CUST-14225,Female,1,Yes,Yes,28,Yes,Yes,Fiber optic,No,No,No,Yes,No,Yes,Month-to-month,Yes,Electronic check,78.14,2140.32,1,No
CUST-14226,Male,1,Yes,No,15,Yes,Yes,DSL,No,Yes,No,Yes,No,No,Month-to-month,No,Bank transfer (automatic),52.92,787.99,1,No
CUST-14227,Female,0,No,No,13,Yes,Yes,Fiber optic,No,No,No,No,No,Yes,Two year,No,Bank transfer (automatic),78.15,1014.78,0,No
CUST-14228,Female,1,Yes,Yes,39,Yes,Yes,DSL,Yes,No,No,Yes,No,No,Month-to-month,No,Mailed check,45.51,1740.82,1,No
CUST-14229,Female,0,Yes,No,29,Yes,Yes,No,No internet service,No internet service,No internet service,No internet service,No internet service,No internet service,Month-to-month,Yes,Mailed check,18.0,533.02,0,No
CUST-14230,Male,0,Yes,No,8,Yes,Yes,DSL,Yes,No,Yes,Yes,No,Yes,Month-to-month,No,Credit card (automatic),69.6,572.45,2,No
CUST-14231,Male,0,Yes,Yes,8,Yes,No,Fiber optic,No,No,Yes,Yes,No,Yes,Month-to-month,Yes,Electronic check,88.04,708.33,1,No
CUST-14232,Female,0,No,No,36,No,No phone service,DSL,No,Yes,Yes,No,Yes,No,Two year,No,Mailed check,59.14,2111.35,0,No
CUST-14233,Female,0,Yes,No,15,Yes,No,DSL,No,No,No,Yes,Yes,Yes,Two year,Yes,Bank transfer (automatic),62.19,895.44,0,No
CUST-14234,Female,0,No,No,6,Yes,Yes,Fiber optic,No,No,Yes,No,No,Yes,Month-to-month,No,Electronic check,78.08,453.49,1,Yes
CUST-14235,Female,0,No,No,6,Yes,No,DSL,No,No,No,No,Yes,No,Month-to-month,No,Credit card (automatic),56.41,343.79,0,No
CUST-14236,Female,0,Yes,No,33,Yes,Yes,Fiber optic,Yes,No,No,No,No,No,Month-to-month,No,Bank transfer (automatic),80.77,2695.43,2,Yes
CUST-14237,Male,1,No,Yes,15,Yes,Yes,DSL,No,No,No,No,No,No,Month-to-month,No,Electronic check,39.16,595.73,2,Yes
CUST-14238,Female,0,No,No,41,Yes,Yes,Fiber optic,No,Yes,Yes,Yes,No,No,Month-to-month,Yes,Credit card (automatic),80.9,3277.6,2,Yes
CUST-14239,Male,0,No,No,25,Yes,No,Fiber optic,Yes,No,No,Yes,No,No,Month-to-month,Yes,Credit card (automatic),90.18,2252.34,0,No
CUST-14240,Female,0,Yes,No,17,Yes,Yes,No,No internet service,No internet service,No internet service,No internet service,No internet service,No internet service,Month-to-month,Yes,Credit card (automatic),18.48,318.09,2,No
CUST-14241,Male,1,Yes,Yes,24,Yes,Yes,Fiber optic,No,Yes,No,No,Yes,Yes,One year,Yes,Mailed check,91.39,2157.77,1,No
CUST-14242,Female,0,Yes,No,72,Yes,Yes,No,No internet service,No internet service,No internet service,No internet service,No internet service,No internet service,Two year,Yes,Credit card (automatic),18.0,1287.95,0,No
CUST-14243,Male,0,No,No,11,Yes,No,No,No internet service,No internet service,No internet service,No internet service,No internet service,No internet service,One year,Yes,Electronic check,18.0,215.62,0,Yes
CUST-14244,Female,0,No,No,52,No,No phone service,DSL,No,No,No,Yes,No,No,One year,No,Mailed check,48.78,2539.87,0,No
CUST-14245,Male,0,No,No,36,Yes,Yes,No,No internet service,No internet service,No internet service,No internet service,No internet service,No internet service,Month-to-month,No,Electronic check,22.43,785.38,2,No
CUST-14246,Male,0,Yes,No,16,Yes,No,Fiber optic,No,No,No,No,Yes,No,Two year,Yes,Mailed check,76.64,1237.27,2,No
CUST-14247,Male,1,Yes,Yes,36,Yes,No,DSL,No,Yes,Yes,No,No,No,Two year,Yes,Credit card (automatic),48.34,1738.19,0,Yes
CUST-14248,Male,0,No,No,28,Yes,No,No,No internet service,No internet service,No internet service,No internet service,No internet service,No internet service,Two year,Yes,Credit card (automatic),18.0,528.58,0,No
CUST-14249,Male,0,No,No,22,No,No phone service,DSL,Yes,No,Yes,No,Yes,No,Month-to-month,Yes,Bank transfer (automatic),58.33,1251.45,0,No
CUST-14250,Male,1,No,No,19,Yes,Yes,Fiber optic,No,Yes,No,No,No,No,One year,No,Mailed check,75.18,1418.0,0,Yes
CUST-14251,Female,1,Yes,No,46,Yes,Yes,Fiber optic,Yes,No,No,No,Yes,No,One year,Yes,Credit card (automatic),83.46,3800.92,0,No
CUST-14252,Male,0,Yes,No,25,Yes,No,Fiber optic,No,Yes,Yes,No,Yes,Yes,Month-to-month,No,Mailed check,91.52,2269.89,0,Yes
CUST-14253,Female,1,Yes,No,11,Yes,No,Fiber optic,Yes,No,No,Yes,Yes,No,Two year,Yes,Electronic check,79.33,889.94,1,No
CUST-14254,Female,0,Yes,Yes,24,Yes,Yes,DSL,Yes,Yes,Yes,No,No,No,Month-to-month,No,Bank transfer (automatic),63.2,1537.19,3,Yes
CUST-14255,Female,0,Yes,No,6,Yes,No,Fiber optic,No,Yes,Yes,No,Yes,No,Month-to-month,No,Mailed check,84.44,546.6,1,Yes
CUST-14256,Female,0,Yes,No,15,Yes,No,DSL,Yes,No,No,No,Yes,No,Month-to-month,No,Electronic check,62.21,919.12,2,No
CUST-14257,Female,0,Yes,Yes,36,Yes,No,DSL,Yes,Yes,No,Yes,No,No,Month-to-month,Yes,Credit card (automatic),60.58,2216.27,2,No
CUST-14258,Male,0,Yes,Yes,10,Yes,No,No,No internet service,No internet service,No internet service,No internet service,No internet service,No internet service,Two year,Yes,Bank transfer (automatic),18.0,202.42,1,No
CUST-14259,Male,0,Yes,Yes,72,Yes,No,Fiber optic,No,Yes,No,No,Yes,Yes,Month-to-month,Yes,Credit card (automatic),83.73,6022.38,1,No
CUST-14260,Male,0,No,No,2,Yes,Yes,Fiber optic,Yes,No,No,Yes,Yes,Yes,Month-to-month,No,Bank transfer (automatic),95.12,194.17,2,No
CUST-14261,Female,0,Yes,No,18,Yes,No,DSL,No,Yes,No,No,No,Yes,One year,Yes,Electronic check,50.06,890.54,0,Yes
CUST-14262,Male,0,No,Yes,38,Yes,Yes,Fiber optic,No,Yes,Yes,No,Yes,No,Month-to-month,No,Electronic check,81.99,3131.72,1,Yes
CUST-14263,Male,0,No,Yes,6,Yes,Yes,DSL,No,Yes,No,Yes,Yes,Yes,One year,No,Credit card (automatic),65.48,363.69,0,No
CUST-14264,Male,0,No,No,39,Yes,No,Fiber optic,Yes,Yes,No,Yes,No,Yes,One year,Yes,Electronic check,94.94,3687.2,0,No
CUST-14265,Male,0,No,No,37,Yes,No,DSL,Yes,No,Yes,Yes,No,No,Month-to-month,No,Bank transfer (automatic),61.62,2283.37,0,No
CUST-14266,Male,0,Yes,Yes,19,Yes,No,Fiber optic,No,No,Yes,No,Yes,No,Two year,Yes,Electronic check,80.93,1540.7,1,No
CUST-14267,Female,0,No,No,12,Yes,Yes,Fiber optic,Yes,Yes,Yes,Yes,No,No,One year,Yes,Bank transfer (automatic),94.88,1139.96,0,Yes
CUST-14268,Male,0,No,No,25,Yes,Yes,No,No internet service,No internet service,No internet service,No internet service,No internet service,No internet service,One year,No,Electronic check,18.0,427.14,0,No
CUST-14269,Female,0,No,No,36,Yes,Yes,DSL,Yes,Yes,Yes,No,No,Yes,Two year,No,Electronic check,70.39,2510.69,0,No
CUST-14270,Female,0,Yes,No,12,Yes,No,DSL,No,Yes,Yes,Yes,No,Yes,One year,No,Bank transfer (automatic),71.05,843.92,0,No
CUST-14271,Female,1,Yes,No,22,Yes,No,No,No internet service,No internet service,No internet service,No internet service,No internet service,No internet service,Month-to-month,No,Electronic check,27.44,562.76,0,Yes
CUST-14272,Female,0,Yes,Yes,7,Yes,Yes,Fiber optic,Yes,Yes,Yes,No,No,No,Month-to-month,No,Mailed check,101.15,725.29,1,No
CUST-14273,Female,0,No,Yes,42,Yes,No,Fiber optic,No,Yes,No,Yes,Yes,No,One year,Yes,Bank transfer (automatic),89.24,3764.04,2,Yes
CUST-14274,Male,0,No,No,69,Yes,No,No,No internet service,No internet service,No internet service,No internet service,No internet service,No internet service,Two year,No,Bank transfer (automatic),24.66,1711.77,0,No
CUST-14275,Male,1,Yes,No,17,Yes,No,DSL,Yes,Yes,No,No,Yes,Yes,Month-to-month,Yes,Mailed check,63.93,1087.4,1,Yes
CUST-14276,Male,0,No,No,14,Yes,No,DSL,Yes,Yes,No,No,No,Yes,Month-to-month,Yes,Bank transfer (automatic),64.57,897.99,1,No
CUST-14277,Female,0,No,No,48,Yes,No,DSL,No,No,No,Yes,No,No,Month-to-month,Yes,Credit card (automatic),59.75,2832.92,1,Yes
CUST-14278,Male,0,Yes,Yes,48,Yes,No,Fiber optic,Yes,No,Yes,No,Yes,No,One year,Yes,Bank transfer (automatic),79.27,3820.55,0,No
CUST-14279,Male,0,No,No,39,Yes,Yes,No,No internet service,No internet service,No internet service,No internet service,No internet service,No internet service,Month-to-month,Yes,Bank transfer (automatic),25.8,1009.48,4,No
CUST-14280,Female,0,No,No,9,Yes,Yes,Fiber optic,No,No,Yes,No,No,No,Two year,Yes,Credit card (automatic),78.19,735.35,2,No
CUST-14281,Female,0,Yes,No,1,Yes,No,Fiber optic,Yes,Yes,Yes,Yes,No,No,Two year,Yes,Credit card (automatic),96.11,95.48,1,No
CUST-14282,Female,0,No,No,22,Yes,No,DSL,No,Yes,No,Yes,No,No,Month-to-month,Yes,Mailed check,58.4,1280.84,2,No
CUST-14283,Female,0,Yes,No,33,Yes,No,Fiber optic,No,Yes,No,No,No,Yes,Month-to-month,Yes,Credit card (automatic),74.08,2427.48,2,Yes
CUST-14284,Male,0,No,No,17,Yes,Yes,No,No internet service,No internet service,No internet service,No internet service,No internet service,No internet service,One year,No,Electronic check,18.0,315.76,1,No
CUST-14285,Female,0,No,No,47,Yes,Yes,No,No internet service,No internet service,No internet service,No internet service,No internet service,No internet service,Month-to-month,Yes,Credit card (automatic),20.35,967.39,2,No
CUST-14286,Female,0,No,No,14,No,No phone service,DSL,No,Yes,No,No,No,Yes,Month-to-month,Yes,Electronic check,49.14,714.55,1,No
CUST-14287,Male,0,Yes,Yes,5,Yes,No,DSL,Yes,No,Yes,Yes,No,No,Month-to-month,Yes,Mailed check,69.9,367.72,2,No
CUST-14288,Male,1,Yes,No,17,Yes,Yes,Fiber optic,No,No,No,No,No,No,One year,Yes,Credit card (automatic),64.98,1095.86,0,No
CUST-14289,Female,1,Yes,No,31,Yes,No,Fiber optic,No,No,No,Yes,No,Yes,Month-to-month,No,Electronic check,86.23,2645.67,1,Yes
CUST-14290,Male,0,No,No,10,Yes,No,Fiber optic,Yes,No,No,No,Yes,Yes,Two year,No,Electronic check,88.0,899.99,0,No
CUST-14291,Female,0,Yes,No,28,Yes,No,Fiber optic,No,No,No,No,No,No,Two year,No,Bank transfer (automatic),73.61,2052.14,1,No
CUST-14292,Female,0,No,No,21,Yes,No,DSL,No,Yes,No,No,Yes,Yes,Two year,Yes,Bank transfer (automatic),56.93,1187.64,1,No
CUST-14293,Male,0,Yes,No,68,Yes,No,DSL,Yes,No,No,No,No,Yes,Month-to-month,Yes,Electronic check,65.5,4447.93,2,Yes
CUST-14294,Male,0,Yes,No,43,Yes,No,DSL,No,No,No,Yes,No,No,Month-to-month,Yes,Mailed check,50.42,2206.89,1,No
CUST-14295,Female,1,Yes,Yes,72,Yes,No,DSL,No,No,No,Yes,Yes,Yes,Month-to-month,No,Mailed check,71.98,5191.92,1,No
CUST-14296,Female,0,No,No,8,Yes,No,DSL,Yes,No,No,No,Yes,No,Month-to-month,No,Electronic check,58.49,483.95,1,No
CUST-14297,Female,0,No,No,54,Yes,Yes,DSL,Yes,No,No,No,No,No,Month-to-month,No,Mailed check,46.79,2555.98,2,No
CUST-14298,Male,0,Yes,No,3,No,No phone service,DSL,No,No,Yes,No,No,No,One year,Yes,Electronic check,53.55,166.65,0,Yes
CUST-14299,Female,0,Yes,No,46,Yes,Yes,DSL,Yes,No,No,Yes,Yes,No,One year,Yes,Electronic check,65.85,3018.57,0,No
CUST-14300,Female,0,No,No,5,Yes,No,Fiber optic,No,Yes,No,No,Yes,No,Month-to-month,Yes,Bank transfer (automatic),79.13,369.23,2,Yes
CUST-14301,Female,0,Yes,No,38,Yes,No,Fiber optic,No,Yes,No,Yes,Yes,Yes,Month-to-month,No,Credit card (automatic),94.46,3580.64,0,Yes
CUST-14302,Female,0,No,No,29,Yes,No,No,No internet service,No internet service,No internet service,No internet service,No internet service,No internet service,Month-to-month,Yes,Bank transfer (automatic),24.57,718.48,0,Yes
CUST-14303,Female,1,No,Yes,31,Yes,Yes,Fiber optic,No,Yes,No,No,No,No,Month-to-month,Yes,Electronic check,70.57,2198.04,0,No
CUST-14304,Male,0,No,No,3,Yes,No,DSL,No,Yes,No,Yes,No,No,Two year,No,Bank transfer (automatic),52.73,151.78,0,No
CUST-14305,Female,1,No,No,36,No,No phone service,Fiber optic,No,No,No,No,Yes,Yes,Month-to-month,No,Credit card (automatic),75.27,2696.15,3,Yes
CUST-14306,Female,0,No,No,5,Yes,No,No,No internet service,No internet service,No internet service,No internet service,No internet service,No internet service,Month-to-month,Yes,Mailed check,28.96,138.8,3,Yes
CUST-14307,Female,0,No,Yes,68,Yes,Yes,Fiber optic,No,No,No,Yes,Yes,Yes,Month-to-month,Yes,Mailed check,84.4,5730.77,1,Yes
CUST-14308,Female,0,No,No,14,Yes,Yes,DSL,No,No,Yes,No,No,No,Month-to-month,No,Credit card (automatic),59.98,863.07,3,Yes
CUST-14309,Male,0,No,No,18,Yes,No,No,No internet service,No internet service,No internet service,No internet service,No internet service,No internet service,Two year,Yes,Bank transfer (automatic),20.08,384.35,0,No
CUST-14310,Male,1,Yes,No,53,Yes,No,DSL,Yes,No,No,No,Yes,No,Month-to-month,No,Credit card (automatic),45.01,2394.01,2,No
CUST-14311,Male,0,Yes,No,25,Yes,No,No,No internet service,No internet service,No internet service,No internet service,No internet service,No internet service,One year,Yes,Bank transfer (automatic),23.6,579.13,0,No
CUST-14312,Female,0,Yes,Yes,26,Yes,Yes,No,No internet service,No internet service,No internet service,No internet service,No internet service,No internet service,Month-to-month,No,Electronic check,22.52,589.31,0,Yes
CUST-14313,Female,0,No,No,34,Yes,No,Fiber optic,No,Yes,Yes,No,Yes,Yes,One year,No,Electronic check,90.51,3098.86,1,No
CUST-14314,Male,0,No,No,11,Yes,Yes,Fiber optic,No,No,Yes,Yes,No,No,Two year,No,Bank transfer (automatic),80.48,887.62,0,No
CUST-14315,Male,1,Yes,No,13,Yes,Yes,DSL,No,No,No,No,No,Yes,Two year,Yes,Mailed check,57.09,747.54,0,No
CUST-14316,Male,0,Yes,Yes,26,Yes,Yes,Fiber optic,Yes,Yes,Yes,No,No,Yes,Month-to-month,Yes,Mailed check,91.89,2397.76,3,Yes
CUST-14317,Female,0,Yes,No,71,Yes,No,Fiber optic,No,Yes,No,No,No,Yes,Two year,Yes,Electronic check,79.3,5630.28,1,Yes
CUST-14318,Female,0,No,No,41,Yes,No,Fiber optic,Yes,No,Yes,No,Yes,No,Month-to-month,No,Credit card (automatic),75.79,3116.95,0,No
CUST-14319,Male,1,No,No,42,Yes,No,DSL,No,No,No,No,Yes,Yes,Month-to-month,Yes,Credit card (automatic),60.1,2496.79,1,No
CUST-14320,Male,0,No,No,57,Yes,No,DSL,No,Yes,Yes,Yes,No,Yes,One year,Yes,Mailed check,67.74,3851.66,0,No
CUST-14321,Male,0,Yes,No,47,Yes,No,Fiber optic,Yes,No,No,No,Yes,Yes,Two year,Yes,Bank transfer (automatic),87.49,4134.81,0,No
CUST-14322,Female,0,No,No,39,Yes,No,Fiber optic,No,No,No,Yes,Yes,No,Month-to-month,No,Electronic check,84.21,3281.48,2,Yes
CUST-14323,Female,0,Yes,Yes,21,Yes,No,Fiber optic,No,No,No,No,No,Yes,One year,No,Mailed check,77.65,1646.06,0,No
CUST-14324,Female,0,No,Yes,10,No,No phone service,Fiber optic,No,No,No,No,Yes,Yes,Month-to-month,No,Mailed check,74.53,735.21,1,Yes
CUST-14325,Male,0,Yes,No,11,Yes,No,Fiber optic,Yes,Yes,Yes,Yes,No,Yes,Month-to-month,Yes,Bank transfer (automatic),94.94,1052.68,0,No
CUST-14326,Male,0,No,Yes,50,Yes,No,Fiber optic,No,Yes,No,Yes,No,Yes,Two year,No,Mailed check,87.79,4371.72,1,No
CUST-14327,Female,0,Yes,No,36,No,No phone service,Fiber optic,No,Yes,No,No,Yes,Yes,Month-to-month,Yes,Mailed check,86.82,3128.43,0,Yes
CUST-14328,Male,0,Yes,Yes,1,No,No phone service,Fiber optic,No,Yes,No,Yes,No,Yes,Month-to-month,No,Electronic check,77.2,48.98,0,Yes
CUST-14329,Female,0,No,Yes,25,Yes,No,No,No internet service,No internet service,No internet service,No internet service,No internet service,No internet service,Month-to-month,Yes,Electronic check,18.0,477.48,1,No
CUST-14330,Male,0,Yes,Yes,2,Yes,No,Fiber optic,No,No,No,Yes,Yes,No,One year,Yes,Credit card (automatic),86.94,189.4,0,No
CUST-14331,Male,1,Yes,No,21,Yes,No,No,No internet service,No internet service,No internet service,No internet service,No internet service,No internet service,Month-to-month,Yes,Electronic check,18.0,394.47,1,Yes
CUST-14332,Male,1,No,No,48,Yes,No,Fiber optic,No,Yes,No,No,No,No,Month-to-month,Yes,Electronic check,62.77,3003.27,1,Yes
CUST-14333,Male,0,No,No,36,Yes,No,DSL,No,No,No,No,No,No,Month-to-month,Yes,Mailed check,43.99,1585.09,2,No
CUST-14334,Female,0,Yes,No,18,Yes,No,Fiber optic,No,No,No,No,Yes,Yes,Two year,Yes,Electronic check,82.09,1474.94,0,No
CUST-14335,Male,0,No,No,28,Yes,No,DSL,Yes,Yes,No,Yes,Yes,Yes,One year,Yes,Mailed check,71.39,1943.36,0,No
CUST-14336,Female,0,No,No,14,Yes,Yes,No,No internet service,No internet service,No internet service,No internet service,No internet service,No internet service,One year,Yes,Mailed check,24.18,323.15,1,No
CUST-14337,Female,0,Yes,No,7,Yes,No,Fiber optic,No,Yes,Yes,Yes,Yes,Yes,One year,Yes,Electronic check,108.54,753.0,1,No
CUST-14338,Female,0,Yes,No,13,Yes,No,Fiber optic,No,No,No,Yes,Yes,Yes,Month-to-month,No,Electronic check,90.82,1183.75,1,Yes
CUST-14339,Male,0,Yes,No,45,Yes,No,Fiber optic,No,No,Yes,Yes,Yes,No,One year,No,Electronic check,77.05,3459.77,0,No
CUST-14340,Female,1,No,No,55,Yes,Yes,DSL,No,Yes,No,Yes,Yes,Yes,Month-to-month,No,Mailed check,62.79,3465.02,1,No
CUST-14341,Female,0,Yes,No,47,Yes,Yes,Fiber optic,No,No,No,Yes,Yes,No,Month-to-month,No,Credit card (automatic),81.44,3816.45,1,No
CUST-14342,Female,0,Yes,No,43,Yes,No,No,No internet service,No internet service,No internet service,No internet service,No internet service,No internet service,Month-to-month,No,Electronic check,18.0,793.9,0,Yes
CUST-14343,Male,0,No,No,9,Yes,No,No,No internet service,No internet service,No internet service,No internet service,No internet service,No internet service,One year,No,Bank transfer (automatic),22.41,208.71,0,No
CUST-14344,Male,0,No,Yes,20,Yes,No,Fiber optic,No,Yes,No,No,No,Yes,Month-to-month,No,Credit card (automatic),84.07,1685.32,0,No
CUST-14345,Female,0,Yes,No,21,Yes,No,Fiber optic,Yes,No,Yes,No,Yes,Yes,Month-to-month,Yes,Electronic check,81.27,1685.53,1,No
CUST-14346,Male,0,No,Yes,16,Yes,No,No,No internet service,No internet service,No internet service,No internet service,No internet service,No internet service,Month-to-month,Yes,Bank transfer (automatic),20.68,346.13,0,Yes
CUST-14347,Female,0,Yes,No,10,Yes,Yes,DSL,No,No,Yes,Yes,No,No,Month-to-month,Yes,Bank transfer (automatic),57.78,599.16,0,Yes
CUST-14348,Female,0,Yes,No,29,Yes,No,DSL,No,No,Yes,Yes,No,No,Month-to-month,No,Bank transfer (automatic),49.69,1462.35,1,No
CUST-14349,Male,1,No,No,28,Yes,Yes,DSL,No,Yes,No,No,Yes,No,One year,No,Credit card (automatic),54.83,1532.32,0,No
CUST-14350,Female,0,No,Yes,19,Yes,Yes,No,No internet service,No internet service,No internet service,No internet service,No internet service,No internet service,Month-to-month,Yes,Mailed check,22.68,436.0,2,Yes
CUST-14351,Male,0,Yes,Yes,63,Yes,No,DSL,No,Yes,Yes,Yes,Yes,Yes,Month-to-month,Yes,Electronic check,69.37,4372.47,0,No
CUST-14352,Male,0,No,Yes,17,Yes,No,Fiber optic,No,Yes,Yes,No,No,No,One year,Yes,Mailed check,86.39,1428.47,2,Yes
CUST-14353,Female,0,No,No,22,Yes,Yes,Fiber optic,No,Yes,Yes,No,Yes,No,One year,No,Electronic check,81.03,1798.02,0,No
CUST-14354,Male,0,Yes,No,6,Yes,No,DSL,No,No,No,No,Yes,No,One year,Yes,Electronic check,49.05,287.8,0,No
CUST-14355,Male,0,No,No,40,Yes,Yes,No,No internet service,No internet service,No internet service,No internet service,No internet service,No internet service,Month-to-month,Yes,Credit card (automatic),18.33,734.59,0,No
CUST-14356,Female,1,Yes,No,53,Yes,Yes,Fiber optic,Yes,Yes,No,No,Yes,Yes,Two year,Yes,Mailed check,90.84,4795.05,1,No
CUST-14357,Female,1,No,No,5,Yes,Yes,Fiber optic,No,No,Yes,No,No,Yes,Month-to-month,No,Mailed check,82.38,378.31,2,Yes
CUST-14358,Male,0,No,No,34,Yes,Yes,DSL,Yes,No,No,No,No,Yes,One year,No,Electronic check,51.8,1773.12,0,No
CUST-14359,Male,1,Yes,Yes,18,Yes,Yes,DSL,No,No,Yes,No,Yes,Yes,Month-to-month,No,Electronic check,58.03,1060.67,1,No
CUST-14360,Female,0,Yes,Yes,41,Yes,Yes,Fiber optic,No,No,Yes,No,Yes,Yes,Month-to-month,Yes,Electronic check,81.1,3321.34,3,Yes
CUST-14361,Male,0,Yes,No,29,Yes,Yes,Fiber optic,No,No,No,No,Yes,No,One year,Yes,Credit card (automatic),76.23,2216.99,0,No
CUST-14362,Male,0,Yes,No,29,Yes,No,Fiber optic,Yes,Yes,Yes,No,Yes,No,Month-to-month,Yes,Credit card (automatic),95.25,2737.88,1,Yes
CUST-14363,Male,1,Yes,No,28,Yes,Yes,DSL,No,Yes,Yes,No,Yes,No,Month-to-month,Yes,Mailed check,60.13,1682.94,1,Yes
CUST-14364,Male,0,Yes,No,72,Yes,No,No,No internet service,No internet service,No internet service,No internet service,No internet service,No internet service,One year,No,Electronic check,18.0,1302.39,0,No
CUST-14365,Male,0,No,No,7,No,No phone service,Fiber optic,No,Yes,Yes,Yes,Yes,No,Month-to-month,Yes,Bank transfer (automatic),88.18,643.25,3,No
CUST-14366,Male,0,Yes,No,2,Yes,No,Fiber optic,Yes,No,No,No,No,No,One year,No,Credit card (automatic),78.36,158.5,0,No
CUST-14367,Male,0,No,Yes,40,Yes,No,DSL,No,No,No,No,No,Yes,One year,Yes,Credit card (automatic),39.77,1564.48,0,No
CUST-14368,Female,0,No,No,9,Yes,Yes,Fiber optic,No,No,No,Yes,No,No,Month-to-month,No,Bank transfer (automatic),74.28,705.43,2,No
CUST-14369,Female,1,Yes,No,42,No,No phone service,DSL,Yes,No,Yes,No,No,No,Month-to-month,Yes,Mailed check,51.69,2180.88,1,Yes
CUST-14370,Female,0,No,Yes,39,Yes,No,DSL,No,Yes,No,No,Yes,Yes,Two year,Yes,Bank transfer (automatic),57.11,2236.84,0,No
CUST-14371,Female,0,Yes,No,13,Yes,No,Fiber optic,Yes,No,Yes,Yes,Yes,No,Month-to-month,No,Electronic check,95.81,1241.95,1,Yes
CUST-14372,Female,0,Yes,No,72,Yes,No,No,No internet service,No internet service,No internet service,No internet service,No internet service,No internet service,One year,No,Bank transfer (automatic),19.31,1362.72,0,No
CUST-14373,Male,0,No,No,60,Yes,No,No,No internet service,No internet service,No internet service,No internet service,No internet service,No internet service,Month-to-month,Yes,Bank transfer (automatic),18.0,1080.6,2,No
CUST-14374,Male,0,Yes,No,23,Yes,No,Fiber optic,No,No,No,Yes,No,No,Two year,No,Bank transfer (automatic),77.18,1766.78,0,No
CUST-14375,Male,0,No,No,28,Yes,No,Fiber optic,No,Yes,No,Yes,No,No,Month-to-month,Yes,Mailed check,83.22,2347.02,1,No
CUST-14376,Male,0,No,No,51,Yes,No,Fiber optic,Yes,Yes,No,No,No,No,One year,Yes,Bank transfer (automatic),86.55,4402.46,0,No
CUST-14377,Female,0,No,No,8,Yes,Yes,DSL,No,Yes,Yes,Yes,No,Yes,Month-to-month,No,Bank transfer (automatic),67.63,522.08,0,No
CUST-14378,Male,0,No,Yes,34,Yes,No,No,No internet service,No internet service,No internet service,No internet service,No internet service,No internet service,One year,Yes,Electronic check,18.0,615.21,1,No
CUST-14379,Male,0,No,No,22,Yes,No,Fiber optic,No,Yes,No,No,Yes,No,Month-to-month,Yes,Credit card (automatic),89.08,1952.08,3,No
CUST-14380,Female,0,Yes,No,62,Yes,No,Fiber optic,Yes,No,Yes,Yes,Yes,Yes,One year,No,Bank transfer (automatic),104.99,6501.19,0,No
CUST-14381,Male,0,Yes,Yes,4,Yes,Yes,No,No internet service,No internet service,No internet service,No internet service,No internet service,No internet service,Month-to-month,No,Bank transfer (automatic),32.19,121.48,0,No
CUST-14382,Male,1,No,No,30,Yes,No,No,No internet service,No internet service,No internet service,No internet service,No internet service,No internet service,Month-to-month,Yes,Mailed check,25.74,789.82,2,No
CUST-14383,Female,0,Yes,No,8,No,No phone service,Fiber optic,Yes,No,Yes,Yes,Yes,Yes,Two year,Yes,Credit card (automatic),100.79,782.29,1,No
CUST-14384,Male,0,Yes,No,34,Yes,Yes,Fiber optic,No,No,No,No,No,No,Month-to-month,Yes,Mailed check,57.99,1969.99,1,Yes
CUST-14385,Male,0,Yes,No,25,Yes,Yes,No,No internet service,No internet service,No internet service,No internet service,No internet service,No internet service,Month-to-month,Yes,Bank transfer (automatic),28.11,688.6,2,No
CUST-14386,Male,0,No,No,27,Yes,No,Fiber optic,Yes,Yes,No,No,No,No,Month-to-month,No,Credit card (automatic),81.03,2173.45,1,No
CUST-14387,Male,1,Yes,No,44,Yes,No,No,No internet service,No internet service,No internet service,No internet service,No internet service,No internet service,Two year,Yes,Credit card (automatic),19.01,818.36,0,No
CUST-14388,Male,0,No,No,37,Yes,Yes,DSL,Yes,No,Yes,No,No,No,Month-to-month,Yes,Bank transfer (automatic),58.28,2185.67,1,No
CUST-14389,Female,0,Yes,No,14,Yes,No,DSL,Yes,No,No,No,No,No,Month-to-month,No,Electronic check,47.27,649.22,2,No
CUST-14390,Female,0,Yes,No,3,Yes,Yes,Fiber optic,Yes,No,Yes,No,No,Yes,One year,No,Credit card (automatic),91.72,277.18,1,Yes
CUST-14391,Female,0,Yes,No,4,Yes,No,DSL,Yes,No,No,Yes,Yes,No,Month-to-month,No,Credit card (automatic),53.64,244.37,1,No
CUST-14392,Female,0,Yes,Yes,14,Yes,Yes,No,No internet service,No internet service,No internet service,No internet service,No internet service,No internet service,Month-to-month,Yes,Electronic check,25.0,355.51,0,No
CUST-14393,Female,0,No,No,28,Yes,No,Fiber optic,No,Yes,No,No,No,Yes,Two year,No,Mailed check,83.82,2309.22,0,No
CUST-14394,Female,0,Yes,No,24,Yes,Yes,No,No internet service,No internet service,No internet service,No internet service,No internet service,No internet service,Month-to-month,Yes,Mailed check,20.03,495.1,0,Yes
CUST-14395,Male,0,Yes,No,29,Yes,No,DSL,No,Yes,No,No,Yes,No,One year,Yes,Electronic check,62.55,1794.57,0,No
CUST-14396,Female,0,No,No,53,Yes,Yes,DSL,No,Yes,Yes,No,Yes,Yes,Month-to-month,No,Electronic check,70.51,3698.37,1,No
CUST-14397,Female,1,No,No,15,Yes,Yes,DSL,No,Yes,No,No,Yes,Yes,Two year,Yes,Mailed check,77.66,1172.22,0,No
CUST-14398,Male,0,Yes,No,42,Yes,Yes,DSL,No,No,No,No,No,No,Two year,No,Credit card (automatic),41.91,1757.9,1,No
CUST-14399,Male,0,Yes,No,27,Yes,No,Fiber optic,No,Yes,Yes,Yes,No,Yes,Month-to-month,Yes,Electronic check,92.21,2486.14,2,Yes
CUST-14400,Female,0,No,No,56,Yes,Yes,DSL,No,No,No,No,No,No,One year,No,Credit card (automatic),45.97,2577.52,0,No
CUST-14401,Male,0,No,No,29,Yes,No,Fiber optic,No,No,Yes,No,Yes,No,One year,Yes,Credit card (automatic),86.31,2492.75,0,No
CUST-14402,Female,0,Yes,No,69,No,No phone service,No,No internet service,No internet service,No internet service,No internet service,No internet service,No internet service,Month-to-month,No,Credit card (automatic),20.6,1427.33,1,No
CUST-14403,Male,0,Yes,No,39,Yes,No,DSL,No,Yes,No,No,No,No,Month-to-month,No,Mailed check,43.72,1721.27,2,No
CUST-14404,Female,0,Yes,No,49,Yes,No,DSL,No,No,No,Yes,Yes,No,Two year,No,Mailed check,42.93,2098.99,0,No
CUST-14405,Male,0,Yes,Yes,15,Yes,Yes,Fiber optic,No,No,No,Yes,Yes,Yes,Month-to-month,Yes,Mailed check,82.48,1229.16,0,Yes
CUST-14406,Male,0,No,Yes,55,Yes,No,Fiber optic,No,Yes,No,No,Yes,Yes,Month-to-month,No,Credit card (automatic),88.98,4877.15,1,No
CUST-14407,Female,1,No,Yes,70,Yes,No,No,No internet service,No internet service,No internet service,No internet service,No internet service,No internet service,Two year,Yes,Mailed check,21.53,1516.62,0,No
CUST-14408,Female,0,Yes,No,36,Yes,No,Fiber optic,No,Yes,No,No,No,No,One year,Yes,Electronic check,70.71,2568.28,0,No
CUST-14409,Female,0,No,No,20,Yes,No,No,No internet service,No internet service,No internet service,No internet service,No internet service,No internet service,Month-to-month,No,Electronic check,18.68,368.67,1,Yes
CUST-14410,Female,0,Yes,No,50,No,No phone service,DSL,No,Yes,Yes,Yes,No,No,Month-to-month,Yes,Mailed check,55.02,2760.55,1,No
CUST-14411,Female,0,Yes,Yes,41,Yes,Yes,Fiber optic,Yes,No,No,Yes,Yes,No,Month-to-month,Yes,Credit card (automatic),83.45,3411.05,3,No
CUST-14412,Male,0,Yes,No,72,Yes,No,No,No internet service,No internet service,No internet service,No internet service,No internet service,No internet service,Two year,No,Mailed check,24.88,1786.3,0,No
CUST-14413,Female,0,Yes,No,35,Yes,Yes,No,No internet service,No internet service,No internet service,No internet service,No internet service,No internet service,Two year,Yes,Bank transfer (automatic),18.0,655.91,0,Yes
CUST-14414,Female,0,No,No,23,Yes,Yes,Fiber optic,Yes,No,Yes,Yes,No,No,Month-to-month,No,Electronic check,92.38,2112.98,1,No
CUST-14415,Male,0,Yes,No,27,Yes,No,Fiber optic,Yes,No,Yes,Yes,Yes,No,Two year,No,Credit card (automatic),82.85,2251.53,1,No
CUST-14416,Male,0,Yes,Yes,12,Yes,Yes,DSL,No,No,Yes,No,No,No,Month-to-month,Yes,Mailed check,47.18,555.42,1,Yes
CUST-14417,Female,0,No,No,19,Yes,Yes,DSL,No,No,No,No,No,Yes,One year,Yes,Credit card (automatic),60.04,1102.7,1,No
CUST-14418,Male,0,No,Yes,4,Yes,Yes,DSL,No,No,No,Yes,No,Yes,Month-to-month,No,Mailed check,43.16,192.56,2,No
CUST-14419,Male,0,No,No,22,Yes,No,DSL,Yes,No,Yes,No,Yes,Yes,Month-to-month,No,Bank transfer (automatic),66.78,1498.05,0,No
CUST-14420,Female,0,No,No,50,Yes,No,Fiber optic,No,Yes,Yes,No,No,No,Month-to-month,Yes,Mailed check,84.45,4213.78,0,Yes
CUST-14421,Male,0,Yes,No,72,Yes,No,DSL,No,No,No,Yes,Yes,No,Month-to-month,Yes,Electronic check,56.49,4090.21,1,No
CUST-14422,Male,0,No,No,18,No,No phone service,Fiber optic,No,No,Yes,No,No,No,Month-to-month,Yes,Electronic check,80.48,1429.18,1,Yes
CUST-14423,Female,0,No,Yes,38,Yes,No,No,No internet service,No internet service,No internet service,No internet service,No internet service,No internet service,Month-to-month,No,Electronic check,24.64,961.57,0,No
CUST-14424,Female,0,No,No,23,Yes,No,Fiber optic,No,No,No,Yes,Yes,No,Two year,No,Mailed check,77.53,1776.56,0,No
CUST-14425,Male,0,No,No,18,Yes,Yes,DSL,Yes,No,Yes,No,No,Yes,Two year,Yes,Bank transfer (automatic),64.94,1155.5,0,No
CUST-14426,Male,0,Yes,Yes,10,Yes,No,Fiber optic,Yes,No,Yes,No,No,Yes,Two year,No,Electronic check,84.96,829.37,0,No
CUST-14427,Female,0,No,No,65,Yes,No,No,No internet service,No internet service,No internet service,No internet service,No internet service,No internet service,Month-to-month,No,Mailed check,21.55,1434.15,0,Yes
CUST-14428,Male,0,Yes,No,5,Yes,No,DSL,No,Yes,Yes,No,Yes,No,Month-to-month,Yes,Mailed check,58.05,289.91,1,No
CUST-14429,Male,0,Yes,No,33,Yes,No,No,No internet service,No internet service,No internet service,No internet service,No internet service,No internet service,Month-to-month,No,Mailed check,32.17,1086.84,2,No
CUST-14430,Male,0,Yes,No,7,Yes,No,DSL,No,No,Yes,No,No,Yes,Month-to-month,No,Electronic check,53.87,373.17,2,No
CUST-14431,Female,0,No,Yes,15,Yes,No,Fiber optic,Yes,No,Yes,No,No,No,Month-to-month,No,Mailed check,76.0,1139.13,2,No
CUST-14432,Male,0,Yes,No,63,Yes,Yes,DSL,Yes,No,No,No,No,Yes,Month-to-month,Yes,Mailed check,60.99,3820.3,1,No
CUST-14433,Male,0,No,No,9,Yes,No,Fiber optic,Yes,Yes,No,No,Yes,No,Month-to-month,Yes,Electronic check,85.91,804.72,1,Yes
CUST-14434,Female,0,Yes,No,31,Yes,No,Fiber optic,No,No,Yes,Yes,Yes,No,Two year,No,Bank transfer (automatic),91.39,2823.93,0,No
CUST-14435,Male,1,No,No,55,Yes,No,Fiber optic,Yes,No,No,Yes,Yes,No,One year,Yes,Electronic check,85.07,4687.74,0,Yes
CUST-14436,Male,0,Yes,No,33,Yes,Yes,Fiber optic,No,No,Yes,No,No,Yes,Month-to-month,Yes,Credit card (automatic),74.51,2431.78,1,No
CUST-14437,Female,0,No,Yes,34,Yes,No,No,No internet service,No internet service,No internet service,No internet service,No internet service,No internet service,One year,Yes,Credit card (automatic),25.83,873.63,1,No
CUST-14438,Female,0,No,No,32,Yes,No,DSL,No,No,No,No,No,Yes,Month-to-month,No,Bank transfer (automatic),45.45,1460.47,3,No
CUST-14439,Female,0,Yes,No,48,Yes,No,Fiber optic,No,No,No,No,No,Yes,Month-to-month,Yes,Electronic check,70.66,3386.79,2,Yes
CUST-14440,Female,0,Yes,No,54,Yes,No,DSL,Yes,Yes,No,No,No,Yes,Month-to-month,No,Bank transfer (automatic),60.65,3263.82,0,No
CUST-14441,Male,0,No,No,30,Yes,No,Fiber optic,Yes,No,No,Yes,Yes,No,Two year,Yes,Bank transfer (automatic),83.28,2453.79,0,No
CUST-14442,Male,0,No,Yes,26,Yes,Yes,Fiber optic,Yes,No,Yes,No,Yes,No,Month-to-month,No,Mailed check,81.68,2126.86,1,No
CUST-14443,Female,0,No,Yes,6,Yes,Yes,DSL,Yes,No,No,No,No,No,One year,Yes,Electronic check,43.16,257.56,0,No
CUST-14444,Female,0,Yes,Yes,12,Yes,No,DSL,Yes,Yes,Yes,No,No,Yes,Month-to-month,Yes,Electronic check,71.32,833.75,5,Yes
CUST-14445,Male,0,No,No,32,No,No phone service,No,No internet service,No internet service,No internet service,No internet service,No internet service,No internet service,Month-to-month,Yes,Electronic check,27.07,871.29,1,Yes
CUST-14446,Female,0,Yes,No,4,Yes,No,DSL,No,No,No,No,Yes,No,Month-to-month,No,Bank transfer (automatic),47.02,212.57,2,Yes
CUST-14447,Male,0,No,No,11,Yes,No,Fiber optic,Yes,Yes,No,No,No,No,One year,Yes,Credit card (automatic),87.31,936.17,0,No
CUST-14448,Female,0,No,Yes,19,Yes,Yes,Fiber optic,Yes,Yes,No,No,No,Yes,Month-to-month,No,Mailed check,88.4,1645.51,1,No
CUST-14449,Male,0,Yes,Yes,8,Yes,No,DSL,No,Yes,No,No,No,Yes,One year,No,Electronic check,59.34,443.54,0,No
CUST-14450,Female,0,No,No,12,Yes,No,DSL,No,Yes,Yes,Yes,No,No,Month-to-month,Yes,Electronic check,64.58,769.79,3,No
CUST-14451,Female,0,No,No,34,Yes,Yes,Fiber optic,No,Yes,No,No,Yes,Yes,Month-to-month,No,Mailed check,83.71,2827.49,2,No
CUST-14452,Male,0,No,No,22,Yes,Yes,DSL,Yes,Yes,No,Yes,No,Yes,One year,Yes,Electronic check,63.3,1414.55,1,No
CUST-14453,Female,0,Yes,No,40,No,No phone service,No,No internet service,No internet service,No internet service,No internet service,No internet service,No internet service,Month-to-month,No,Electronic check,19.1,742.84,2,No
CUST-14454,Male,1,Yes,No,18,Yes,Yes,No,No internet service,No internet service,No internet service,No internet service,No internet service,No internet service,Month-to-month,Yes,Electronic check,19.24,350.75,0,No
CUST-14455,Male,1,No,Yes,22,Yes,No,Fiber optic,Yes,Yes,Yes,No,No,Yes,Month-to-month,No,Bank transfer (automatic),96.62,2107.17,4,No
CUST-14456,Male,0,Yes,Yes,29,Yes,No,DSL,No,No,No,Yes,No,No,One year,No,Bank transfer (automatic),52.08,1502.78,1,No
CUST-14457,Male,0,Yes,Yes,12,Yes,Yes,Fiber optic,No,No,Yes,No,No,Yes,One year,Yes,Credit card (automatic),81.47,958.05,0,Yes
CUST-14458,Male,0,No,Yes,35,No,No phone service,DSL,No,No,No,No,No,Yes,Month-to-month,Yes,Bank transfer (automatic),53.17,1870.21,1,No
CUST-14459,Female,0,Yes,Yes,10,Yes,Yes,Fiber optic,No,No,Yes,No,No,Yes,One year,Yes,Electronic check,75.84,769.01,1,No
CUST-14460,Female,0,No,No,14,Yes,No,DSL,No,No,Yes,Yes,Yes,Yes,One year,No,Bank transfer (automatic),69.75,987.72,2,No
CUST-14461,Male,0,Yes,No,16,Yes,No,Fiber optic,No,No,Yes,No,No,Yes,Month-to-month,Yes,Electronic check,82.12,1308.25,0,No
CUST-14462,Female,1,Yes,No,14,Yes,No,DSL,No,Yes,Yes,No,Yes,No,Month-to-month,Yes,Mailed check,79.98,1083.83,2,No
CUST-14463,Male,0,No,No,26,Yes,No,Fiber optic,No,No,No,Yes,Yes,Yes,One year,Yes,Electronic check,80.58,2080.38,0,No
CUST-14464,Female,0,No,No,14,Yes,Yes,DSL,Yes,Yes,Yes,No,Yes,Yes,One year,No,Electronic check,74.72,1081.65,0,No
CUST-14465,Female,0,No,Yes,21,No,No phone service,Fiber optic,No,No,No,No,Yes,Yes,Month-to-month,Yes,Mailed check,77.54,1624.28,1,Yes
CUST-14466,Female,0,No,No,52,Yes,No,DSL,No,No,No,Yes,No,Yes,One year,Yes,Electronic check,56.78,2944.86,0,No
CUST-14467,Female,0,No,No,55,Yes,No,No,No internet service,No internet service,No internet service,No internet service,No internet service,No internet service,Month-to-month,No,Electronic check,26.76,1498.81,4,No
CUST-14468,Male,0,Yes,No,0,Yes,No,Fiber optic,No,No,No,No,No,No,One year,No,Electronic check,79.49,,2,Yes
CUST-14469,Male,0,Yes,No,34,Yes,No,DSL,No,No,No,Yes,No,No,Month-to-month,No,Bank transfer (automatic),46.94,1591.95,1,No
CUST-14470,Female,0,Yes,Yes,3,Yes,Yes,Fiber optic,Yes,No,No,No,No,No,Month-to-month,Yes,Electronic check,74.26,232.28,0,No
CUST-14471,Female,0,No,No,35,Yes,Yes,DSL,No,No,Yes,Yes,No,No,Month-to-month,Yes,Mailed check,45.45,1621.03,1,No
CUST-14472,Male,1,Yes,Yes,46,No,No phone service,Fiber optic,No,No,No,Yes,No,Yes,Month-to-month,Yes,Bank transfer (automatic),89.47,4093.26,4,No
CUST-14473,Female,0,Yes,No,16,Yes,No,DSL,Yes,Yes,Yes,No,No,Yes,Month-to-month,Yes,Electronic check,63.58,991.57,2,No
CUST-14474,Male,0,Yes,No,56,Yes,No,Fiber optic,No,No,Yes,No,No,Yes,One year,Yes,Credit card (automatic),72.09,4024.47,0,No
CUST-14475,Male,0,Yes,Yes,13,Yes,No,DSL,No,Yes,Yes,Yes,No,Yes,One year,No,Credit card (automatic),67.85,882.5,1,Yes
CUST-14476,Male,0,Yes,Yes,50,Yes,Yes,Fiber optic,No,Yes,No,No,No,No,One year,No,Credit card (automatic),69.82,3501.12,0,No
CUST-14477,Female,0,No,Yes,46,Yes,No,Fiber optic,No,No,Yes,No,Yes,No,Month-to-month,No,Mailed check,76.24,3533.38,3,Yes
CUST-14478,Male,1,Yes,Yes,6,No,No phone service,No,No internet service,No internet service,No internet service,No internet service,No internet service,No internet service,One year,Yes,Mailed check,18.0,95.01,0,No
CUST-14479,Female,0,No,No,18,Yes,No,No,No internet service,No internet service,No internet service,No internet service,No internet service,No internet service,Month-to-month,No,Bank transfer (automatic),26.32,464.45,3,No
CUST-14480,Male,0,No,No,5,Yes,Yes,No,No internet service,No internet service,No internet service,No internet service,No internet service,No internet service,Month-to-month,Yes,Electronic check,28.51,166.05,1,No
CUST-14481,Female,0,Yes,Yes,8,Yes,No,DSL,Yes,Yes,Yes,No,No,Yes,Month-to-month,Yes,Electronic check,69.48,562.36,2,Yes
CUST-14482,Female,0,No,No,57,Yes,Yes,Fiber optic,No,No,No,Yes,Yes,Yes,Month-to-month,Yes,Electronic check,85.58,4872.37,1,No
CUST-14483,Female,0,Yes,No,35,Yes,No,Fiber optic,Yes,No,No,No,Yes,No,Month-to-month,Yes,Bank transfer (automatic),74.8,2614.21,1,Yes
CUST-14484,Male,0,No,Yes,14,Yes,No,Fiber optic,No,No,Yes,No,No,Yes,Month-to-month,Yes,Electronic check,78.97,1133.07,1,No
CUST-14485,Male,0,No,Yes,3,Yes,No,No,No internet service,No internet service,No internet service,No internet service,No internet service,No internet service,Two year,Yes,Bank transfer (automatic),21.68,118.83,0,No
CUST-14486,Female,0,No,No,5,Yes,No,DSL,Yes,No,No,No,No,No,Two year,Yes,Electronic check,53.72,301.28,0,Yes
CUST-14487,Female,1,No,Yes,21,Yes,Yes,Fiber optic,No,Yes,Yes,No,No,Yes,Two year,Yes,Bank transfer (automatic),89.69,1885.6,0,Yes
CUST-14488,Female,0,Yes,No,59,Yes,No,Fiber optic,No,No,No,No,No,Yes,Month-to-month,Yes,Mailed check,77.78,4596.56,2,Yes
CUST-14489,Male,0,Yes,Yes,42,Yes,No,DSL,No,Yes,No,Yes,No,Yes,Two year,No,Electronic check,63.79,2697.26,0,No
CUST-14490,Male,0,No,No,22,Yes,No,No,No internet service,No internet service,No internet service,No internet service,No internet service,No internet service,Month-to-month,No,Electronic check,21.95,453.79,4,Yes
CUST-14491,Male,0,Yes,No,22,Yes,Yes,DSL,No,No,No,Yes,No,Yes,One year,No,Electronic check,58.83,1288.97,1,No
CUST-14492,Male,0,Yes,No,30,Yes,Yes,Fiber optic,Yes,No,No,Yes,No,No,Month-to-month,No,Electronic check,74.34,2217.34,0,No
CUST-14493,Female,0,Yes,No,53,Yes,Yes,No,No internet service,No internet service,No internet service,No internet service,No internet service,No internet service,Month-to-month,No,Mailed check,18.0,961.59,0,No
CUST-14494,Female,1,No,No,10,Yes,No,Fiber optic,No,Yes,Yes,No,Yes,Yes,Month-to-month,No,Credit card (automatic),97.05,947.15,2,No
CUST-14495,Male,0,Yes,Yes,29,Yes,Yes,No,No internet service,No internet service,No internet service,No internet service,No internet service,No internet service,One year,No,Bank transfer (automatic),20.69,635.21,0,No
CUST-14496,Male,0,No,No,8,Yes,Yes,DSL,Yes,No,Yes,No,No,Yes,Month-to-month,No,Credit card (automatic),66.95,540.58,0,No
CUST-14497,Female,1,Yes,No,27,Yes,No,Fiber optic,No,No,No,No,No,Yes,One year,No,Credit card (automatic),80.33,2161.92,1,No
CUST-14498,Male,0,Yes,No,22,Yes,No,Fiber optic,No,No,No,No,No,No,Two year,Yes,Mailed check,66.96,1470.31,0,No
CUST-14499,Male,0,No,No,5,Yes,No,Fiber optic,Yes,Yes,No,Yes,No,Yes,Month-to-month,No,Electronic check,98.32,506.92,0,Yes
CUST-14500,Male,0,Yes,Yes,30,Yes,No,DSL,No,No,No,Yes,No,No,Month-to-month,No,Credit card (automatic),58.14,1715.81,1,No
CUST-14501,Male,0,No,No,16,No,No phone service,Fiber optic,Yes,No,No,No,Yes,Yes,One year,Yes,Bank transfer (automatic),85.76,1356.47,1,No
CUST-14502,Male,0,Yes,No,18,Yes,No,DSL,Yes,Yes,Yes,Yes,Yes,Yes,Month-to-month,Yes,Credit card (automatic),85.13,1548.16,1,No
CUST-14503,Male,0,Yes,No,11,Yes,Yes,DSL,No,No,No,No,No,No,Two year,Yes,Bank transfer (automatic),43.04,460.15,2,Yes
CUST-14504,Female,0,Yes,No,27,Yes,Yes,Fiber optic,Yes,No,No,Yes,Yes,No,Two year,No,Bank transfer (automatic),89.36,2435.42,0,No
CUST-14505,Male,1,No,Yes,26,Yes,No,Fiber optic,No,No,Yes,Yes,No,No,Month-to-month,No,Credit card (automatic),85.99,2232.05,0,No
CUST-14506,Male,0,No,No,41,Yes,No,No,No internet service,No internet service,No internet service,No internet service,No internet service,No internet service,Month-to-month,Yes,Bank transfer (automatic),18.0,734.55,0,No
CUST-14507,Female,0,No,No,32,Yes,No,Fiber optic,No,Yes,Yes,Yes,No,Yes,Two year,Yes,Mailed check,91.4,2913.65,0,Yes
CUST-14508,Female,0,Yes,No,11,Yes,No,Fiber optic,No,Yes,No,No,No,No,Two year,No,Mailed check,72.56,811.63,0,Yes
CUST-14509,Female,1,No,No,42,Yes,No,DSL,No,No,No,Yes,No,No,Month-to-month,No,Credit card (automatic),49.56,2088.94,2,No
CUST-14510,Male,0,No,No,49,Yes,No,DSL,Yes,Yes,No,Yes,No,No,Month-to-month,Yes,Bank transfer (automatic),69.1,3380.48,1,No
CUST-14511,Female,1,No,Yes,13,Yes,No,Fiber optic,No,No,No,No,No,No,One year,No,Mailed check,69.15,916.3,1,No
CUST-14512,Male,0,No,No,19,No,No phone service,DSL,No,No,No,No,No,No,Month-to-month,Yes,Mailed check,45.32,836.13,1,No
CUST-14513,Male,0,No,No,16,Yes,Yes,Fiber optic,No,No,No,No,Yes,No,Two year,Yes,Bank transfer (automatic),78.87,1251.19,0,No
CUST-14514,Male,0,Yes,No,25,No,No phone service,DSL,Yes,No,Yes,Yes,Yes,Yes,Two year,No,Electronic check,68.75,1708.09,2,No
CUST-14515,Female,0,No,No,12,Yes,Yes,DSL,Yes,No,No,No,Yes,No,One year,No,Electronic check,50.17,583.13,0,No
CUST-14516,Female,0,Yes,No,40,Yes,No,Fiber optic,Yes,No,Yes,No,No,No,Month-to-month,Yes,Electronic check,78.46,3142.47,1,Yes
CUST-14517,Female,0,No,Yes,10,Yes,Yes,No,No internet service,No internet service,No internet service,No internet service,No internet service,No internet service,One year,Yes,Credit card (automatic),18.0,154.98,0,No
CUST-14518,Female,0,Yes,Yes,17,Yes,No,Fiber optic,No,Yes,No,No,Yes,No,Month-to-month,Yes,Electronic check,78.69,1319.17,1,No
CUST-14519,Female,0,Yes,No,31,Yes,No,DSL,Yes,No,No,Yes,Yes,Yes,Month-to-month,No,Mailed check,71.86,2225.58,2,No
CUST-14520,Male,0,Yes,No,25,Yes,No,No,No internet service,No internet service,No internet service,No internet service,No internet service,No internet service,Month-to-month,No,Credit card (automatic),18.0,426.37,0,No
CUST-14521,Male,0,Yes,No,26,Yes,No,Fiber optic,Yes,No,No,Yes,No,No,Month-to-month,Yes,Electronic check,89.39,2336.96,2,No
CUST-14522,Male,0,Yes,No,9,Yes,No,No,No internet service,No internet service,No internet service,No internet service,No internet service,No internet service,One year,Yes,Electronic check,26.31,265.56,0,No
CUST-14523,Male,0,No,No,22,Yes,No,DSL,Yes,No,Yes,Yes,Yes,No,Two year,Yes,Credit card (automatic),56.55,1255.11,0,No
CUST-14524,Female,0,No,No,48,No,No phone service,Fiber optic,No,No,No,Yes,No,Yes,Month-to-month,No,Bank transfer (automatic),82.34,3948.81,3,No
CUST-14525,Female,0,No,No,39,Yes,No,DSL,Yes,No,No,Yes,No,Yes,Month-to-month,Yes,Electronic check,55.23,2133.05,0,No
CUST-14526,Male,0,No,No,19,Yes,Yes,DSL,No,No,Yes,No,No,No,Month-to-month,Yes,Credit card (automatic),51.14,960.58,1,No
CUST-14527,Female,0,Yes,Yes,24,Yes,Yes,DSL,Yes,Yes,Yes,No,No,No,Month-to-month,No,Bank transfer (automatic),56.33,1333.71,1,No
CUST-14528,Female,0,No,No,28,Yes,Yes,DSL,No,No,Yes,No,No,No,One year,Yes,Credit card (automatic),47.45,1353.01,0,No
CUST-14529,Male,0,Yes,No,57,Yes,No,No,No internet service,No internet service,No internet service,No internet service,No internet service,No internet service,Month-to-month,Yes,Electronic check,18.53,1063.27,1,No
CUST-14530,Male,0,No,No,16,Yes,No,Fiber optic,No,No,Yes,No,No,No,Two year,Yes,Mailed check,76.99,1228.35,1,No
CUST-14531,Female,0,Yes,Yes,38,Yes,Yes,Fiber optic,No,Yes,No,Yes,No,No,One year,No,Bank transfer (automatic),80.61,3076.78,0,No
CUST-14532,Female,0,Yes,No,25,Yes,Yes,No,No internet service,No internet service,No internet service,No internet service,No internet service,No internet service,Month-to-month,No,Mailed check,20.22,470.39,0,No
CUST-14533,Male,0,Yes,No,48,Yes,No,DSL,Yes,No,No,No,Yes,Yes,Month-to-month,Yes,Electronic check,67.43,3232.56,4,No
CUST-14534,Male,1,Yes,Yes,51,No,No phone service,DSL,Yes,Yes,No,Yes,No,No,Month-to-month,Yes,Electronic check,65.06,3361.12,0,No
CUST-14535,Male,0,Yes,No,26,Yes,Yes,DSL,Yes,No,No,No,No,Yes,Month-to-month,Yes,Bank transfer (automatic),57.04,1491.57,1,No
CUST-14536,Female,0,Yes,No,14,Yes,Yes,No,No internet service,No internet service,No internet service,No internet service,No internet service,No internet service,Month-to-month,Yes,Mailed check,18.47,220.55,3,No
CUST-14537,Male,0,No,No,47,Yes,No,Fiber optic,No,No,Yes,No,Yes,Yes,Month-to-month,Yes,Electronic check,95.07,4459.47,3,No
CUST-14538,Male,0,No,Yes,24,No,No phone service,Fiber optic,Yes,Yes,Yes,Yes,No,No,Two year,Yes,Bank transfer (automatic),95.96,2301.14,0,No
CUST-14539,Female,0,Yes,Yes,7,Yes,No,No,No internet service,No internet service,No internet service,No internet service,No internet service,No internet service,Month-to-month,No,Mailed check,18.0,141.36,1,No
CUST-14540,Female,0,Yes,No,5,Yes,No,DSL,Yes,No,Yes,No,Yes,No,One year,No,Electronic check,64.05,286.27,1,No
CUST-14541,Female,0,No,No,24,Yes,Yes,DSL,Yes,Yes,No,Yes,No,No,Month-to-month,No,Bank transfer (automatic),64.56,1550.69,1,No
CUST-14542,Female,0,Yes,Yes,1,Yes,No,Fiber optic,Yes,Yes,Yes,No,No,Yes,Month-to-month,No,Mailed check,95.23,85.92,2,Yes
CUST-14543,Female,1,No,Yes,16,Yes,No,No,No internet service,No internet service,No internet service,No internet service,No internet service,No internet service,Month-to-month,No,Bank transfer (automatic),20.36,330.06,1,Yes
CUST-14544,Male,0,Yes,No,49,Yes,Yes,DSL,Yes,Yes,No,No,No,Yes,Month-to-month,No,Electronic check,72.56,3570.85,2,No
CUST-14545,Male,0,No,Yes,55,Yes,No,DSL,Yes,No,No,No,No,Yes,Month-to-month,No,Electronic check,58.04,3204.18,2,No
CUST-14546,Female,0,No,No,49,No,No phone service,Fiber optic,Yes,No,No,No,Yes,No,One year,Yes,Mailed check,70.77,3474.94,1,No
CUST-14547,Female,0,No,No,24,Yes,Yes,DSL,No,No,Yes,No,Yes,No,One year,Yes,Credit card (automatic),45.13,1034.97,1,No
CUST-14548,Female,0,No,No,11,No,No phone service,Fiber optic,Yes,No,Yes,Yes,No,Yes,One year,Yes,Electronic check,84.71,909.6,0,No
CUST-14549,Female,0,Yes,No,53,Yes,No,Fiber optic,No,Yes,Yes,Yes,Yes,No,Two year,No,Bank transfer (automatic),94.49,4986.26,2,No
CUST-14550,Female,1,Yes,No,27,Yes,No,Fiber optic,No,No,Yes,No,No,No,Two year,Yes,Electronic check,80.49,2218.59,0,Yes
CUST-14551,Male,0,No,Yes,7,Yes,No,No,No internet service,No internet service,No internet service,No internet service,No internet service,No internet service,One year,Yes,Electronic check,27.36,199.32,0,No
CUST-14552,Male,0,No,No,26,Yes,No,Fiber optic,No,Yes,No,No,Yes,Yes,Month-to-month,No,Electronic check,85.83,2223.68,0,No
CUST-14553,Male,0,Yes,No,47,No,No phone service,DSL,No,Yes,No,No,Yes,Yes,Two year,Yes,Credit card (automatic),60.86,2872.47,2,No
CUST-14554,Male,0,No,No,2,Yes,Yes,Fiber optic,No,No,No,No,No,Yes,Two year,No,Electronic check,78.59,142.04,0,No
CUST-14555,Female,0,Yes,No,21,Yes,No,DSL,Yes,Yes,Yes,Yes,No,No,One year,Yes,Electronic check,66.49,1397.76,1,No
CUST-14556,Male,0,Yes,No,60,Yes,Yes,No,No internet service,No internet service,No internet service,No internet service,No internet service,No internet service,Month-to-month,No,Bank transfer (automatic),22.59,1375.09,0,No
CUST-14557,Female,0,No,Yes,24,Yes,No,Fiber optic,No,No,No,Yes,Yes,No,Month-to-month,No,Electronic check,77.51,1874.03,1,No
CUST-14558,Female,0,Yes,No,9,Yes,No,Fiber optic,Yes,No,Yes,No,Yes,No,One year,No,Electronic check,87.77,829.91,0,No
CUST-14559,Female,0,No,No,44,Yes,Yes,No,No internet service,No internet service,No internet service,No internet service,No internet service,No internet service,Two year,Yes,Electronic check,18.87,835.47,1,No
CUST-14560,Male,0,Yes,No,36,Yes,No,Fiber optic,No,Yes,No,No,No,No,One year,No,Credit card (automatic),83.09,2993.44,2,No
CUST-14561,Female,0,Yes,Yes,27,Yes,Yes,No,No internet service,No internet service,No internet service,No internet service,No internet service,No internet service,One year,Yes,Electronic check,23.49,673.22,1,No
CUST-14562,Male,0,No,Yes,9,Yes,No,DSL,Yes,No,No,Yes,Yes,No,Month-to-month,Yes,Credit card (automatic),71.44,632.0,0,Yes
CUST-14563,Male,0,No,Yes,30,Yes,No,DSL,No,Yes,No,No,No,No,Month-to-month,Yes,Electronic check,53.09,1645.44,0,No
CUST-14564,Female,0,Yes,No,38,Yes,No,Fiber optic,No,No,Yes,Yes,Yes,No,One year,No,Electronic check,83.98,3187.19,0,No
CUST-14565,Female,1,Yes,No,7,Yes,No,DSL,No,No,No,No,Yes,No,Month-to-month,Yes,Credit card (automatic),47.55,333.67,1,Yes
CUST-14566,Female,1,Yes,No,29,Yes,No,Fiber optic,No,No,No,Yes,Yes,Yes,One year,Yes,Bank transfer (automatic),83.85,2437.44,0,No
CUST-14567,Male,0,Yes,No,19,Yes,No,Fiber optic,No,Yes,Yes,No,No,No,One year,Yes,Mailed check,85.81,1600.69,0,No
CUST-14568,Female,0,No,Yes,4,Yes,Yes,Fiber optic,No,Yes,No,Yes,No,Yes,Month-to-month,Yes,Mailed check,88.03,347.37,0,Yes
CUST-14569,Male,0,No,No,20,No,No phone service,No,No internet service,No internet service,No internet service,No internet service,No internet service,No internet service,Month-to-month,Yes,Electronic check,19.1,364.12,2,No
CUST-14570,Female,0,Yes,No,17,Yes,Yes,Fiber optic,Yes,Yes,Yes,No,Yes,Yes,Two year,Yes,Bank transfer (automatic),102.88,1761.63,0,No
CUST-14571,Female,0,Yes,No,22,Yes,No,No,No internet service,No internet service,No internet service,No internet service,No internet service,No internet service,Month-to-month,No,Bank transfer (automatic),24.67,533.93,0,Yes
CUST-14572,Male,0,No,No,15,Yes,Yes,Fiber optic,Yes,Yes,Yes,No,Yes,No,Month-to-month,No,Electronic check,94.66,1419.4,1,No
CUST-14573,Male,0,No,No,5,Yes,No,Fiber optic,No,No,Yes,Yes,No,No,One year,Yes,Credit card (automatic),78.54,388.56,1,No
CUST-14574,Male,0,No,No,58,Yes,Yes,Fiber optic,Yes,No,No,No,No,No,Two year,No,Mailed check,68.85,3977.54,0,No
CUST-14575,Male,0,No,Yes,72,Yes,No,No,No internet service,No internet service,No internet service,No internet service,No internet service,No internet service,Two year,Yes,Electronic check,25.23,1834.44,1,No
CUST-14576,Male,0,Yes,No,17,Yes,Yes,DSL,No,Yes,Yes,No,No,Yes,Month-to-month,Yes,Electronic check,63.55,1104.05,5,Yes
CUST-14577,Male,0,No,Yes,24,Yes,No,Fiber optic,No,Yes,Yes,No,Yes,Yes,Month-to-month,Yes,Credit card (automatic),97.63,2316.88,1,Yes
CUST-14578,Female,1,No,No,72,Yes,Yes,DSL,Yes,Yes,Yes,Yes,Yes,No,Two year,No,Mailed check,64.89,4665.94,0,No
CUST-14579,Female,0,No,Yes,9,Yes,Yes,DSL,Yes,Yes,Yes,Yes,Yes,No,One year,No,Mailed check,74.43,668.66,0,No
CUST-14580,Male,0,Yes,No,14,Yes,No,No,No internet service,No internet service,No internet service,No internet service,No internet service,No internet service,One year,Yes,Credit card (automatic),18.0,213.12,1,Yes
CUST-14581,Female,0,Yes,No,33,Yes,Yes,DSL,No,Yes,No,No,No,No,Month-to-month,Yes,Bank transfer (automatic),51.26,1694.55,0,No
CUST-14582,Male,0,Yes,No,28,Yes,No,Fiber optic,No,Yes,No,No,Yes,Yes,Month-to-month,Yes,Bank transfer (automatic),85.71,2409.38,2,No
CUST-14583,Female,0,No,No,47,Yes,No,Fiber optic,Yes,No,Yes,Yes,No,No,Month-to-month,Yes,Electronic check,90.75,4270.24,0,No
CUST-14584,Female,0,Yes,Yes,36,Yes,No,No,No internet service,No internet service,No internet service,No internet service,No internet service,No internet service,Month-to-month,Yes,Bank transfer (automatic),23.98,857.18,1,No
CUST-14585,Male,0,Yes,No,63,Yes,No,Fiber optic,Yes,No,Yes,No,No,No,Month-to-month,No,Mailed check,79.15,4998.09,0,Yes
CUST-14586,Male,0,No,No,31,Yes,No,DSL,No,No,No,Yes,Yes,No,Two year,Yes,Credit card (automatic),55.63,1731.15,1,No
CUST-14587,Male,0,Yes,No,7,Yes,No,Fiber optic,No,No,No,No,Yes,No,Month-to-month,No,Electronic check,73.13,480.65,0,No
CUST-14588,Female,0,Yes,No,18,Yes,Yes,DSL,Yes,Yes,No,No,No,Yes,Month-to-month,Yes,Electronic check,51.89,952.31,1,No
CUST-14589,Male,0,Yes,No,44,Yes,No,Fiber optic,No,Yes,Yes,No,Yes,No,Month-to-month,No,Electronic check,86.61,3815.9,1,Yes
CUST-14590,Female,0,Yes,No,20,Yes,Yes,Fiber optic,No,Yes,No,Yes,Yes,Yes,One year,Yes,Mailed check,80.78,1638.35,0,No
CUST-14591,Male,0,Yes,Yes,30,Yes,No,DSL,No,No,Yes,Yes,Yes,Yes,Two year,No,Electronic check,62.42,1867.03,0,No
CUST-14592,Female,0,No,Yes,30,Yes,No,No,No internet service,No internet service,No internet service,No internet service,No internet service,No internet service,One year,No,Credit card (automatic),21.35,677.86,1,No
CUST-14593,Female,1,No,Yes,13,Yes,No,DSL,No,No,Yes,No,No,No,Two year,No,Credit card (automatic),51.14,674.68,1,Yes
CUST-14594,Male,0,Yes,No,17,Yes,No,DSL,Yes,No,No,No,No,No,Two year,Yes,Bank transfer (automatic),54.85,956.34,0,No
CUST-14595,Female,1,Yes,No,28,Yes,No,DSL,No,No,Yes,No,No,No,Two year,Yes,Electronic check,50.08,1396.19,1,No
CUST-14596,Female,0,No,No,42,Yes,No,DSL,Yes,No,No,No,No,Yes,Month-to-month,No,Mailed check,61.79,2610.95,0,No
CUST-14597,Male,0,Yes,No,7,Yes,No,Fiber optic,No,No,No,No,No,Yes,Month-to-month,No,Credit card (automatic),78.06,554.59,1,Yes
CUST-14598,Female,1,Yes,No,25,No,No phone service,DSL,No,No,Yes,Yes,No,Yes,Month-to-month,Yes,Electronic check,63.0,1584.83,2,No
CUST-14599,Male,0,No,No,55,Yes,No,No,No internet service,No internet service,No internet service,No internet service,No internet service,No internet service,Month-to-month,Yes,Mailed check,18.0,1008.09,0,No
CUST-14600,Male,0,Yes,Yes,23,Yes,No,No,No internet service,No internet service,No internet service,No internet service,No internet service,No internet service,One year,Yes,Mailed check,28.47,648.54,1,No
CUST-14601,Male,0,Yes,Yes,34,No,No phone service,Fiber optic,No,No,No,Yes,Yes,No,Month-to-month,No,Credit card (automatic),74.98,2514.59,0,No
CUST-14602,Male,0,Yes,No,62,Yes,Yes,Fiber optic,Yes,No,Yes,No,No,Yes,One year,No,Electronic check,87.87,5473.13,2,No
CUST-14603,Female,1,No,No,27,Yes,Yes,No,No internet service,No internet service,No internet service,No internet service,No internet service,No internet service,Month-to-month,No,Electronic check,29.89,798.2,0,No
CUST-14604,Female,0,Yes,No,61,Yes,No,Fiber optic,No,Yes,No,Yes,Yes,No,Month-to-month,Yes,Bank transfer (automatic),76.27,4647.67,1,No
CUST-14605,Female,0,Yes,No,18,Yes,Yes,DSL,No,No,No,No,Yes,No,Month-to-month,Yes,Electronic check,48.29,871.04,0,Yes
CUST-14606,Male,0,Yes,No,50,Yes,No,No,No internet service,No internet service,No internet service,No internet service,No internet service,No internet service,Two year,No,Bank transfer (automatic),18.0,897.4,0,No
CUST-14607,Female,0,No,No,30,Yes,No,DSL,No,Yes,No,No,Yes,No,One year,Yes,Electronic check,59.62,1798.21,0,No
CUST-14608,Female,0,Yes,No,30,Yes,No,Fiber optic,Yes,No,Yes,No,No,No,Two year,Yes,Mailed check,80.53,2368.64,0,No
CUST-14609,Male,0,Yes,No,34,Yes,No,Fiber optic,Yes,Yes,No,No,No,Yes,Two year,Yes,Mailed check,83.66,2853.7,3,No
CUST-14610,Male,0,No,Yes,30,Yes,No,Fiber optic,No,No,Yes,Yes,No,No,Month-to-month,Yes,Mailed check,76.8,2324.03,1,Yes
CUST-14611,Female,0,No,Yes,31,Yes,Yes,DSL,No,Yes,No,No,Yes,No,Month-to-month,No,Credit card (automatic),54.21,1681.24,1,No
CUST-14612,Male,1,Yes,Yes,72,Yes,Yes,DSL,No,Yes,No,No,Yes,No,One year,Yes,Credit card (automatic),58.92,4256.15,0,No
CUST-14613,Male,0,Yes,No,35,Yes,No,No,No internet service,No internet service,No internet service,No internet service,No internet service,No internet service,One year,Yes,Bank transfer (automatic),18.0,623.8,1,No
CUST-14614,Male,0,No,No,51,Yes,No,No,No internet service,No internet service,No internet service,No internet service,No internet service,No internet service,Month-to-month,Yes,Bank transfer (automatic),18.8,943.02,1,Yes
CUST-14615,Male,0,No,Yes,13,Yes,Yes,Fiber optic,No,No,No,No,No,Yes,Month-to-month,No,Mailed check,76.16,998.23,1,No
CUST-14616,Female,0,Yes,No,5,Yes,No,Fiber optic,No,No,No,Yes,No,Yes,One year,Yes,Electronic check,79.14,383.76,2,Yes
CUST-14617,Male,0,Yes,Yes,6,Yes,Yes,Fiber optic,No,No,No,No,No,Yes,Month-to-month,No,Bank transfer (automatic),76.46,445.0,1,Yes
CUST-14618,Male,1,Yes,No,8,Yes,Yes,Fiber optic,Yes,No,Yes,No,Yes,Yes,Two year,Yes,Electronic check,86.25,688.95,1,No
CUST-14619,Male,0,Yes,No,62,Yes,Yes,DSL,Yes,Yes,No,No,No,No,One year,Yes,Electronic check,51.65,3181.19,1,No
CUST-14620,Male,1,No,No,6,Yes,No,Fiber optic,Yes,Yes,No,No,Yes,Yes,Month-to-month,Yes,Bank transfer (automatic),91.25,559.66,2,Yes
CUST-14621,Male,0,Yes,No,22,Yes,Yes,No,No internet service,No internet service,No internet service,No internet service,No internet service,No internet service,Month-to-month,No,Bank transfer (automatic),18.0,397.44,0,No
CUST-14622,Male,0,No,Yes,72,Yes,No,No,No internet service,No internet service,No internet service,No internet service,No internet service,No internet service,One year,Yes,Electronic check,18.0,1326.61,0,No
CUST-14623,Male,0,No,No,40,Yes,No,Fiber optic,No,No,No,No,No,Yes,One year,No,Bank transfer (automatic),73.35,2909.87,1,No
CUST-14624,Male,0,Yes,Yes,16,Yes,No,DSL,No,No,Yes,Yes,Yes,Yes,One year,No,Credit card (automatic),70.24,1129.73,0,No
CUST-14625,Female,0,Yes,Yes,12,Yes,Yes,No,No internet service,No internet service,No internet service,No internet service,No internet service,No internet service,One year,Yes,Mailed check,25.33,302.37,1,No
CUST-14626,Male,1,No,Yes,18,Yes,No,Fiber optic,No,No,Yes,Yes,No,No,One year,No,Bank transfer (automatic),86.73,1582.16,0,No
CUST-14627,Female,0,Yes,No,31,Yes,No,Fiber optic,Yes,No,Yes,Yes,No,Yes,Month-to-month,Yes,Electronic check,93.23,2916.81,0,No
CUST-14628,Male,1,No,No,19,Yes,No,DSL,No,No,No,Yes,Yes,Yes,Two year,Yes,Credit card (automatic),54.74,1032.13,0,No
CUST-14629,Male,0,No,No,40,Yes,No,Fiber optic,No,Yes,No,No,No,Yes,Month-to-month,Yes,Electronic check,75.3,3012.4,2,Yes
CUST-14630,Male,0,Yes,No,72,Yes,No,DSL,No,No,No,Yes,Yes,Yes,Month-to-month,No,Credit card (automatic),63.41,4555.21,0,No
CUST-14631,Male,0,Yes,Yes,14,Yes,No,Fiber optic,Yes,Yes,No,Yes,Yes,No,Month-to-month,Yes,Credit card (automatic),95.57,1355.7,1,No
CUST-14632,Female,0,Yes,No,72,Yes,No,Fiber optic,No,No,No,Yes,Yes,No,Month-to-month,Yes,Bank transfer (automatic),74.77,5396.65,3,No
CUST-14633,Male,1,No,No,28,Yes,No,Fiber optic,No,No,No,No,No,No,Month-to-month,Yes,Credit card (automatic),77.04,2150.22,0,Yes
CUST-14634,Male,0,No,No,19,Yes,No,Fiber optic,No,No,Yes,No,Yes,No,One year,Yes,Mailed check,86.91,1629.57,0,No
CUST-14635,Female,0,No,No,12,Yes,No,Fiber optic,No,Yes,No,No,No,Yes,Month-to-month,No,Credit card (automatic),88.37,1050.28,2,Yes
CUST-14636,Female,0,No,Yes,36,Yes,No,DSL,No,No,No,Yes,No,Yes,Two year,Yes,Bank transfer (automatic),57.11,2088.01,0,Yes
CUST-14637,Male,0,Yes,Yes,15,Yes,Yes,Fiber optic,Yes,No,No,No,Yes,No,One year,No,Electronic check,75.13,1115.54,0,Yes
CUST-14638,Female,0,No,No,39,Yes,Yes,DSL,No,No,No,No,No,Yes,Month-to-month,No,Electronic check,53.54,2078.08,2,No
CUST-14639,Female,0,No,Yes,25,Yes,Yes,Fiber optic,No,No,No,No,Yes,Yes,Month-to-month,No,Mailed check,80.46,1996.56,2,No
CUST-14640,Female,0,No,Yes,17,Yes,Yes,Fiber optic,No,No,Yes,No,No,Yes,Month-to-month,Yes,Credit card (automatic),80.93,1385.59,1,Yes
CUST-14641,Male,0,Yes,No,24,Yes,No,Fiber optic,No,Yes,Yes,No,No,Yes,Month-to-month,Yes,Credit card (automatic),93.06,2216.87,2,Yes
CUST-14642,Male,0,No,No,35,Yes,No,Fiber optic,No,Yes,No,No,Yes,No,Month-to-month,Yes,Credit card (automatic),78.22,2753.51,1,No
CUST-14643,Male,0,No,No,22,Yes,Yes,Fiber optic,No,Yes,Yes,Yes,No,No,Month-to-month,Yes,Electronic check,88.02,1941.24,1,No
CUST-14644,Female,0,No,No,15,No,No phone service,DSL,No,No,No,No,Yes,Yes,Month-to-month,Yes,Mailed check,54.03,813.48,3,Yes
CUST-14645,Male,0,No,No,13,Yes,No,Fiber optic,No,Yes,No,No,Yes,Yes,Month-to-month,Yes,Bank transfer (automatic),83.6,1103.03,4,Yes
CUST-14646,Female,0,No,Yes,41,Yes,No,DSL,No,Yes,No,Yes,No,Yes,Month-to-month,No,Bank transfer (automatic),58.2,2381.68,1,No
CUST-14647,Male,0,No,No,9,Yes,No,Fiber optic,Yes,No,No,No,No,No,Two year,Yes,Electronic check,71.59,671.7,0,No
CUST-14648,Male,0,No,No,13,Yes,No,Fiber optic,No,No,No,No,No,Yes,Month-to-month,Yes,Bank transfer (automatic),69.82,904.49,2,Yes
CUST-14649,Female,0,No,Yes,5,Yes,No,DSL,No,No,No,Yes,Yes,No,Month-to-month,No,Bank transfer (automatic),66.09,307.62,2,No
CUST-14650,Male,0,Yes,Yes,24,Yes,No,Fiber optic,Yes,No,No,No,Yes,No,Month-to-month,Yes,Mailed check,81.06,1942.52,2,Yes
CUST-14651,Female,0,Yes,No,10,Yes,Yes,No,No internet service,No internet service,No internet service,No internet service,No internet service,No internet service,Month-to-month,Yes,Bank transfer (automatic),22.18,197.35,2,Yes
CUST-14652,Female,0,Yes,No,22,No,No phone service,Fiber optic,No,No,No,No,No,Yes,One year,Yes,Bank transfer (automatic),72.39,1616.25,0,No
CUST-14653,Male,0,No,Yes,23,Yes,No,Fiber optic,Yes,No,No,No,No,No,Month-to-month,Yes,Electronic check,70.65,1629.29,0,Yes
CUST-14654,Female,0,No,No,24,Yes,Yes,No,No internet service,No internet service,No internet service,No internet service,No internet service,No internet service,Month-to-month,Yes,Credit card (automatic),18.0,419.85,0,No
CUST-14655,Male,0,No,No,16,Yes,No,Fiber optic,Yes,Yes,Yes,Yes,No,No,One year,Yes,Electronic check,88.11,1424.16,0,No
CUST-14656,Male,0,Yes,No,41,Yes,No,Fiber optic,No,No,No,No,No,Yes,Month-to-month,Yes,Bank transfer (automatic),76.18,3126.02,0,Yes
CUST-14657,Female,0,Yes,No,19,Yes,No,DSL,No,No,Yes,No,Yes,Yes,Month-to-month,Yes,Electronic check,60.64,1149.35,4,Yes
CUST-14658,Male,0,Yes,No,14,Yes,Yes,DSL,No,Yes,No,No,Yes,No,Month-to-month,Yes,Bank transfer (automatic),64.86,891.39,1,No
CUST-14659,Female,0,Yes,No,6,Yes,No,DSL,No,Yes,No,Yes,Yes,Yes,Month-to-month,No,Credit card (automatic),63.0,376.17,0,Yes
CUST-14660,Male,0,No,No,46,Yes,No,DSL,No,No,No,No,Yes,Yes,Month-to-month,Yes,Electronic check,58.46,2657.69,2,Yes
CUST-14661,Male,0,Yes,Yes,15,Yes,Yes,Fiber optic,Yes,No,Yes,No,Yes,No,Two year,Yes,Credit card (automatic),76.05,1170.16,1,No
CUST-14662,Male,0,No,Yes,39,Yes,No,DSL,No,No,No,No,Yes,Yes,Month-to-month,No,Electronic check,53.63,2062.03,1,No
CUST-14663,Male,0,No,No,18,Yes,No,No,No internet service,No internet service,No internet service,No internet service,No internet service,No internet service,One year,No,Electronic check,32.82,606.07,0,No
CUST-14664,Male,0,Yes,No,72,Yes,Yes,No,No internet service,No internet service,No internet service,No internet service,No internet service,No internet service,One year,Yes,Credit card (automatic),18.0,1280.56,0,No
CUST-14665,Female,0,No,No,72,Yes,No,No,No internet service,No internet service,No internet service,No internet service,No internet service,No internet service,Two year,No,Bank transfer (automatic),23.96,1724.06,0,No
CUST-14666,Female,0,Yes,No,31,Yes,Yes,No,No internet service,No internet service,No internet service,No internet service,No internet service,No internet service,One year,No,Electronic check,22.0,700.09,2,No
CUST-14667,Female,0,Yes,Yes,31,Yes,No,No,No internet service,No internet service,No internet service,No internet service,No internet service,No internet service,One year,Yes,Credit card (automatic),18.0,581.12,0,No
CUST-14668,Female,1,No,Yes,29,Yes,Yes,Fiber optic,No,No,No,Yes,No,Yes,Month-to-month,No,Bank transfer (automatic),73.58,2175.01,2,Yes
CUST-14669,Female,0,No,No,19,Yes,No,Fiber optic,Yes,No,No,No,No,Yes,Month-to-month,Yes,Electronic check,79.37,1533.58,1,Yes
CUST-14670,Female,0,Yes,No,43,Yes,Yes,DSL,Yes,Yes,No,No,No,No,Two year,No,Credit card (automatic),52.19,2233.59,0,No
CUST-14671,Male,0,Yes,No,24,Yes,Yes,Fiber optic,No,Yes,No,No,No,No,Two year,Yes,Mailed check,70.46,1678.79,0,No
CUST-14672,Male,1,Yes,No,9,Yes,Yes,No,No internet service,No internet service,No internet service,No internet service,No internet service,No internet service,Month-to-month,Yes,Electronic check,18.0,172.5,1,No
CUST-14673,Female,0,Yes,No,20,Yes,No,Fiber optic,No,Yes,No,No,No,No,Month-to-month,No,Credit card (automatic),74.8,1499.16,0,Yes
CUST-14674,Female,0,No,Yes,9,Yes,Yes,DSL,Yes,Yes,Yes,No,No,No,One year,Yes,Bank transfer (automatic),57.98,517.66,1,No
CUST-14675,Male,0,No,No,9,Yes,No,Fiber optic,Yes,No,No,No,Yes,Yes,Month-to-month,Yes,Bank transfer (automatic),81.07,706.69,0,Yes
CUST-14676,Male,0,Yes,No,13,Yes,No,DSL,No,No,Yes,Yes,No,No,Two year,No,Credit card (automatic),48.97,641.54,0,No
CUST-14677,Male,1,No,No,71,Yes,Yes,Fiber optic,No,No,No,Yes,No,No,Month-to-month,Yes,Credit card (automatic),71.72,5086.07,1,No
CUST-14678,Female,0,Yes,Yes,34,Yes,No,Fiber optic,No,No,Yes,No,No,No,One year,No,Electronic check,78.63,2695.84,1,No
CUST-14679,Female,0,Yes,No,20,Yes,No,No,No internet service,No internet service,No internet service,No internet service,No internet service,No internet service,Month-to-month,Yes,Credit card (automatic),21.25,454.52,1,No
CUST-14680,Female,1,No,No,19,Yes,No,No,No internet service,No internet service,No internet service,No internet service,No internet service,No internet service,Month-to-month,No,Mailed check,20.77,369.92,1,Yes
CUST-14681,Male,0,No,Yes,26,Yes,No,DSL,No,No,Yes,No,No,Yes,Month-to-month,Yes,Mailed check,52.16,1354.39,2,No
CUST-14682,Male,0,No,No,15,Yes,Yes,No,No internet service,No internet service,No internet service,No internet service,No internet service,No internet service,Month-to-month,Yes,Credit card (automatic),28.4,420.99,2,No
CUST-14683,Female,0,No,No,35,Yes,No,No,No internet service,No internet service,No internet service,No internet service,No internet service,No internet service,Month-to-month,Yes,Bank transfer (automatic),18.0,633.65,1,Yes
CUST-14684,Female,0,No,Yes,27,Yes,No,Fiber optic,Yes,Yes,No,No,No,No,Two year,No,Electronic check,82.7,2226.37,1,No
CUST-14685,Male,0,Yes,No,33,Yes,Yes,No,No internet service,No internet service,No internet service,No internet service,No internet service,No internet service,Month-to-month,Yes,Bank transfer (automatic),25.07,842.55,0,No
CUST-14686,Male,0,No,No,19,No,No phone service,DSL,Yes,No,No,No,No,Yes,Month-to-month,Yes,Mailed check,54.83,1031.55,0,Yes
CUST-14687,Male,0,No,No,72,No,No phone service,No,No internet service,No internet service,No internet service,No internet service,No internet service,No internet service,Month-to-month,Yes,Electronic check,18.0,1315.13,4,No
CUST-14688,Male,0,Yes,No,9,Yes,No,Fiber optic,Yes,No,Yes,Yes,No,Yes,One year,Yes,Credit card (automatic),94.26,844.3,0,Yes
CUST-14689,Female,0,No,No,36,Yes,No,No,No internet service,No internet service,No internet service,No internet service,No internet service,No internet service,Month-to-month,Yes,Credit card (automatic),21.15,774.31,1,Yes
CUST-14690,Male,0,No,Yes,16,Yes,Yes,Fiber optic,Yes,No,No,Yes,No,Yes,Two year,No,Bank transfer (automatic),78.78,1236.86,1,Yes
CUST-14691,Male,1,Yes,Yes,27,Yes,No,No,No internet service,No internet service,No internet service,No internet service,No internet service,No internet service,One year,Yes,Mailed check,21.59,580.16,1,No
CUST-14692,Male,0,No,Yes,30,Yes,Yes,Fiber optic,No,Yes,No,Yes,Yes,Yes,Two year,Yes,Electronic check,91.45,2755.13,0,Yes
CUST-14693,Female,0,Yes,No,72,Yes,No,Fiber optic,No,No,No,Yes,No,Yes,Month-to-month,No,Credit card (automatic),82.79,5964.64,0,No
CUST-14694,Female,1,No,No,30,Yes,No,No,No internet service,No internet service,No internet service,No internet service,No internet service,No internet service,One year,No,Mailed check,18.0,516.04,2,No
CUST-14695,Male,0,Yes,Yes,20,Yes,Yes,Fiber optic,No,Yes,No,No,No,Yes,Month-to-month,No,Electronic check,84.88,1702.6,0,Yes
CUST-14696,Male,0,No,No,15,Yes,No,No,No internet service,No internet service,No internet service,No internet service,No internet service,No internet service,One year,No,Credit card (automatic),18.0,213.77,0,No
CUST-14697,Male,0,Yes,No,72,Yes,No,Fiber optic,No,No,No,Yes,No,No,Month-to-month,Yes,Credit card (automatic),70.38,5032.82,2,No
CUST-14698,Female,0,Yes,Yes,38,Yes,Yes,No,No internet service,No internet service,No internet service,No internet service,No internet service,No internet service,One year,No,Bank transfer (automatic),23.84,902.36,2,No
CUST-14699,Female,0,Yes,No,42,Yes,No,Fiber optic,No,Yes,Yes,No,No,No,Month-to-month,Yes,Electronic check,85.3,3558.98,1,Yes
CUST-14700,Female,1,No,No,4,Yes,Yes,DSL,No,Yes,No,No,Yes,No,Month-to-month,No,Electronic check,56.68,227.7,2,No
CUST-14701,Male,0,No,No,16,No,No phone service,Fiber optic,No,No,No,Yes,Yes,Yes,Month-to-month,Yes,Mailed check,89.68,1404.62,0,Yes
CUST-14702,Female,0,No,No,36,Yes,No,DSL,Yes,Yes,No,No,Yes,No,Month-to-month,Yes,Bank transfer (automatic),58.7,2153.14,0,No
CUST-14703,Male,0,No,No,6,Yes,No,No,No internet service,No internet service,No internet service,No internet service,No internet service,No internet service,One year,No,Bank transfer (automatic),18.0,93.01,1,Yes
CUST-14704,Male,0,Yes,No,26,Yes,Yes,DSL,No,Yes,No,No,Yes,Yes,Two year,No,Bank transfer (automatic),67.8,1787.85,0,No
CUST-14705,Male,0,Yes,No,60,Yes,Yes,Fiber optic,No,No,No,No,Yes,Yes,One year,No,Mailed check,69.04,4144.5,0,No
CUST-14706,Female,0,No,No,11,Yes,No,Fiber optic,No,Yes,Yes,Yes,No,Yes,Month-to-month,Yes,Bank transfer (automatic),81.44,896.74,0,No
CUST-14707,Male,0,Yes,No,13,Yes,Yes,Fiber optic,No,No,Yes,No,No,Yes,Month-to-month,Yes,Credit card (automatic),79.43,1027.1,1,No
CUST-14708,Female,0,No,Yes,51,Yes,Yes,Fiber optic,No,No,No,No,Yes,Yes,Month-to-month,No,Bank transfer (automatic),78.09,4001.56,1,No
CUST-14709,Female,1,No,No,16,Yes,No,No,No internet service,No internet service,No internet service,No internet service,No internet service,No internet service,Month-to-month,Yes,Credit card (automatic),25.81,426.39,1,No
CUST-14710,Male,0,Yes,No,12,Yes,Yes,Fiber optic,Yes,Yes,No,No,Yes,Yes,Two year,No,Credit card (automatic),89.76,1076.14,0,Yes
CUST-14711,Male,0,Yes,Yes,64,Yes,No,Fiber optic,No,Yes,Yes,Yes,No,Yes,Month-to-month,Yes,Electronic check,93.11,5961.82,0,No
CUST-14712,Female,0,No,No,24,Yes,No,DSL,No,Yes,No,No,No,No,Two year,Yes,Credit card (automatic),54.77,1341.88,1,No
CUST-14713,Male,0,Yes,Yes,11,Yes,Yes,Fiber optic,No,No,Yes,No,Yes,No,One year,No,Electronic check,85.64,942.53,0,Yes
CUST-14714,Female,0,Yes,No,53,Yes,Yes,DSL,No,Yes,Yes,No,Yes,Yes,One year,No,Credit card (automatic),61.34,3250.08,2,No
CUST-14715,Male,1,Yes,Yes,9,Yes,No,Fiber optic,No,Yes,No,No,Yes,Yes,Two year,No,Bank transfer (automatic),88.37,774.61,1,No
CUST-14716,Female,0,No,Yes,25,Yes,Yes,DSL,No,Yes,No,No,Yes,No,Month-to-month,Yes,Bank transfer (automatic),47.24,1183.44,2,No
CUST-14717,Female,1,No,No,29,Yes,Yes,No,No internet service,No internet service,No internet service,No internet service,No internet service,No internet service,Month-to-month,No,Electronic check,24.39,708.42,1,Yes
CUST-14718,Female,0,Yes,No,15,Yes,Yes,Fiber optic,No,Yes,Yes,No,No,Yes,Two year,No,Electronic check,84.59,1291.49,1,No
CUST-14719,Female,1,Yes,Yes,41,Yes,Yes,DSL,No,No,Yes,No,No,No,One year,No,Electronic check,53.22,2191.35,1,No
CUST-14720,Male,0,Yes,No,12,Yes,No,Fiber optic,No,Yes,No,Yes,No,Yes,Month-to-month,No,Credit card (automatic),84.8,1028.89,1,No
CUST-14721,Male,1,No,Yes,43,Yes,Yes,DSL,No,No,Yes,No,No,No,Month-to-month,No,Mailed check,48.74,2120.63,2,Yes
CUST-14722,Female,0,Yes,No,22,Yes,No,DSL,Yes,No,Yes,No,Yes,No,One year,Yes,Mailed check,63.26,1371.33,0,No
CUST-14723,Female,0,Yes,No,10,Yes,No,No,No internet service,No internet service,No internet service,No internet service,No internet service,No internet service,Month-to-month,Yes,Credit card (automatic),21.39,225.89,1,No
CUST-14724,Male,1,No,Yes,26,Yes,No,Fiber optic,No,No,No,No,Yes,No,Two year,No,Electronic check,72.31,1849.3,0,Yes
CUST-14725,Male,0,No,No,32,Yes,No,DSL,Yes,No,No,No,Yes,Yes,Month-to-month,No,Bank transfer (automatic),54.5,1708.77,1,No
CUST-14726,Male,0,No,Yes,3,Yes,No,DSL,Yes,No,No,No,Yes,Yes,One year,Yes,Mailed check,58.87,164.8,0,No
CUST-14727,Male,0,No,Yes,60,Yes,No,Fiber optic,Yes,No,Yes,No,No,No,One year,No,Electronic check,82.14,4921.86,0,No
CUST-14728,Male,1,Yes,No,23,Yes,Yes,Fiber optic,No,No,Yes,No,Yes,No,One year,No,Credit card (automatic),87.18,1969.43,0,No
CUST-14729,Male,0,Yes,No,17,Yes,Yes,Fiber optic,Yes,No,No,Yes,No,No,Month-to-month,Yes,Bank transfer (automatic),79.5,1334.87,2,No
CUST-14730,Female,0,Yes,No,30,Yes,No,DSL,No,No,No,Yes,Yes,Yes,Two year,Yes,Electronic check,56.97,1700.15,0,No
CUST-14731,Male,0,Yes,No,25,Yes,No,Fiber optic,No,No,No,No,Yes,Yes,One year,No,Mailed check,74.58,1848.32,0,No
CUST-14732,Male,0,No,No,16,Yes,Yes,No,No internet service,No internet service,No internet service,No internet service,No internet service,No internet service,One year,Yes,Credit card (automatic),20.67,350.8,1,No
CUST-14733,Female,0,No,No,31,Yes,No,Fiber optic,Yes,No,Yes,No,Yes,Yes,Month-to-month,Yes,Electronic check,90.07,2807.82,2,Yes
CUST-14734,Male,0,No,No,43,Yes,No,DSL,Yes,No,No,Yes,Yes,No,Month-to-month,No,Mailed check,58.34,2503.69,1,No
CUST-14735,Male,0,Yes,No,18,Yes,No,Fiber optic,Yes,No,Yes,Yes,No,No,Month-to-month,No,Credit card (automatic),93.96,1702.3,2,No
CUST-14736,Male,1,No,No,1,Yes,No,No,No internet service,No internet service,No internet service,No internet service,No internet service,No internet service,Month-to-month,Yes,Credit card (automatic),21.68,25.85,3,No
CUST-14737,Male,0,No,No,39,Yes,No,DSL,No,No,No,No,No,Yes,One year,No,Bank transfer (automatic),52.51,2014.47,1,No
CUST-14738,Male,0,Yes,No,23,Yes,No,Fiber optic,Yes,No,No,No,Yes,Yes,Month-to-month,Yes,Electronic check,83.61,1946.47,1,Yes
CUST-14739,Female,0,No,No,11,Yes,Yes,No,No internet service,No internet service,No internet service,No internet service,No internet service,No internet service,One year,Yes,Mailed check,19.42,225.67,0,No
CUST-14740,Male,0,Yes,No,32,Yes,No,DSL,No,No,Yes,No,No,Yes,Month-to-month,No,Bank transfer (automatic),56.38,1793.88,0,No
CUST-14741,Female,0,Yes,No,10,Yes,Yes,No,No internet service,No internet service,No internet service,No internet service,No internet service,No internet service,Month-to-month,No,Electronic check,18.0,220.53,1,No
CUST-14742,Female,0,No,No,38,Yes,No,Fiber optic,No,No,No,No,No,No,Two year,Yes,Bank transfer (automatic),73.69,2786.52,0,No
CUST-14743,Male,0,No,No,9,Yes,No,Fiber optic,No,No,No,Yes,No,No,Two year,Yes,Bank transfer (automatic),72.29,633.36,0,No
CUST-14744,Female,0,Yes,No,16,Yes,Yes,No,No internet service,No internet service,No internet service,No internet service,No internet service,No internet service,Two year,No,Credit card (automatic),25.18,419.33,1,No
CUST-14745,Male,0,Yes,No,5,No,No phone service,DSL,No,No,No,No,Yes,Yes,Two year,No,Electronic check,59.31,284.38,1,Yes
CUST-14746,Female,0,No,No,15,Yes,Yes,Fiber optic,No,Yes,No,No,Yes,Yes,One year,Yes,Electronic check,88.94,1343.1,1,No
CUST-14747,Female,0,No,No,17,Yes,No,No,No internet service,No internet service,No internet service,No internet service,No internet service,No internet service,Two year,Yes,Mailed check,20.04,294.84,1,No
CUST-14748,Male,0,No,No,23,Yes,No,Fiber optic,Yes,Yes,Yes,No,No,No,One year,Yes,Bank transfer (automatic),85.62,1974.65,0,Yes
CUST-14749,Male,0,Yes,No,19,No,No phone service,DSL,No,Yes,Yes,No,No,No,Two year,Yes,Bank transfer (automatic),60.79,1156.01,1,No
CUST-14750,Male,0,Yes,No,9,Yes,Yes,Fiber optic,Yes,No,No,Yes,Yes,Yes,Month-to-month,Yes,Electronic check,89.8,826.58,0,No
CUST-14751,Male,0,Yes,Yes,22,Yes,No,DSL,No,Yes,No,No,Yes,No,Two year,Yes,Electronic check,44.14,949.02,1,No
CUST-14752,Male,0,Yes,Yes,15,Yes,No,Fiber optic,No,Yes,No,No,No,No,One year,Yes,Bank transfer (automatic),73.76,1119.93,1,No
CUST-14753,Female,0,Yes,No,26,Yes,No,Fiber optic,Yes,Yes,No,No,Yes,No,Month-to-month,Yes,Credit card (automatic),84.22,2186.59,1,No
CUST-14754,Female,0,Yes,No,12,Yes,No,Fiber optic,No,Yes,No,No,No,Yes,Month-to-month,Yes,Credit card (automatic),77.29,937.12,1,Yes
CUST-14755,Female,0,No,No,15,No,No phone service,Fiber optic,Yes,No,No,Yes,Yes,No,Two year,Yes,Bank transfer (automatic),91.13,1363.57,0,No
CUST-14756,Female,0,Yes,Yes,31,No,No phone service,DSL,No,Yes,No,No,Yes,Yes,Month-to-month,No,Credit card (automatic),53.91,1666.42,4,Yes
CUST-14757,Female,1,No,No,20,Yes,No,DSL,No,No,Yes,Yes,No,Yes,Two year,Yes,Mailed check,59.96,1196.78,0,No
CUST-14758,Female,1,Yes,No,6,Yes,No,No,No internet service,No internet service,No internet service,No internet service,No internet service,No internet service,Month-to-month,No,Mailed check,19.46,114.87,2,Yes
CUST-14759,Female,0,Yes,No,63,No,No phone service,DSL,No,Yes,No,No,No,No,Month-to-month,No,Electronic check,47.28,2939.2,0,No
CUST-14760,Male,0,Yes,No,40,Yes,No,DSL,Yes,No,Yes,No,No,No,Month-to-month,Yes,Credit card (automatic),60.5,2418.15,1,No
CUST-14761,Male,0,No,No,39,Yes,No,No,No internet service,No internet service,No internet service,No internet service,No internet service,No internet service,Month-to-month,Yes,Bank transfer (automatic),27.98,1074.61,1,No
CUST-14762,Female,0,Yes,No,5,Yes,No,Fiber optic,No,Yes,No,No,No,No,One year,No,Mailed check,75.98,379.68,0,No
CUST-14763,Female,0,No,Yes,3,Yes,No,Fiber optic,Yes,Yes,No,Yes,No,No,One year,Yes,Electronic check,88.1,299.78,0,No
CUST-14764,Male,0,No,No,46,No,No phone service,DSL,No,No,No,No,Yes,Yes,Month-to-month,Yes,Mailed check,59.38,2755.45,0,No
CUST-14765,Male,0,No,No,9,Yes,Yes,DSL,Yes,No,No,Yes,Yes,Yes,Month-to-month,No,Electronic check,68.04,621.26,3,No
CUST-14766,Male,0,Yes,No,27,Yes,No,Fiber optic,Yes,No,Yes,No,Yes,Yes,Month-to-month,Yes,Electronic check,101.06,2697.01,1,Yes
CUST-14767,Male,0,No,Yes,15,Yes,No,Fiber optic,No,Yes,No,No,No,Yes,Two year,No,Credit card (automatic),78.97,1167.69,0,No
CUST-14768,Female,0,No,No,3,No,No phone service,No,No internet service,No internet service,No internet service,No internet service,No internet service,No internet service,Month-to-month,No,Electronic check,22.11,56.72,0,No
CUST-14769,Male,0,Yes,No,13,Yes,Yes,Fiber optic,No,No,No,No,Yes,Yes,Month-to-month,Yes,Mailed check,79.18,1047.72,0,No
CUST-14770,Female,0,No,No,30,Yes,Yes,DSL,Yes,No,Yes,No,Yes,Yes,Month-to-month,Yes,Electronic check,73.42,2212.5,1,Yes
CUST-14771,Female,0,No,No,21,Yes,Yes,Fiber optic,Yes,Yes,Yes,Yes,No,No,Two year,Yes,Bank transfer (automatic),87.64,1868.18,0,No
CUST-14772,Female,0,No,Yes,71,Yes,No,DSL,Yes,No,Yes,Yes,No,Yes,Month-to-month,No,Mailed check,62.63,4456.73,0,No
CUST-14773,Male,0,No,No,37,Yes,Yes,DSL,No,Yes,Yes,No,Yes,No,Month-to-month,Yes,Electronic check,61.64,2294.62,1,No
CUST-14774,Male,0,No,No,32,Yes,No,Fiber optic,No,No,No,No,Yes,Yes,One year,Yes,Credit card (automatic),88.41,2836.14,0,No
CUST-14775,Female,0,No,No,27,Yes,No,DSL,Yes,Yes,Yes,No,Yes,Yes,Two year,Yes,Bank transfer (automatic),80.14,2168.48,0,No
CUST-14776,Female,0,Yes,No,10,Yes,No,DSL,Yes,No,No,Yes,Yes,Yes,One year,Yes,Credit card (automatic),58.52,552.24,0,No
CUST-14777,Female,0,No,No,11,Yes,Yes,No,No internet service,No internet service,No internet service,No internet service,No internet service,No internet service,Month-to-month,Yes,Electronic check,24.96,265.89,0,No
CUST-14778,Male,1,No,No,23,Yes,No,Fiber optic,Yes,No,No,Yes,No,Yes,Month-to-month,Yes,Mailed check,87.08,2019.3,3,No
CUST-14779,Female,0,No,No,13,Yes,Yes,DSL,No,Yes,No,Yes,Yes,No,Two year,Yes,Credit card (automatic),59.0,797.51,0,No
CUST-14780,Male,0,No,Yes,63,No,No phone service,DSL,No,No,Yes,No,No,Yes,Month-to-month,No,Credit card (automatic),63.09,3966.95,1,No
CUST-14781,Female,0,Yes,No,37,Yes,Yes,No,No internet service,No internet service,No internet service,No internet service,No internet service,No internet service,Month-to-month,No,Credit card (automatic),23.77,899.31,1,No
CUST-14782,Female,1,Yes,Yes,50,Yes,Yes,No,No internet service,No internet service,No internet service,No internet service,No internet service,No internet service,Month-to-month,No,Bank transfer (automatic),23.53,1165.65,1,No
CUST-14783,Female,0,Yes,Yes,1,Yes,Yes,Fiber optic,No,No,No,No,Yes,No,Two year,Yes,Bank transfer (automatic),77.53,70.0,0,Yes
CUST-14784,Male,1,Yes,No,31,No,No phone service,Fiber optic,No,No,No,Yes,Yes,Yes,One year,Yes,Credit card (automatic),84.4,2572.03,1,No
CUST-14785,Male,0,Yes,No,6,No,No phone service,Fiber optic,No,No,No,Yes,Yes,Yes,One year,No,Electronic check,87.48,550.33,1,No
CUST-14786,Female,0,No,No,56,Yes,No,No,No internet service,No internet service,No internet service,No internet service,No internet service,No internet service,Month-to-month,Yes,Bank transfer (automatic),21.6,1216.26,2,No
CUST-14787,Male,1,Yes,Yes,35,Yes,No,DSL,No,No,No,No,Yes,No,One year,Yes,Credit card (automatic),45.18,1567.76,0,No
CUST-14788,Female,0,No,No,38,No,No phone service,No,No internet service,No internet service,No internet service,No internet service,No internet service,No internet service,Month-to-month,Yes,Electronic check,23.41,924.85,1,No
CUST-14789,Male,0,No,No,40,Yes,No,No,No internet service,No internet service,No internet service,No internet service,No internet service,No internet service,Month-to-month,Yes,Electronic check,26.78,1069.26,1,Yes
CUST-14790,Male,0,Yes,Yes,14,No,No phone service,Fiber optic,Yes,No,No,No,Yes,No,Two year,Yes,Electronic check,88.13,1262.04,0,No
CUST-14791,Male,0,Yes,No,72,Yes,No,DSL,No,Yes,No,No,Yes,Yes,Month-to-month,Yes,Credit card (automatic),57.18,4089.57,2,Yes
CUST-14792,Female,0,No,No,36,No,No phone service,Fiber optic,No,Yes,No,No,No,No,Month-to-month,Yes,Bank transfer (automatic),74.11,2691.95,1,No
CUST-14793,Male,0,No,Yes,27,Yes,Yes,DSL,Yes,No,Yes,Yes,Yes,Yes,Two year,No,Bank transfer (automatic),76.46,2083.75,1,No
CUST-14794,Male,0,No,No,16,Yes,Yes,DSL,No,No,No,No,Yes,Yes,Month-to-month,Yes,Credit card (automatic),55.38,884.48,2,No
CUST-14795,Female,0,No,No,22,Yes,Yes,No,No internet service,No internet service,No internet service,No internet service,No internet service,No internet service,One year,No,Mailed check,18.0,388.12,0,No
CUST-14796,Female,1,No,No,54,Yes,Yes,Fiber optic,No,No,Yes,Yes,Yes,No,One year,No,Credit card (automatic),92.5,4979.19,0,No
CUST-14797,Female,0,No,Yes,19,Yes,No,Fiber optic,No,No,No,No,No,Yes,Two year,No,Electronic check,74.6,1439.73,3,No
CUST-14798,Female,0,No,No,14,Yes,No,DSL,No,No,No,No,Yes,No,Two year,No,Bank transfer (automatic),43.56,596.22,1,No
CUST-14799,Male,0,No,No,34,Yes,No,Fiber optic,No,Yes,Yes,Yes,No,Yes,One year,Yes,Electronic check,95.93,3215.85,1,Yes
CUST-14800,Male,0,No,No,23,Yes,No,Fiber optic,No,No,No,No,Yes,No,Month-to-month,No,Electronic check,80.97,1886.12,1,Yes
CUST-14801,Male,0,Yes,Yes,14,No,No phone service,DSL,Yes,Yes,No,No,Yes,No,Month-to-month,No,Electronic check,59.75,842.55,3,No
CUST-14802,Male,1,No,No,47,Yes,Yes,Fiber optic,No,Yes,No,No,No,No,Two year,Yes,Mailed check,79.07,3711.61,1,Yes
CUST-14803,Male,0,Yes,No,10,Yes,No,DSL,No,Yes,No,Yes,No,No,Month-to-month,Yes,Credit card (automatic),47.5,468.67,1,Yes
CUST-14804,Female,0,No,Yes,19,Yes,No,Fiber optic,Yes,No,Yes,Yes,Yes,No,Two year,Yes,Mailed check,91.81,1793.0,0,No
CUST-14805,Male,0,Yes,No,11,Yes,No,No,No internet service,No internet service,No internet service,No internet service,No internet service,No internet service,Month-to-month,Yes,Electronic check,18.0,192.63,2,No
CUST-14806,Male,0,Yes,No,72,Yes,No,DSL,No,Yes,No,No,Yes,No,Month-to-month,No,Credit card (automatic),63.2,4543.34,2,No
CUST-14807,Male,1,Yes,Yes,36,Yes,No,DSL,No,No,Yes,Yes,No,Yes,Month-to-month,Yes,Electronic check,67.95,2440.02,0,No
CUST-14808,Female,0,Yes,No,30,Yes,No,Fiber optic,No,Yes,No,Yes,Yes,Yes,Month-to-month,Yes,Credit card (automatic),90.53,2702.24,0,No
CUST-14809,Female,0,Yes,No,12,No,No phone service,Fiber optic,Yes,No,No,No,Yes,No,Two year,No,Credit card (automatic),79.93,951.91,1,No
CUST-14810,Male,0,No,Yes,72,No,No phone service,DSL,No,No,No,No,No,Yes,Two year,Yes,Mailed check,59.21,4269.52,1,No
CUST-14811,Female,0,Yes,No,6,Yes,No,Fiber optic,Yes,No,No,No,No,No,Month-to-month,No,Electronic check,82.97,488.69,0,Yes
CUST-14812,Female,0,Yes,No,19,Yes,No,DSL,No,Yes,No,No,No,No,One year,No,Bank transfer (automatic),45.61,830.14,0,No
CUST-14813,Female,0,Yes,Yes,21,Yes,Yes,Fiber optic,Yes,Yes,Yes,Yes,No,No,One year,No,Credit card (automatic),91.45,1893.04,1,No
CUST-14814,Female,0,No,No,6,Yes,No,DSL,No,Yes,No,No,Yes,Yes,Two year,No,Mailed check,64.74,400.32,0,Yes
CUST-14815,Female,0,Yes,No,25,Yes,No,DSL,Yes,No,Yes,Yes,No,Yes,Two year,No,Electronic check,69.43,1712.03,1,No
CUST-14816,Female,0,Yes,No,13,Yes,Yes,Fiber optic,Yes,No,Yes,No,No,Yes,Month-to-month,No,Credit card (automatic),91.52,1198.31,1,Yes
CUST-14817,Female,1,No,No,60,Yes,No,Fiber optic,No,Yes,No,No,Yes,Yes,Month-to-month,Yes,Mailed check,84.14,5073.24,1,Yes
CUST-14818,Male,1,No,No,8,No,No phone service,DSL,No,No,No,No,No,No,One year,Yes,Electronic check,48.4,398.17,0,Yes
CUST-14819,Male,0,Yes,No,38,Yes,Yes,DSL,No,No,Yes,No,No,Yes,Two year,Yes,Credit card (automatic),56.97,2167.33,1,No
CUST-14820,Female,0,Yes,No,25,Yes,Yes,Fiber optic,No,Yes,Yes,Yes,Yes,No,One year,No,Credit card (automatic),97.62,2441.67,1,No
CUST-14821,Male,0,Yes,No,45,Yes,No,Fiber optic,No,No,Yes,Yes,No,No,Two year,No,Mailed check,78.23,3522.84,0,No
CUST-14822,Male,0,No,No,21,Yes,No,DSL,Yes,Yes,No,No,Yes,No,Two year,Yes,Electronic check,57.86,1213.72,0,No
CUST-14823,Female,0,Yes,No,11,Yes,Yes,DSL,No,No,Yes,No,No,No,One year,No,Bank transfer (automatic),53.01,559.57,1,No
CUST-14824,Male,0,No,No,66,Yes,No,Fiber optic,Yes,No,No,No,Yes,Yes,Two year,No,Electronic check,88.62,5845.78,0,No
CUST-14825,Female,1,Yes,No,66,Yes,Yes,DSL,Yes,No,Yes,No,No,Yes,Month-to-month,No,Electronic check,60.58,4016.0,0,No
CUST-14826,Female,1,No,Yes,39,Yes,No,Fiber optic,No,Yes,No,Yes,Yes,No,Month-to-month,Yes,Credit card (automatic),87.59,3437.61,1,No
CUST-14827,Female,0,Yes,No,34,Yes,Yes,Fiber optic,Yes,Yes,No,No,No,Yes,One year,Yes,Credit card (automatic),86.43,2934.09,0,No
CUST-14828,Male,0,Yes,No,29,Yes,Yes,No,No internet service,No internet service,No internet service,No internet service,No internet service,No internet service,Month-to-month,Yes,Mailed check,24.67,725.18,1,No
CUST-14829,Male,0,Yes,No,36,Yes,No,No,No internet service,No internet service,No internet service,No internet service,No internet service,No internet service,Month-to-month,Yes,Bank transfer (automatic),19.95,726.39,4,Yes
CUST-14830,Male,0,Yes,No,72,No,No phone service,Fiber optic,No,No,Yes,No,Yes,Yes,One year,Yes,Electronic check,87.62,6310.94,0,No
CUST-14831,Male,0,Yes,Yes,7,Yes,No,Fiber optic,Yes,No,Yes,Yes,Yes,Yes,Month-to-month,No,Mailed check,95.0,668.22,3,Yes
CUST-14832,Female,0,No,No,24,Yes,No,Fiber optic,No,No,Yes,No,No,No,Two year,Yes,Electronic check,79.94,1922.28,0,Yes
CUST-14833,Female,1,No,No,15,Yes,No,Fiber optic,No,No,No,Yes,No,No,Two year,Yes,Electronic check,75.48,1130.75,0,No
CUST-14834,Male,0,Yes,No,25,Yes,No,DSL,No,Yes,No,No,No,No,Month-to-month,No,Bank transfer (automatic),61.0,1524.64,1,No
CUST-14835,Female,0,No,Yes,7,Yes,Yes,No,No internet service,No internet service,No internet service,No internet service,No internet service,No internet service,Month-to-month,Yes,Credit card (automatic),18.0,140.75,2,Yes
CUST-14836,Female,0,No,No,10,Yes,Yes,No,No internet service,No internet service,No internet service,No internet service,No internet service,No internet service,One year,No,Mailed check,20.77,191.4,0,No
CUST-14837,Male,0,No,No,9,Yes,No,DSL,Yes,No,No,Yes,No,Yes,Month-to-month,No,Mailed check,62.16,533.17,0,No
CUST-14838,Female,0,Yes,Yes,35,Yes,No,No,No internet service,No internet service,No internet service,No internet service,No internet service,No internet service,Month-to-month,No,Electronic check,19.49,668.1,2,No
CUST-14839,Male,1,No,No,23,Yes,No,Fiber optic,Yes,No,Yes,No,No,No,One year,No,Bank transfer (automatic),88.75,2036.81,1,No
CUST-14840,Female,0,Yes,No,5,Yes,No,Fiber optic,Yes,No,No,No,No,No,One year,No,Mailed check,65.72,329.2,0,No
CUST-14841,Male,0,No,No,5,Yes,No,Fiber optic,No,No,Yes,No,No,Yes,Month-to-month,Yes,Electronic check,85.35,431.02,1,No
CUST-14842,Female,0,Yes,No,3,Yes,No,DSL,Yes,No,No,Yes,Yes,Yes,Two year,Yes,Electronic check,66.55,187.42,0,No
CUST-14843,Female,0,Yes,No,20,Yes,No,No,No internet service,No internet service,No internet service,No internet service,No internet service,No internet service,One year,Yes,Electronic check,22.35,482.58,0,No
CUST-14844,Male,0,Yes,No,21,Yes,Yes,Fiber optic,No,No,No,No,Yes,Yes,Month-to-month,Yes,Mailed check,78.91,1668.49,1,No
CUST-14845,Male,0,Yes,Yes,22,Yes,No,Fiber optic,No,Yes,No,No,No,No,One year,Yes,Electronic check,76.0,1664.78,0,Yes
CUST-14846,Male,0,No,Yes,13,Yes,No,Fiber optic,Yes,Yes,No,No,No,No,Month-to-month,Yes,Credit card (automatic),81.7,1054.62,0,No
CUST-14847,Male,0,Yes,Yes,17,Yes,No,Fiber optic,No,Yes,No,Yes,No,Yes,Month-to-month,No,Credit card (automatic),83.56,1417.4,2,Yes
CUST-14848,Female,0,No,Yes,20,Yes,Yes,DSL,No,No,No,No,No,Yes,Two year,No,Electronic check,48.8,989.62,0,No
CUST-14849,Female,0,Yes,No,23,Yes,Yes,DSL,Yes,No,No,Yes,No,No,Two year,Yes,Mailed check,66.51,1557.91,0,No
CUST-14850,Male,0,Yes,No,29,Yes,Yes,No,No internet service,No internet service,No internet service,No internet service,No internet service,No internet service,Month-to-month,Yes,Mailed check,20.05,613.6,2,No
CUST-14851,Female,0,No,Yes,48,Yes,Yes,No,No internet service,No internet service,No internet service,No internet service,No internet service,No internet service,Two year,No,Credit card (automatic),20.12,980.53,1,No
CUST-14852,Male,0,No,Yes,11,Yes,Yes,No,No internet service,No internet service,No internet service,No internet service,No internet service,No internet service,Month-to-month,No,Electronic check,26.7,276.98,1,No
CUST-14853,Male,0,Yes,No,40,Yes,No,DSL,No,Yes,No,No,No,No,Month-to-month,Yes,Bank transfer (automatic),54.1,2192.18,0,No
CUST-14854,Female,0,Yes,Yes,14,No,No phone service,Fiber optic,Yes,Yes,Yes,No,Yes,Yes,Month-to-month,Yes,Mailed check,97.89,1366.81,1,Yes
CUST-14855,Female,0,No,No,35,Yes,No,Fiber optic,Yes,No,No,Yes,No,No,Month-to-month,Yes,Mailed check,80.4,2813.1,2,No
CUST-14856,Male,0,Yes,Yes,24,Yes,No,Fiber optic,No,Yes,No,No,No,No,Month-to-month,Yes,Electronic check,74.0,1777.45,1,Yes
CUST-14857,Male,0,No,No,72,Yes,No,Fiber optic,No,Yes,No,Yes,No,Yes,Two year,No,Electronic check,96.46,6932.19,1,Yes
CUST-14858,Male,0,No,No,29,Yes,No,DSL,Yes,Yes,Yes,Yes,Yes,No,Month-to-month,Yes,Electronic check,68.09,1973.11,4,No
CUST-14859,Female,0,Yes,No,42,Yes,Yes,DSL,No,No,Yes,No,Yes,Yes,Month-to-month,Yes,Electronic check,56.64,2363.77,2,No
CUST-14860,Female,0,Yes,No,1,Yes,Yes,DSL,No,Yes,No,No,Yes,No,One year,Yes,Electronic check,53.17,75.55,1,Yes
CUST-14861,Female,0,Yes,No,44,Yes,No,Fiber optic,No,Yes,No,No,No,Yes,Month-to-month,No,Bank transfer (automatic),75.7,3306.64,1,No
CUST-14862,Female,0,Yes,Yes,12,Yes,No,DSL,Yes,No,No,No,No,No,One year,Yes,Bank transfer (automatic),51.85,652.94,2,No
CUST-14863,Male,0,No,No,21,Yes,No,No,No internet service,No internet service,No internet service,No internet service,No internet service,No internet service,Month-to-month,Yes,Mailed check,24.28,521.37,0,Yes
CUST-14864,Male,0,No,No,17,Yes,Yes,DSL,No,No,Yes,No,No,Yes,Month-to-month,No,Electronic check,53.99,921.54,1,No
CUST-14865,Male,1,No,No,8,Yes,No,Fiber optic,No,No,No,No,No,No,One year,No,Electronic check,66.58,519.18,1,Yes
CUST-14866,Male,0,No,No,69,Yes,No,No,No internet service,No internet service,No internet service,No internet service,No internet service,No internet service,Month-to-month,No,Credit card (automatic),24.52,1727.62,1,No
CUST-14867,Male,0,Yes,No,51,Yes,Yes,Fiber optic,Yes,No,No,No,Yes,Yes,Month-to-month,Yes,Electronic check,87.79,4512.52,0,Yes
CUST-14868,Male,0,No,No,10,Yes,No,DSL,Yes,No,No,No,Yes,Yes,Month-to-month,No,Credit card (automatic),48.05,484.62,1,No
CUST-14869,Female,0,Yes,No,9,Yes,No,DSL,No,No,Yes,Yes,No,No,Month-to-month,Yes,Credit card (automatic),47.18,406.1,2,Yes
CUST-14870,Female,0,No,No,34,Yes,Yes,Fiber optic,No,Yes,No,No,Yes,No,One year,Yes,Electronic check,83.96,2842.55,0,Yes
CUST-14871,Male,0,Yes,Yes,44,Yes,Yes,DSL,Yes,No,Yes,Yes,No,No,Month-to-month,Yes,Credit card (automatic),69.16,3042.22,3,No
CUST-14872,Male,1,No,No,23,Yes,No,No,No internet service,No internet service,No internet service,No internet service,No internet service,No internet service,One year,Yes,Bank transfer (automatic),20.96,466.9,2,Yes
CUST-14873,Female,1,No,No,13,Yes,No,Fiber optic,Yes,Yes,No,Yes,Yes,Yes,One year,Yes,Bank transfer (automatic),98.95,1284.63,0,Yes
CUST-14874,Female,0,Yes,Yes,20,Yes,No,Fiber optic,No,No,No,No,No,Yes,Month-to-month,No,Credit card (automatic),76.1,1504.3,0,No
CUST-14875,Female,0,Yes,Yes,4,Yes,Yes,Fiber optic,No,Yes,Yes,Yes,Yes,Yes,Two year,Yes,Mailed check,101.31,397.5,0,No
CUST-14876,Female,0,No,Yes,6,Yes,No,No,No internet service,No internet service,No internet service,No internet service,No internet service,No internet service,Two year,No,Bank transfer (automatic),18.0,114.98,0,No
CUST-14877,Male,0,Yes,No,46,Yes,Yes,Fiber optic,No,No,Yes,Yes,No,No,One year,No,Bank transfer (automatic),82.52,3789.23,1,No
CUST-14878,Male,0,No,No,15,Yes,Yes,Fiber optic,No,No,No,Yes,Yes,Yes,Month-to-month,No,Bank transfer (automatic),86.69,1290.38,1,No
CUST-14879,Male,0,No,Yes,22,Yes,No,No,No internet service,No internet service,No internet service,No internet service,No internet service,No internet service,Month-to-month,No,Bank transfer (automatic),19.13,416.37,1,Yes
CUST-14880,Male,0,No,No,29,Yes,No,No,No internet service,No internet service,No internet service,No internet service,No internet service,No internet service,Month-to-month,No,Electronic check,18.0,508.18,1,No
CUST-14881,Male,0,Yes,No,21,Yes,Yes,DSL,No,Yes,Yes,No,Yes,No,Month-to-month,No,Electronic check,62.32,1296.59,3,No
CUST-14882,Female,0,No,No,29,Yes,Yes,DSL,Yes,No,No,Yes,Yes,No,Month-to-month,No,Credit card (automatic),57.52,1715.42,0,No
CUST-14883,Male,1,Yes,Yes,45,Yes,Yes,DSL,No,No,No,Yes,Yes,No,One year,Yes,Electronic check,53.83,2409.87,0,No
CUST-14884,Female,0,Yes,No,12,Yes,No,DSL,No,No,No,No,No,No,Month-to-month,Yes,Mailed check,47.96,582.76,2,Yes
CUST-14885,Male,0,No,No,47,Yes,Yes,No,No internet service,No internet service,No internet service,No internet service,No internet service,No internet service,Two year,Yes,Mailed check,20.73,955.65,1,No
CUST-14886,Male,0,No,No,29,Yes,Yes,DSL,Yes,No,Yes,No,No,No,Month-to-month,No,Electronic check,48.83,1380.2,1,No
CUST-14887,Male,0,Yes,No,35,Yes,No,Fiber optic,No,Yes,No,No,No,No,One year,Yes,Electronic check,80.81,2813.27,1,Yes
CUST-14888,Male,0,Yes,No,45,Yes,Yes,DSL,No,No,Yes,Yes,No,No,Two year,Yes,Electronic check,53.64,2412.39,0,No
CUST-14889,Male,0,No,No,26,Yes,Yes,No,No internet service,No internet service,No internet service,No internet service,No internet service,No internet service,Month-to-month,Yes,Mailed check,22.22,562.8,2,No
CUST-14890,Female,0,No,Yes,72,Yes,Yes,No,No internet service,No internet service,No internet service,No internet service,No internet service,No internet service,Two year,No,Credit card (automatic),18.81,1320.96,1,No
CUST-14891,Female,0,No,Yes,8,Yes,Yes,Fiber optic,No,No,Yes,No,No,Yes,Month-to-month,No,Mailed check,80.89,638.14,2,Yes
CUST-14892,Female,0,Yes,No,46,Yes,No,Fiber optic,Yes,No,No,No,No,Yes,Two year,No,Bank transfer (automatic),86.84,3995.57,0,No
CUST-14893,Male,0,No,Yes,14,Yes,Yes,Fiber optic,No,No,No,No,No,No,Two year,No,Mailed check,65.9,936.6,0,No
CUST-14894,Male,0,No,Yes,30,Yes,Yes,Fiber optic,Yes,No,Yes,Yes,Yes,No,Month-to-month,Yes,Credit card (automatic),92.46,2772.04,2,No
CUST-14895,Female,1,No,No,21,Yes,No,DSL,Yes,No,Yes,No,No,No,Two year,Yes,Bank transfer (automatic),51.88,1073.36,1,No
CUST-14896,Male,0,No,Yes,20,No,No phone service,Fiber optic,No,Yes,Yes,No,No,No,Month-to-month,Yes,Electronic check,82.54,1673.45,2,Yes
CUST-14897,Male,0,Yes,No,19,Yes,No,Fiber optic,No,No,No,Yes,Yes,No,Month-to-month,Yes,Mailed check,71.22,1391.1,0,No
CUST-14898,Female,0,No,No,35,Yes,No,Fiber optic,No,No,No,No,Yes,No,Month-to-month,Yes,Credit card (automatic),70.86,2485.11,1,Yes
CUST-14899,Male,1,Yes,No,10,Yes,No,Fiber optic,No,Yes,No,No,No,Yes,Month-to-month,No,Bank transfer (automatic),89.15,919.97,1,Yes
CUST-14900,Female,0,Yes,Yes,13,Yes,Yes,No,No internet service,No internet service,No internet service,No internet service,No internet service,No internet service,One year,Yes,Credit card (automatic),18.0,248.28,2,No
CUST-14901,Male,0,No,Yes,9,Yes,No,Fiber optic,No,Yes,Yes,No,No,Yes,Month-to-month,Yes,Electronic check,84.6,800.01,0,Yes
CUST-14902,Female,0,No,Yes,65,No,No phone service,Fiber optic,No,No,No,Yes,Yes,Yes,Two year,No,Credit card (automatic),84.04,5465.41,1,No
CUST-14903,Male,0,No,Yes,42,Yes,No,No,No internet service,No internet service,No internet service,No internet service,No internet service,No internet service,Month-to-month,Yes,Electronic check,21.48,919.83,0,No
CUST-14904,Male,0,No,Yes,14,Yes,No,Fiber optic,No,No,No,Yes,No,Yes,Two year,Yes,Electronic check,77.19,1107.51,0,No
CUST-14905,Female,1,Yes,No,34,Yes,Yes,DSL,No,No,No,No,No,No,Month-to-month,Yes,Mailed check,45.77,1557.38,1,No
CUST-14906,Male,0,No,No,9,Yes,No,Fiber optic,Yes,Yes,Yes,No,No,Yes,Month-to-month,Yes,Electronic check,89.83,822.96,1,Yes
CUST-14907,Male,0,Yes,No,24,Yes,No,Fiber optic,Yes,Yes,Yes,No,Yes,No,One year,No,Bank transfer (automatic),86.58,2079.85,0,No
CUST-14908,Female,0,No,No,19,Yes,Yes,DSL,No,Yes,Yes,No,Yes,No,Two year,Yes,Credit card (automatic),58.2,1092.66,1,No
CUST-14909,Male,0,Yes,No,19,Yes,No,Fiber optic,No,No,No,No,No,Yes,Two year,No,Credit card (automatic),75.17,1400.32,1,No
CUST-14910,Female,1,No,No,16,Yes,Yes,No,No internet service,No internet service,No internet service,No internet service,No internet service,No internet service,Month-to-month,No,Bank transfer (automatic),22.72,387.95,0,No
CUST-14911,Male,0,Yes,Yes,72,Yes,No,Fiber optic,No,Yes,No,Yes,No,Yes,Month-to-month,Yes,Mailed check,82.16,5946.59,2,Yes
CUST-14912,Male,0,No,No,39,Yes,Yes,Fiber optic,Yes,No,Yes,No,No,Yes,Month-to-month,Yes,Credit card (automatic),84.79,3303.68,1,Yes
CUST-14913,Male,0,No,No,72,Yes,Yes,DSL,No,No,Yes,Yes,Yes,No,Month-to-month,No,Bank transfer (automatic),64.09,4597.95,1,No
CUST-14914,Male,0,Yes,Yes,16,No,No phone service,No,No internet service,No internet service,No internet service,No internet service,No internet service,No internet service,Month-to-month,Yes,Credit card (automatic),18.0,299.22,2,No
CUST-14915,Female,0,No,No,10,Yes,Yes,Fiber optic,No,No,Yes,No,Yes,No,Month-to-month,Yes,Credit card (automatic),78.35,791.64,0,Yes
CUST-14916,Male,0,No,No,29,Yes,No,Fiber optic,No,No,Yes,No,Yes,No,One year,No,Electronic check,78.53,2247.18,0,No
CUST-14917,Female,0,No,Yes,24,Yes,No,Fiber optic,Yes,No,No,No,Yes,Yes,One year,Yes,Electronic check,89.48,2175.99,0,No
CUST-14918,Male,0,No,No,39,Yes,Yes,DSL,No,Yes,No,No,No,Yes,One year,No,Mailed check,54.72,2121.62,0,No
CUST-14919,Male,0,Yes,No,47,Yes,Yes,DSL,No,No,Yes,Yes,Yes,Yes,Month-to-month,Yes,Credit card (automatic),74.04,3473.91,1,No
CUST-14920,Male,0,Yes,No,3,Yes,Yes,DSL,No,Yes,Yes,Yes,No,Yes,One year,Yes,Credit card (automatic),69.29,194.21,0,No
CUST-14921,Male,0,Yes,No,72,Yes,No,DSL,Yes,Yes,No,No,Yes,Yes,Month-to-month,No,Bank transfer (automatic),63.29,4536.48,1,No
CUST-14922,Female,0,Yes,No,30,Yes,No,Fiber optic,Yes,Yes,No,No,No,Yes,Month-to-month,Yes,Electronic check,88.39,2612.76,2,Yes
CUST-14923,Female,0,Yes,No,37,Yes,Yes,Fiber optic,No,Yes,No,Yes,No,No,One year,Yes,Electronic check,84.22,3119.42,1,No
CUST-14924,Female,1,No,Yes,66,Yes,Yes,Fiber optic,No,No,No,No,No,Yes,One year,No,Credit card (automatic),70.77,4648.04,0,No
CUST-14925,Female,0,Yes,No,12,Yes,Yes,Fiber optic,No,No,No,No,No,No,One year,Yes,Mailed check,72.85,886.95,0,Yes
CUST-14926,Male,1,Yes,No,22,No,No phone service,DSL,No,No,Yes,No,Yes,No,Month-to-month,Yes,Bank transfer (automatic),53.52,1177.07,1,No
CUST-14927,Female,1,Yes,Yes,9,Yes,No,Fiber optic,No,No,Yes,No,Yes,Yes,Two year,Yes,Credit card (automatic),85.4,766.06,1,No
CUST-14928,Female,0,No,No,10,Yes,Yes,DSL,Yes,Yes,No,Yes,Yes,Yes,Month-to-month,Yes,Credit card (automatic),77.38,768.26,0,Yes
CUST-14929,Male,0,No,No,47,Yes,Yes,Fiber optic,No,No,Yes,No,No,Yes,Two year,No,Mailed check,76.41,3601.4,0,No
CUST-14930,Male,0,Yes,Yes,61,Yes,No,Fiber optic,Yes,No,No,Yes,Yes,No,Month-to-month,Yes,Mailed check,85.08,5192.0,0,No
CUST-14931,Male,0,No,No,5,Yes,No,DSL,Yes,No,No,Yes,No,Yes,Month-to-month,No,Bank transfer (automatic),61.39,333.18,1,No
CUST-14932,Male,0,Yes,Yes,31,Yes,No,Fiber optic,No,Yes,No,No,No,No,Month-to-month,Yes,Mailed check,79.14,2437.0,1,No
CUST-14933,Female,0,No,No,53,No,No phone service,No,No internet service,No internet service,No internet service,No internet service,No internet service,No internet service,Month-to-month,No,Bank transfer (automatic),18.0,994.57,1,No
CUST-14934,Female,0,No,No,45,Yes,No,Fiber optic,Yes,No,No,Yes,Yes,Yes,Month-to-month,Yes,Electronic check,94.45,4281.7,0,Yes
CUST-14935,Male,0,Yes,Yes,26,Yes,No,Fiber optic,No,Yes,No,No,No,Yes,Two year,No,Credit card (automatic),88.54,2325.34,0,No
CUST-14936,Male,0,No,No,31,Yes,No,DSL,Yes,No,Yes,No,Yes,No,Month-to-month,No,Credit card (automatic),62.58,1935.28,1,Yes
CUST-14937,Male,0,No,No,31,Yes,Yes,Fiber optic,Yes,Yes,No,No,No,No,One year,Yes,Credit card (automatic),72.61,2268.72,1,Yes
CUST-14938,Female,0,Yes,No,30,Yes,No,No,No internet service,No internet service,No internet service,No internet service,No internet service,No internet service,Two year,Yes,Mailed check,26.84,816.53,0,No
CUST-14939,Female,0,No,Yes,34,Yes,Yes,Fiber optic,No,Yes,Yes,Yes,Yes,No,One year,Yes,Mailed check,92.17,3119.4,2,No
CUST-14940,Male,0,Yes,Yes,20,Yes,No,DSL,No,No,Yes,Yes,No,Yes,Month-to-month,No,Electronic check,71.53,1413.96,1,No
CUST-14941,Male,0,Yes,No,72,Yes,No,Fiber optic,No,No,No,Yes,No,Yes,Two year,No,Electronic check,80.52,5794.38,0,No
CUST-14942,Female,1,Yes,No,12,Yes,No,DSL,Yes,Yes,No,Yes,Yes,No,Month-to-month,No,Mailed check,72.79,840.49,0,No
CUST-14943,Male,0,Yes,No,55,Yes,No,No,No internet service,No internet service,No internet service,No internet service,No internet service,No internet service,Month-to-month,No,Bank transfer (automatic),30.6,1668.74,3,No
CUST-14944,Male,0,Yes,No,14,Yes,No,No,No internet service,No internet service,No internet service,No internet service,No internet service,No internet service,Two year,Yes,Electronic check,18.0,243.45,1,No
CUST-14945,Female,0,No,No,36,Yes,No,Fiber optic,No,No,No,Yes,No,No,Month-to-month,Yes,Mailed check,73.0,2635.5,0,Yes
CUST-14946,Male,0,Yes,Yes,14,Yes,Yes,No,No internet service,No internet service,No internet service,No internet service,No internet service,No internet service,One year,No,Mailed check,18.95,272.21,1,Yes
CUST-14947,Female,0,Yes,Yes,34,Yes,No,DSL,Yes,Yes,No,Yes,Yes,No,Month-to-month,Yes,Electronic check,74.11,2485.59,3,No
CUST-14948,Male,1,No,No,23,Yes,No,DSL,Yes,No,Yes,Yes,No,No,Month-to-month,Yes,Electronic check,57.71,1357.14,1,Yes
CUST-14949,Male,0,No,No,40,Yes,No,DSL,Yes,No,No,No,No,No,Month-to-month,Yes,Mailed check,56.35,2227.43,2,No
CUST-14950,Female,1,No,No,13,Yes,No,Fiber optic,No,Yes,Yes,Yes,No,No,Two year,Yes,Bank transfer (automatic),86.29,1088.84,0,No
CUST-14951,Female,0,No,No,12,No,No phone service,Fiber optic,Yes,No,No,Yes,Yes,No,Two year,Yes,Bank transfer (automatic),83.79,1018.8,0,Yes
CUST-14952,Male,0,No,No,72,Yes,No,Fiber optic,Yes,Yes,No,No,Yes,Yes,Month-to-month,No,Mailed check,88.9,6424.08,1,No
CUST-14953,Female,0,No,No,21,Yes,No,DSL,Yes,Yes,Yes,Yes,No,No,Month-to-month,Yes,Electronic check,72.45,1523.36,0,Yes
CUST-14954,Male,1,No,Yes,32,Yes,No,No,No internet service,No internet service,No internet service,No internet service,No internet service,No internet service,Month-to-month,Yes,Electronic check,22.47,728.89,3,No
CUST-14955,Male,0,No,No,5,Yes,No,DSL,No,Yes,Yes,Yes,No,No,One year,Yes,Electronic check,58.89,308.85,0,No
CUST-14956,Female,0,Yes,No,25,No,No phone service,DSL,Yes,Yes,No,No,Yes,Yes,Two year,No,Electronic check,76.12,1903.68,0,No
CUST-14957,Male,0,Yes,No,17,Yes,Yes,DSL,Yes,No,No,Yes,Yes,No,Two year,Yes,Credit card (automatic),63.22,1081.98,0,No
CUST-14958,Male,0,No,No,72,Yes,No,DSL,No,Yes,No,Yes,No,No,One year,Yes,Electronic check,59.76,4293.35,1,No
CUST-14959,Female,0,Yes,No,16,No,No phone service,DSL,No,No,No,Yes,No,Yes,One year,No,Electronic check,68.27,1087.91,0,No
CUST-14960,Female,1,Yes,No,72,Yes,No,Fiber optic,Yes,Yes,No,No,No,Yes,Month-to-month,Yes,Electronic check,90.66,6542.11,0,No
CUST-14961,Male,0,No,Yes,16,Yes,No,Fiber optic,No,No,No,Yes,Yes,No,Month-to-month,Yes,Mailed check,86.26,1404.93,1,Yes
CUST-14962,Female,0,No,No,37,Yes,Yes,Fiber optic,No,No,No,No,Yes,Yes,One year,Yes,Electronic check,79.99,2955.38,0,No
CUST-14963,Female,0,Yes,No,72,Yes,Yes,Fiber optic,No,Yes,Yes,Yes,No,No,Month-to-month,Yes,Electronic check,87.02,6248.16,1,No
CUST-14964,Female,0,No,Yes,22,Yes,Yes,No,No internet service,No internet service,No internet service,No internet service,No internet service,No internet service,Two year,Yes,Electronic check,18.13,452.26,0,No
CUST-14965,Female,0,No,Yes,71,Yes,No,DSL,Yes,No,No,No,No,No,Month-to-month,No,Credit card (automatic),49.78,3539.96,1,No
CUST-14966,Male,0,No,No,45,Yes,Yes,DSL,No,Yes,No,No,Yes,No,Month-to-month,Yes,Credit card (automatic),57.71,2562.03,2,Yes
CUST-14967,Male,0,No,Yes,25,No,No phone service,DSL,No,Yes,Yes,No,Yes,Yes,Month-to-month,No,Bank transfer (automatic),62.25,1545.65,1,No
CUST-14968,Male,0,No,No,34,Yes,Yes,Fiber optic,Yes,No,Yes,Yes,Yes,No,Two year,No,Electronic check,97.6,3272.85,0,No
CUST-14969,Female,1,No,No,61,Yes,No,DSL,Yes,Yes,Yes,No,Yes,Yes,Two year,Yes,Electronic check,75.31,4597.49,0,No
CUST-14970,Female,1,Yes,No,32,Yes,Yes,Fiber optic,No,Yes,Yes,No,No,Yes,Month-to-month,Yes,Bank transfer (automatic),87.4,2800.43,1,No
CUST-14971,Female,0,No,No,7,Yes,No,Fiber optic,Yes,No,Yes,No,No,No,Two year,No,Electronic check,83.02,581.89,2,No
CUST-14972,Female,0,No,No,45,Yes,Yes,Fiber optic,Yes,Yes,No,No,Yes,Yes,Month-to-month,Yes,Mailed check,91.43,4106.55,1,No
CUST-14973,Female,1,No,No,46,Yes,Yes,Fiber optic,No,Yes,No,Yes,Yes,No,Month-to-month,No,Bank transfer (automatic),79.28,3645.4,2,No
CUST-14974,Female,0,No,No,31,Yes,Yes,Fiber optic,No,No,No,No,No,No,Month-to-month,No,Mailed check,62.13,1938.38,1,No
CUST-14975,Female,0,Yes,No,16,Yes,No,No,No internet service,No internet service,No internet service,No internet service,No internet service,No internet service,One year,Yes,Mailed check,18.0,307.58,0,No
CUST-14976,Male,1,No,Yes,43,Yes,No,DSL,No,Yes,Yes,Yes,Yes,Yes,Month-to-month,Yes,Mailed check,78.85,3385.78,4,Yes
CUST-14977,Male,0,Yes,Yes,9,Yes,Yes,Fiber optic,No,No,No,Yes,Yes,Yes,One year,Yes,Bank transfer (automatic),81.44,739.11,0,Yes
CUST-14978,Female,0,Yes,Yes,33,Yes,No,DSL,Yes,No,No,No,No,No,One year,Yes,Bank transfer (automatic),47.73,1590.03,2,No
CUST-14979,Female,0,Yes,No,32,Yes,Yes,Fiber optic,No,Yes,No,Yes,No,Yes,Month-to-month,Yes,Bank transfer (automatic),97.25,3136.44,0,Yes
CUST-14980,Female,0,Yes,No,26,Yes,No,No,No internet service,No internet service,No internet service,No internet service,No internet service,No internet service,Month-to-month,No,Mailed check,18.29,464.73,1,Yes
CUST-14981,Male,0,No,No,54,Yes,No,DSL,No,Yes,Yes,No,No,Yes,Two year,Yes,Bank transfer (automatic),49.99,2734.53,0,No
CUST-14982,Male,0,Yes,No,18,Yes,No,Fiber optic,No,No,No,Yes,Yes,No,One year,No,Credit card (automatic),78.99,1440.22,1,No
CUST-14983,Female,0,Yes,No,11,Yes,No,No,No internet service,No internet service,No internet service,No internet service,No internet service,No internet service,Month-to-month,Yes,Bank transfer (automatic),18.0,197.68,1,No
CUST-14984,Female,0,No,No,13,Yes,No,Fiber optic,Yes,No,No,No,No,No,Month-to-month,No,Mailed check,74.68,969.75,4,Yes
CUST-14985,Male,0,Yes,No,55,Yes,Yes,DSL,No,Yes,No,No,No,Yes,Month-to-month,No,Credit card (automatic),56.72,3123.55,1,No
CUST-14986,Male,0,Yes,No,38,No,No phone service,No,No internet service,No internet service,No internet service,No internet service,No internet service,No internet service,Month-to-month,No,Bank transfer (automatic),30.24,1128.47,2,No
CUST-14987,Male,0,Yes,No,36,Yes,No,DSL,No,Yes,Yes,No,No,Yes,Month-to-month,Yes,Credit card (automatic),62.4,2230.75,2,No
CUST-14988,Male,0,Yes,Yes,34,Yes,Yes,DSL,No,No,No,No,Yes,Yes,Month-to-month,Yes,Bank transfer (automatic),52.97,1776.82,1,No
CUST-14989,Female,0,Yes,No,22,Yes,Yes,No,No internet service,No internet service,No internet service,No internet service,No internet service,No internet service,Two year,Yes,Bank transfer (automatic),18.0,407.08,0,No
CUST-14990,Male,0,Yes,No,10,Yes,No,DSL,No,Yes,No,No,Yes,No,Month-to-month,Yes,Bank transfer (automatic),54.28,538.81,0,No
CUST-14991,Male,0,No,No,11,Yes,No,No,No internet service,No internet service,No internet service,No internet service,No internet service,No internet service,Two year,No,Electronic check,24.61,278.26,0,No
CUST-14992,Female,0,Yes,Yes,34,Yes,No,DSL,No,No,Yes,No,No,Yes,One year,Yes,Mailed check,61.38,2105.26,0,No
CUST-14993,Male,0,Yes,No,18,Yes,Yes,No,No internet service,No internet service,No internet service,No internet service,No internet service,No internet service,Month-to-month,No,Electronic check,18.0,342.83,1,No
CUST-14994,Male,0,No,No,14,Yes,Yes,Fiber optic,No,No,Yes,No,Yes,Yes,One year,No,Mailed check,86.73,1176.01,1,Yes
CUST-14995,Male,0,Yes,No,22,Yes,No,Fiber optic,No,No,Yes,No,Yes,No,Month-to-month,Yes,Bank transfer (automatic),76.91,1686.58,1,Yes
CUST-14996,Female,0,No,Yes,57,No,No phone service,Fiber optic,No,Yes,Yes,Yes,Yes,Yes,One year,No,Mailed check,94.99,5387.44,0,No
CUST-14997,Male,0,No,No,27,Yes,No,DSL,Yes,Yes,Yes,No,No,Yes,Month-to-month,Yes,Electronic check,69.59,1866.31,1,No
CUST-14998,Female,1,Yes,No,72,Yes,No,DSL,No,No,No,No,Yes,Yes,Month-to-month,Yes,Mailed check,58.15,4144.31,0,No
CUST-14999,Female,0,No,Yes,36,Yes,No,Fiber optic,Yes,No,No,Yes,Yes,Yes,One year,No,Electronic check,89.09,3224.91,0,No
CUST-15000,Male,0,Yes,No,72,Yes,No,No,No internet service,No internet service,No internet service,No internet service,No internet service,No internet service,Month-to-month,No,Bank transfer (automatic),28.79,2038.16,3,No
CUST-15001,Male,0,Yes,Yes,31,Yes,No,Fiber optic,No,Yes,No,Yes,Yes,Yes,Month-to-month,Yes,Bank transfer (automatic),95.22,2931.27,1,Yes
CUST-15002,Male,0,No,No,29,Yes,No,No,No internet service,No internet service,No internet service,No internet service,No internet service,No internet service,Month-to-month,Yes,Credit card (automatic),25.29,715.21,3,Yes
CUST-15003,Male,1,No,No,28,Yes,No,No,No internet service,No internet service,No internet service,No internet service,No internet service,No internet service,Month-to-month,Yes,Electronic check,19.91,576.81,2,No
CUST-15004,Female,0,No,No,17,Yes,No,Fiber optic,Yes,Yes,Yes,No,Yes,Yes,Two year,Yes,Electronic check,98.22,1671.92,0,No
CUST-15005,Male,0,No,No,21,Yes,Yes,No,No internet service,No internet service,No internet service,No internet service,No internet service,No internet service,Month-to-month,Yes,Credit card (automatic),23.06,471.81,0,No
CUST-15006,Male,0,Yes,No,72,Yes,No,DSL,No,No,Yes,No,No,Yes,Month-to-month,No,Electronic check,56.87,4071.77,1,No
CUST-15007,Male,0,No,Yes,18,Yes,No,Fiber optic,No,No,Yes,No,No,Yes,Month-to-month,Yes,Bank transfer (automatic),84.49,1527.9,0,Yes
CUST-15008,Female,0,No,No,28,Yes,No,Fiber optic,Yes,Yes,No,No,No,Yes,Month-to-month,Yes,Credit card (automatic),90.79,2507.51,2,Yes
CUST-15009,Male,0,No,Yes,28,Yes,No,DSL,Yes,No,No,Yes,Yes,No,One year,Yes,Mailed check,54.83,1517.85,0,No
CUST-15010,Male,0,No,No,19,Yes,Yes,No,No internet service,No internet service,No internet service,No internet service,No internet service,No internet service,Month-to-month,No,Mailed check,20.37,422.21,3,Yes
CUST-15011,Female,0,No,Yes,19,Yes,No,DSL,Yes,Yes,Yes,Yes,No,Yes,One year,Yes,Electronic check,67.76,1307.21,1,No
CUST-15012,Female,0,Yes,Yes,23,Yes,No,Fiber optic,Yes,Yes,Yes,No,Yes,No,Month-to-month,Yes,Credit card (automatic),87.09,1974.26,2,Yes
CUST-15013,Male,0,No,No,45,Yes,Yes,DSL,No,Yes,No,Yes,Yes,Yes,Month-to-month,Yes,Electronic check,71.46,3241.6,0,No
CUST-15014,Male,0,Yes,No,64,Yes,No,Fiber optic,No,No,No,No,Yes,No,One year,Yes,Electronic check,77.57,4964.35,3,No
CUST-15015,Male,0,Yes,No,8,Yes,No,Fiber optic,No,No,No,Yes,No,No,One year,Yes,Mailed check,80.28,657.59,0,Yes
CUST-15016,Male,0,No,No,72,Yes,Yes,Fiber optic,No,Yes,No,Yes,No,No,Month-to-month,No,Electronic check,81.14,5850.15,2,No
CUST-15017,Male,0,Yes,No,41,Yes,Yes,Fiber optic,No,Yes,No,Yes,Yes,No,Month-to-month,Yes,Bank transfer (automatic),86.37,3537.37,0,No
CUST-15018,Female,0,No,No,42,Yes,Yes,Fiber optic,No,No,Yes,Yes,No,No,Month-to-month,No,Mailed check,83.82,3524.18,2,No
CUST-15019,Female,1,Yes,Yes,14,Yes,Yes,Fiber optic,No,Yes,Yes,Yes,Yes,No,Month-to-month,No,Electronic check,96.08,1369.4,2,Yes
CUST-15020,Male,0,No,No,72,Yes,No,DSL,Yes,Yes,Yes,No,No,No,Month-to-month,No,Electronic check,57.68,4185.9,1,No
CUST-15021,Male,1,Yes,No,13,No,No phone service,Fiber optic,Yes,No,No,Yes,No,No,One year,Yes,Electronic check,82.94,1083.77,1,Yes
CUST-15022,Female,0,Yes,No,30,Yes,Yes,No,No internet service,No internet service,No internet service,No internet service,No internet service,No internet service,One year,No,Electronic check,18.02,523.83,1,No
CUST-15023,Male,0,Yes,No,33,Yes,Yes,Fiber optic,No,No,No,No,No,Yes,Two year,No,Electronic check,73.53,2425.72,3,Yes
CUST-15024,Male,0,No,No,72,Yes,Yes,Fiber optic,No,No,Yes,No,Yes,Yes,One year,Yes,Credit card (automatic),90.35,6548.05,0,No
CUST-15025,Male,0,Yes,No,14,Yes,No,DSL,No,Yes,No,No,Yes,No,One year,No,Electronic check,57.05,813.44,0,No
CUST-15026,Male,0,No,Yes,31,Yes,No,DSL,No,No,No,Yes,No,Yes,One year,Yes,Electronic check,56.24,1759.2,0,No
CUST-15027,Male,0,Yes,Yes,6,Yes,Yes,No,No internet service,No internet service,No internet service,No internet service,No internet service,No internet service,Two year,Yes,Electronic check,18.0,113.32,0,No
CUST-15028,Female,0,Yes,Yes,26,No,No phone service,No,No internet service,No internet service,No internet service,No internet service,No internet service,No internet service,Month-to-month,Yes,Mailed check,18.14,487.64,2,Yes
CUST-15029,Male,0,Yes,Yes,35,Yes,No,DSL,No,Yes,Yes,No,No,No,Month-to-month,No,Bank transfer (automatic),58.71,2048.75,2,No
CUST-15030,Male,0,Yes,No,17,Yes,No,Fiber optic,No,Yes,No,No,Yes,No,Month-to-month,No,Credit card (automatic),85.16,1455.44,1,Yes
CUST-15031,Male,0,No,Yes,7,Yes,No,Fiber optic,No,No,Yes,Yes,No,Yes,Month-to-month,No,Mailed check,85.76,581.72,2,No
CUST-15032,Female,0,No,No,72,Yes,No,Fiber optic,No,No,Yes,No,Yes,No,Month-to-month,Yes,Electronic check,79.69,5711.8,1,Yes
CUST-15033,Female,0,Yes,No,10,Yes,No,Fiber optic,Yes,Yes,Yes,Yes,Yes,No,Month-to-month,Yes,Electronic check,91.2,892.56,0,No
CUST-15034,Female,0,No,Yes,11,Yes,Yes,Fiber optic,Yes,No,Yes,No,Yes,No,Month-to-month,Yes,Electronic check,83.68,945.49,1,Yes
CUST-15035,Female,0,No,No,14,Yes,No,No,No internet service,No internet service,No internet service,No internet service,No internet service,No internet service,Two year,No,Bank transfer (automatic),19.34,245.73,1,No
CUST-15036,Male,0,Yes,No,60,Yes,No,No,No internet service,No internet service,No internet service,No internet service,No internet service,No internet service,Two year,Yes,Bank transfer (automatic),20.81,1289.81,1,No
CUST-15037,Female,1,Yes,Yes,24,Yes,No,No,No internet service,No internet service,No internet service,No internet service,No internet service,No internet service,One year,Yes,Electronic check,23.34,578.51,1,No
CUST-15038,Male,0,No,No,6,Yes,No,Fiber optic,No,No,No,No,Yes,No,Month-to-month,No,Credit card (automatic),79.55,497.07,2,No
CUST-15039,Male,1,Yes,Yes,15,No,No phone service,DSL,No,No,No,No,No,Yes,Two year,No,Credit card (automatic),42.91,617.62,0,No
CUST-15040,Female,1,Yes,Yes,59,No,No phone service,Fiber optic,No,No,No,Yes,No,Yes,Two year,No,Credit card (automatic),81.29,4785.97,0,No
CUST-15041,Female,0,Yes,No,7,Yes,No,Fiber optic,Yes,No,No,No,No,No,Two year,Yes,Electronic check,74.16,525.49,0,No
CUST-15042,Female,0,No,No,10,Yes,No,No,No internet service,No internet service,No internet service,No internet service,No internet service,No internet service,One year,No,Electronic check,21.17,212.72,1,No
CUST-15043,Female,0,Yes,Yes,11,Yes,Yes,No,No internet service,No internet service,No internet service,No internet service,No internet service,No internet service,Month-to-month,No,Electronic check,21.56,264.23,1,No
CUST-15044,Female,0,Yes,Yes,25,Yes,Yes,Fiber optic,No,No,No,Yes,No,No,Month-to-month,No,Mailed check,69.61,1732.09,3,Yes
CUST-15045,Male,0,Yes,No,28,Yes,No,DSL,No,No,No,No,Yes,No,Two year,No,Mailed check,61.12,1730.36,1,No
CUST-15046,Female,0,Yes,No,22,Yes,No,DSL,Yes,Yes,Yes,No,Yes,No,Month-to-month,No,Credit card (automatic),69.12,1541.67,3,Yes
CUST-15047,Female,0,Yes,Yes,24,Yes,No,Fiber optic,Yes,No,Yes,No,Yes,No,Month-to-month,Yes,Electronic check,82.36,1981.05,1,Yes
CUST-15048,Female,1,No,No,9,No,No phone service,DSL,No,No,No,No,No,No,Month-to-month,Yes,Bank transfer (automatic),43.16,387.42,2,No
CUST-15049,Male,0,Yes,No,21,Yes,No,No,No internet service,No internet service,No internet service,No internet service,No internet service,No internet service,Month-to-month,No,Bank transfer (automatic),18.0,348.24,0,No
CUST-15050,Female,0,No,Yes,21,Yes,No,Fiber optic,Yes,No,No,No,Yes,Yes,Two year,Yes,Electronic check,85.86,1808.42,1,Yes
CUST-15051,Male,0,Yes,No,11,Yes,No,No,No internet service,No internet service,No internet service,No internet service,No internet service,No internet service,Month-to-month,Yes,Electronic check,20.03,238.17,1,Yes
CUST-15052,Female,1,No,No,64,Yes,No,DSL,Yes,No,No,No,Yes,No,Month-to-month,No,Bank transfer (automatic),58.8,3749.69,2,No
CUST-15053,Female,0,No,No,56,Yes,Yes,DSL,No,Yes,Yes,Yes,No,No,Two year,Yes,Bank transfer (automatic),59.56,3311.06,0,No
CUST-15054,Male,0,Yes,No,8,Yes,No,Fiber optic,Yes,No,No,Yes,Yes,Yes,Month-to-month,Yes,Credit card (automatic),104.48,824.04,0,No
CUST-15055,Female,0,No,No,36,Yes,No,No,No internet service,No internet service,No internet service,No internet service,No internet service,No internet service,Two year,Yes,Credit card (automatic),18.0,643.46,0,No
CUST-15056,Male,0,No,Yes,34,Yes,No,Fiber optic,No,No,Yes,No,No,No,Month-to-month,Yes,Credit card (automatic),72.95,2492.34,2,Yes
CUST-15057,Male,0,No,Yes,30,Yes,No,No,No internet service,No internet service,No internet service,No internet service,No internet service,No internet service,One year,No,Bank transfer (automatic),20.04,603.76,3,No
CUST-15058,Male,0,Yes,No,21,Yes,Yes,Fiber optic,No,Yes,No,No,No,Yes,Month-to-month,No,Electronic check,77.48,1611.0,1,Yes
CUST-15059,Female,0,No,No,30,Yes,No,No,No internet service,No internet service,No internet service,No internet service,No internet service,No internet service,Month-to-month,No,Credit card (automatic),24.06,678.17,1,No
CUST-15060,Female,0,No,No,22,Yes,No,DSL,Yes,Yes,No,Yes,No,No,Month-to-month,No,Credit card (automatic),56.46,1270.33,0,No
CUST-15061,Female,0,No,No,14,Yes,No,Fiber optic,Yes,No,No,No,Yes,No,Two year,Yes,Mailed check,84.12,1148.25,2,No
CUST-15062,Male,1,No,No,36,Yes,No,DSL,No,No,No,Yes,Yes,Yes,Month-to-month,Yes,Electronic check,60.62,2176.69,1,Yes
CUST-15063,Female,0,Yes,No,3,Yes,No,DSL,Yes,No,No,No,Yes,Yes,Month-to-month,No,Mailed check,70.8,209.92,0,No
CUST-15064,Male,1,No,No,43,Yes,Yes,Fiber optic,No,No,Yes,No,Yes,Yes,Two year,No,Credit card (automatic),83.1,3535.57,1,No
CUST-15065,Female,0,No,No,26,Yes,No,DSL,No,Yes,No,No,Yes,Yes,Month-to-month,Yes,Electronic check,68.35,1745.76,0,No
CUST-15066,Male,0,No,Yes,18,Yes,Yes,No,No internet service,No internet service,No internet service,No internet service,No internet service,No internet service,One year,No,Bank transfer (automatic),21.21,335.87,1,No
CUST-15067,Male,0,Yes,No,42,Yes,No,Fiber optic,Yes,Yes,No,Yes,Yes,No,One year,No,Credit card (automatic),94.93,4004.31,0,No
CUST-15068,Male,0,No,No,30,Yes,Yes,Fiber optic,No,No,Yes,Yes,Yes,No,Month-to-month,Yes,Bank transfer (automatic),79.27,2371.7,1,Yes
CUST-15069,Female,0,Yes,No,65,No,No phone service,No,No internet service,No internet service,No internet service,No internet service,No internet service,No internet service,Month-to-month,Yes,Mailed check,19.68,1275.71,0,No
CUST-15070,Male,0,No,No,52,Yes,Yes,No,No internet service,No internet service,No internet service,No internet service,No internet service,No internet service,Two year,Yes,Credit card (automatic),19.1,992.9,0,No
CUST-15071,Male,0,Yes,Yes,11,Yes,Yes,No,No internet service,No internet service,No internet service,No internet service,No internet service,No internet service,Month-to-month,Yes,Electronic check,24.26,231.23,2,No
CUST-15072,Male,0,Yes,No,17,Yes,No,Fiber optic,No,No,No,Yes,No,No,Month-to-month,No,Electronic check,73.74,1215.88,1,Yes
CUST-15073,Male,0,No,No,15,Yes,Yes,Fiber optic,No,Yes,Yes,Yes,No,No,One year,No,Electronic check,94.97,1429.34,1,No
CUST-15074,Male,0,Yes,No,15,Yes,Yes,DSL,No,No,Yes,Yes,No,Yes,Month-to-month,No,Electronic check,60.57,902.39,3,No
CUST-15075,Male,0,No,No,72,Yes,No,DSL,Yes,Yes,Yes,No,Yes,No,One year,No,Mailed check,57.23,4083.53,1,No
CUST-15076,Female,0,No,Yes,8,Yes,Yes,Fiber optic,Yes,Yes,No,Yes,Yes,Yes,Month-to-month,No,Electronic check,95.98,770.55,2,No
CUST-15077,Female,0,Yes,No,54,Yes,Yes,Fiber optic,No,No,Yes,Yes,No,Yes,Two year,Yes,Bank transfer (automatic),87.32,4719.55,0,No
CUST-15078,Male,0,Yes,No,72,Yes,Yes,Fiber optic,No,No,No,No,No,Yes,Month-to-month,No,Mailed check,78.39,5656.48,1,Yes
CUST-15079,Female,0,No,No,47,Yes,Yes,Fiber optic,Yes,Yes,No,Yes,Yes,No,Month-to-month,No,Bank transfer (automatic),91.3,4299.29,1,No
CUST-15080,Female,0,Yes,No,38,Yes,No,DSL,No,No,Yes,Yes,Yes,Yes,Two year,No,Electronic check,78.22,2979.54,1,No
CUST-15081,Male,0,No,No,7,Yes,Yes,Fiber optic,No,No,No,No,No,No,Month-to-month,Yes,Electronic check,72.13,501.4,3,Yes
CUST-15082,Male,0,No,Yes,6,No,No phone service,Fiber optic,Yes,No,No,No,No,No,Month-to-month,Yes,Electronic check,73.51,459.28,0,Yes
CUST-15083,Male,0,Yes,No,33,Yes,No,Fiber optic,No,No,No,Yes,No,Yes,Two year,Yes,Electronic check,77.47,2570.02,2,No
CUST-15084,Female,0,Yes,Yes,21,Yes,No,Fiber optic,Yes,Yes,Yes,No,Yes,No,One year,No,Electronic check,99.11,2072.94,1,No
CUST-15085,Male,0,Yes,No,8,Yes,Yes,DSL,No,No,Yes,No,Yes,Yes,Month-to-month,Yes,Electronic check,60.58,437.75,3,Yes
CUST-15086,Female,1,No,Yes,43,Yes,No,No,No internet service,No internet service,No internet service,No internet service,No internet service,No internet service,Month-to-month,Yes,Bank transfer (automatic),22.58,956.95,0,No
CUST-15087,Male,0,Yes,Yes,37,No,No phone service,DSL,No,No,Yes,No,No,No,One year,No,Electronic check,56.11,2052.56,0,No
CUST-15088,Female,0,Yes,No,43,No,No phone service,Fiber optic,Yes,No,Yes,No,Yes,Yes,Month-to-month,Yes,Mailed check,89.7,3911.56,0,No
CUST-15089,Male,1,No,No,44,Yes,Yes,No,No internet service,No internet service,No internet service,No internet service,No internet service,No internet service,Two year,Yes,Electronic check,18.34,784.16,0,No
CUST-15090,Male,1,No,No,55,Yes,No,DSL,No,Yes,Yes,No,Yes,Yes,Month-to-month,No,Credit card (automatic),74.06,4091.92,3,Yes
CUST-15091,Female,0,Yes,No,18,Yes,No,Fiber optic,No,No,No,No,No,Yes,Two year,Yes,Electronic check,70.47,1236.25,0,No
CUST-15092,Female,0,Yes,No,9,Yes,Yes,Fiber optic,No,Yes,Yes,No,No,Yes,Month-to-month,Yes,Mailed check,90.22,779.91,3,Yes
CUST-15093,Female,1,No,No,71,Yes,Yes,DSL,No,Yes,No,No,No,Yes,Month-to-month,Yes,Mailed check,62.23,4438.82,1,No
CUST-15094,Female,0,No,No,6,Yes,No,Fiber optic,No,Yes,Yes,No,No,Yes,Month-to-month,Yes,Bank transfer (automatic),84.46,494.3,0,Yes
CUST-15095,Female,1,No,No,7,Yes,No,Fiber optic,No,No,No,No,No,No,Month-to-month,Yes,Mailed check,76.82,583.93,0,Yes
CUST-15096,Female,0,No,No,15,Yes,No,DSL,No,Yes,No,No,Yes,No,Month-to-month,No,Mailed check,56.23,874.46,3,No
CUST-15097,Male,0,No,No,64,No,No phone service,Fiber optic,No,No,No,No,No,No,Month-to-month,Yes,Bank transfer (automatic),67.44,4307.3,3,Yes
CUST-15098,Female,0,No,No,16,Yes,No,DSL,No,Yes,No,No,Yes,Yes,Two year,Yes,Bank transfer (automatic),58.06,898.81,0,No
CUST-15099,Male,0,No,Yes,7,Yes,Yes,No,No internet service,No internet service,No internet service,No internet service,No internet service,No internet service,Month-to-month,Yes,Electronic check,25.21,190.27,1,Yes
CUST-15100,Male,0,No,No,11,No,No phone service,Fiber optic,Yes,Yes,Yes,No,No,No,Two year,Yes,Electronic check,85.03,930.07,0,No
CUST-15101,Female,1,No,Yes,11,Yes,Yes,DSL,Yes,No,No,Yes,No,Yes,Month-to-month,Yes,Credit card (automatic),62.26,706.29,0,Yes
CUST-15102,Male,0,Yes,No,29,Yes,Yes,No,No internet service,No internet service,No internet service,No internet service,No internet service,No internet service,One year,Yes,Mailed check,21.7,662.07,0,No
CUST-15103,Female,0,Yes,Yes,13,Yes,No,Fiber optic,No,No,No,No,No,No,Two year,Yes,Mailed check,61.85,792.34,0,Yes
CUST-15104,Female,0,No,No,0,Yes,No,DSL,Yes,Yes,Yes,No,No,No,Two year,Yes,Electronic check,60.99,,0,No
CUST-15105,Male,0,Yes,Yes,72,Yes,No,DSL,Yes,No,No,Yes,Yes,No,Month-to-month,Yes,Credit card (automatic),66.23,4755.36,1,No
CUST-15106,Male,0,No,No,3,Yes,Yes,Fiber optic,No,No,Yes,Yes,No,No,One year,Yes,Electronic check,74.78,245.13,1,Yes
CUST-15107,Female,0,Yes,No,5,Yes,No,DSL,No,Yes,Yes,No,No,Yes,Month-to-month,No,Electronic check,59.28,276.81,1,No
CUST-15108,Female,0,No,No,42,Yes,Yes,DSL,No,No,No,No,No,No,Month-to-month,Yes,Mailed check,44.62,1891.22,0,No
CUST-15109,Male,0,Yes,No,9,Yes,No,Fiber optic,No,No,No,No,No,No,One year,Yes,Mailed check,70.35,639.71,0,No
CUST-15110,Male,0,No,No,39,Yes,No,No,No internet service,No internet service,No internet service,No internet service,No internet service,No internet service,Month-to-month,Yes,Credit card (automatic),20.97,788.48,1,No
CUST-15111,Male,0,No,No,34,Yes,No,Fiber optic,No,No,Yes,No,No,No,Month-to-month,Yes,Electronic check,78.44,2639.89,2,Yes
CUST-15112,Male,1,Yes,No,16,No,No phone service,Fiber optic,Yes,Yes,No,No,No,Yes,Month-to-month,Yes,Mailed check,92.43,1475.21,1,No
CUST-15113,Female,0,No,No,39,Yes,Yes,No,No internet service,No internet service,No internet service,No internet service,No internet service,No internet service,Month-to-month,Yes,Electronic check,23.17,890.68,0,No
CUST-15114,Female,0,Yes,No,21,Yes,Yes,DSL,No,Yes,No,No,No,Yes,Month-to-month,No,Bank transfer (automatic),55.19,1109.56,1,No
CUST-15115,Female,0,Yes,No,43,Yes,No,DSL,No,No,No,No,Yes,Yes,Two year,No,Mailed check,56.58,2398.2,0,No
CUST-15116,Female,0,Yes,No,64,Yes,No,No,No internet service,No internet service,No internet service,No internet service,No internet service,No internet service,Month-to-month,Yes,Bank transfer (automatic),25.26,1589.98,0,Yes
CUST-15117,Male,0,Yes,No,8,Yes,Yes,Fiber optic,No,No,No,No,Yes,No,One year,Yes,Electronic check,77.3,630.38,0,No
CUST-15118,Male,0,No,Yes,28,Yes,No,DSL,No,Yes,No,No,No,No,One year,Yes,Mailed check,54.14,1512.97,2,No
CUST-15119,Female,0,Yes,No,29,Yes,No,Fiber optic,Yes,Yes,No,No,Yes,No,One year,No,Mailed check,88.11,2534.77,0,Yes
CUST-15120,Female,0,No,No,29,Yes,No,No,No internet service,No internet service,No internet service,No internet service,No internet service,No internet service,One year,No,Mailed check,18.46,524.36,2,No
CUST-15121,Female,0,Yes,No,40,Yes,No,DSL,No,No,Yes,No,Yes,No,One year,Yes,Mailed check,49.24,1987.59,0,No
CUST-15122,Female,0,No,No,35,Yes,Yes,Fiber optic,No,Yes,No,No,Yes,Yes,Month-to-month,Yes,Mailed check,84.14,2974.03,1,Yes
CUST-15123,Female,0,Yes,No,7,Yes,No,DSL,Yes,No,No,Yes,Yes,Yes,Month-to-month,No,Credit card (automatic),68.28,448.0,3,No
CUST-15124,Female,0,No,No,9,Yes,Yes,Fiber optic,No,Yes,Yes,No,No,No,Two year,Yes,Mailed check,79.91,705.55,0,No
CUST-15125,Female,0,No,Yes,19,Yes,No,Fiber optic,Yes,No,Yes,No,No,No,Two year,Yes,Credit card (automatic),79.38,1516.12,2,No
CUST-15126,Female,0,No,No,28,Yes,Yes,DSL,Yes,No,No,Yes,No,Yes,One year,No,Electronic check,59.32,1653.55,0,No
CUST-15127,Female,1,Yes,Yes,30,Yes,Yes,Fiber optic,No,Yes,Yes,Yes,No,No,Month-to-month,Yes,Electronic check,87.94,2662.15,1,No
CUST-15128,Male,1,No,Yes,32,Yes,Yes,Fiber optic,Yes,No,No,No,Yes,Yes,Month-to-month,Yes,Mailed check,89.05,2826.89,0,Yes
CUST-15129,Female,0,Yes,No,36,Yes,No,DSL,Yes,Yes,Yes,No,Yes,No,Month-to-month,No,Electronic check,63.77,2285.48,0,No
CUST-15130,Male,0,Yes,No,35,Yes,Yes,Fiber optic,Yes,No,No,No,No,Yes,One year,No,Mailed check,81.24,2846.84,1,No
CUST-15131,Male,0,Yes,Yes,23,Yes,Yes,Fiber optic,No,Yes,No,No,No,Yes,One year,No,Electronic check,84.9,1951.79,0,No
CUST-15132,Female,1,Yes,No,65,Yes,Yes,Fiber optic,No,Yes,No,No,No,No,Month-to-month,Yes,Credit card (automatic),82.86,5377.99,0,Yes
CUST-15133,Female,0,Yes,No,6,Yes,Yes,No,No internet service,No internet service,No internet service,No internet service,No internet service,No internet service,One year,No,Mailed check,24.97,153.94,0,No
CUST-15134,Male,0,No,Yes,3,Yes,No,DSL,No,No,No,No,No,Yes,Month-to-month,No,Mailed check,53.57,173.31,2,Yes
CUST-15135,Male,0,Yes,Yes,27,No,No phone service,DSL,No,No,Yes,No,Yes,No,One year,Yes,Bank transfer (automatic),53.81,1441.39,0,No
CUST-15136,Female,0,Yes,Yes,33,Yes,No,Fiber optic,No,No,No,No,No,No,Month-to-month,Yes,Electronic check,71.62,2360.29,3,No
CUST-15137,Male,1,Yes,Yes,27,Yes,No,Fiber optic,No,Yes,Yes,No,Yes,No,One year,No,Credit card (automatic),91.21,2437.24,0,Yes
CUST-15138,Female,0,No,No,16,No,No phone service,No,No internet service,No internet service,No internet service,No internet service,No internet service,No internet service,Month-to-month,Yes,Mailed check,18.0,269.27,1,No
CUST-15139,Female,0,No,No,34,Yes,Yes,DSL,Yes,No,Yes,Yes,Yes,No,Month-to-month,Yes,Electronic check,61.99,2089.07,1,No
CUST-15140,Female,0,Yes,No,11,Yes,Yes,Fiber optic,No,Yes,No,No,No,Yes,Month-to-month,Yes,Credit card (automatic),82.12,903.68,4,Yes
CUST-15141,Male,0,No,Yes,6,Yes,No,Fiber optic,Yes,Yes,Yes,Yes,Yes,No,Two year,Yes,Mailed check,90.01,537.2,0,No
CUST-15142,Male,0,No,No,52,Yes,Yes,No,No internet service,No internet service,No internet service,No internet service,No internet service,No internet service,One year,No,Bank transfer (automatic),18.0,957.88,0,No
CUST-15143,Female,0,Yes,No,14,Yes,No,Fiber optic,No,No,No,Yes,Yes,Yes,Month-to-month,Yes,Credit card (automatic),83.51,1151.01,2,Yes
CUST-15144,Male,1,No,No,26,Yes,No,Fiber optic,No,No,No,No,Yes,Yes,One year,Yes,Credit card (automatic),83.04,2146.25,0,No
CUST-15145,Male,0,No,No,13,No,No phone service,DSL,No,No,Yes,No,Yes,No,One year,No,Credit card (automatic),54.32,692.87,0,No
CUST-15146,Male,0,No,No,15,Yes,No,Fiber optic,No,Yes,No,No,No,Yes,One year,No,Mailed check,81.4,1276.26,1,No
CUST-15147,Male,1,Yes,Yes,45,Yes,Yes,DSL,Yes,No,Yes,No,Yes,Yes,Month-to-month,No,Bank transfer (automatic),64.15,2905.62,1,No
CUST-15148,Male,0,Yes,No,25,Yes,No,No,No internet service,No internet service,No internet service,No internet service,No internet service,No internet service,Month-to-month,Yes,Electronic check,21.33,515.32,1,Yes
CUST-15149,Male,0,Yes,No,25,Yes,Yes,DSL,Yes,Yes,Yes,Yes,No,No,Month-to-month,Yes,Credit card (automatic),66.7,1648.4,3,Yes
CUST-15150,Male,0,No,Yes,6,Yes,Yes,Fiber optic,Yes,No,Yes,No,Yes,No,Month-to-month,Yes,Mailed check,81.07,460.48,1,No
CUST-15151,Female,0,No,Yes,23,Yes,Yes,DSL,No,Yes,No,Yes,No,Yes,One year,Yes,Mailed check,62.79,1456.62,0,No
CUST-15152,Male,0,Yes,Yes,13,Yes,No,No,No internet service,No internet service,No internet service,No internet service,No internet service,No internet service,Month-to-month,Yes,Credit card (automatic),21.62,315.92,3,No
CUST-15153,Male,1,Yes,No,72,Yes,No,Fiber optic,No,No,No,No,Yes,No,Month-to-month,No,Credit card (automatic),79.6,5739.7,1,Yes
CUST-15154,Male,0,No,Yes,11,Yes,No,No,No internet service,No internet service,No internet service,No internet service,No internet service,No internet service,Month-to-month,Yes,Credit card (automatic),23.48,254.03,1,No
CUST-15155,Male,0,No,Yes,63,Yes,Yes,DSL,Yes,Yes,No,No,Yes,No,Month-to-month,Yes,Mailed check,66.08,4143.55,2,No
CUST-15156,Male,0,No,No,28,Yes,Yes,DSL,Yes,No,No,No,No,No,Two year,No,Electronic check,48.99,1393.28,0,No
CUST-15157,Male,0,No,No,8,Yes,Yes,Fiber optic,No,No,No,No,Yes,No,Two year,Yes,Credit card (automatic),77.79,614.05,3,Yes
CUST-15158,Male,0,No,Yes,45,Yes,No,Fiber optic,Yes,No,Yes,No,No,No,Month-to-month,Yes,Mailed check,74.76,3380.21,0,Yes
CUST-15159,Male,0,Yes,No,61,Yes,Yes,DSL,No,Yes,No,Yes,No,Yes,Two year,Yes,Credit card (automatic),52.65,3245.22,0,No
CUST-15160,Female,1,Yes,No,72,Yes,Yes,Fiber optic,No,Yes,No,No,No,No,Month-to-month,Yes,Bank transfer (automatic),71.0,5091.63,2,No
CUST-15161,Male,0,Yes,No,30,Yes,Yes,DSL,Yes,Yes,No,No,No,Yes,One year,No,Credit card (automatic),52.12,1590.27,0,No
CUST-15162,Male,0,No,No,13,Yes,No,Fiber optic,Yes,No,No,No,No,No,Month-to-month,No,Bank transfer (automatic),77.29,1007.76,1,Yes
CUST-15163,Male,0,Yes,No,12,Yes,Yes,Fiber optic,Yes,No,No,No,Yes,No,Month-to-month,Yes,Credit card (automatic),82.1,992.11,3,Yes
CUST-15164,Male,0,No,No,31,Yes,No,Fiber optic,No,Yes,Yes,No,Yes,No,Two year,Yes,Electronic check,78.97,2467.3,1,Yes
CUST-15165,Female,0,Yes,Yes,5,No,No phone service,Fiber optic,Yes,Yes,No,No,Yes,No,Two year,Yes,Credit card (automatic),93.35,427.48,2,No
CUST-15166,Female,0,Yes,No,8,Yes,Yes,DSL,No,No,No,No,Yes,No,Month-to-month,No,Electronic check,51.11,422.47,2,No
CUST-15167,Female,0,No,No,25,Yes,Yes,No,No internet service,No internet service,No internet service,No internet service,No internet service,No internet service,Two year,No,Electronic check,18.0,454.46,0,No
CUST-15168,Female,0,Yes,No,44,Yes,Yes,No,No internet service,No internet service,No internet service,No internet service,No internet service,No internet service,One year,Yes,Mailed check,26.04,1162.57,0,No
CUST-15169,Female,0,Yes,No,19,Yes,Yes,Fiber optic,No,No,Yes,Yes,No,No,Month-to-month,No,Bank transfer (automatic),77.43,1475.13,1,No
CUST-15170,Female,0,No,No,72,No,No phone service,Fiber optic,No,Yes,Yes,No,Yes,No,Month-to-month,Yes,Bank transfer (automatic),88.25,6343.84,0,No
CUST-15171,Female,0,Yes,Yes,34,No,No phone service,DSL,No,No,No,Yes,No,Yes,Month-to-month,Yes,Electronic check,57.69,1952.37,1,No
CUST-15172,Female,0,No,Yes,18,Yes,No,Fiber optic,Yes,Yes,No,No,No,Yes,One year,Yes,Bank transfer (automatic),80.28,1437.76,2,No
CUST-15173,Female,0,No,Yes,13,Yes,Yes,Fiber optic,No,Yes,No,No,Yes,Yes,Two year,No,Credit card (automatic),93.22,1223.97,1,No
CUST-15174,Female,0,No,No,9,Yes,No,Fiber optic,No,No,Yes,Yes,No,No,Month-to-month,Yes,Bank transfer (automatic),93.64,874.42,2,Yes
CUST-15175,Female,0,No,Yes,40,Yes,No,No,No internet service,No internet service,No internet service,No internet service,No internet service,No internet service,One year,No,Mailed check,18.0,688.99,2,No
CUST-15176,Female,0,Yes,No,12,Yes,No,DSL,Yes,No,No,No,No,No,One year,Yes,Bank transfer (automatic),52.48,610.35,0,No
CUST-15177,Female,0,No,Yes,31,Yes,No,DSL,No,No,No,No,No,Yes,Month-to-month,No,Credit card (automatic),52.02,1601.06,1,No
CUST-15178,Female,0,Yes,No,7,Yes,Yes,Fiber optic,Yes,No,No,Yes,Yes,Yes,Month-to-month,Yes,Credit card (automatic),93.22,612.66,0,No
CUST-15179,Female,0,Yes,Yes,8,Yes,No,Fiber optic,No,No,No,No,No,No,Month-to-month,Yes,Electronic check,79.88,615.65,1,Yes
CUST-15180,Female,0,Yes,No,23,No,No phone service,DSL,Yes,Yes,No,Yes,No,No,One year,Yes,Electronic check,62.63,1427.07,1,No
CUST-15181,Male,0,Yes,No,9,Yes,No,Fiber optic,Yes,Yes,No,Yes,No,Yes,Two year,No,Electronic check,94.51,854.06,1,No
CUST-15182,Female,0,No,No,53,Yes,Yes,DSL,No,Yes,No,No,No,No,Month-to-month,No,Mailed check,55.83,2964.52,2,No
CUST-15183,Male,1,Yes,No,4,Yes,No,Fiber optic,No,Yes,No,No,No,Yes,Month-to-month,Yes,Mailed check,90.15,344.21,3,No
CUST-15184,Female,0,No,No,7,No,No phone service,Fiber optic,Yes,No,Yes,No,No,Yes,One year,Yes,Mailed check,83.23,623.01,1,No
CUST-15185,Female,0,Yes,Yes,56,Yes,Yes,No,No internet service,No internet service,No internet service,No internet service,No internet service,No internet service,Month-to-month,No,Bank transfer (automatic),19.12,1061.64,1,No
CUST-15186,Male,0,Yes,Yes,50,Yes,Yes,Fiber optic,No,Yes,No,No,No,No,Month-to-month,Yes,Mailed check,77.28,3872.15,2,Yes
CUST-15187,Female,1,No,Yes,57,No,No phone service,No,No internet service,No internet service,No internet service,No internet service,No internet service,No internet service,Month-to-month,No,Electronic check,18.0,1029.33,0,No
CUST-15188,Male,0,Yes,No,10,Yes,Yes,Fiber optic,Yes,No,No,No,Yes,Yes,Month-to-month,No,Mailed check,91.85,927.25,2,Yes
CUST-15189,Male,0,No,Yes,23,Yes,No,No,No internet service,No internet service,No internet service,No internet service,No internet service,No internet service,One year,Yes,Electronic check,20.61,493.77,1,No
CUST-15190,Male,1,Yes,Yes,28,Yes,No,No,No internet service,No internet service,No internet service,No internet service,No internet service,No internet service,Month-to-month,No,Credit card (automatic),18.0,502.26,2,Yes
CUST-15191,Female,0,Yes,No,19,No,No phone service,Fiber optic,No,No,Yes,Yes,Yes,Yes,Two year,No,Mailed check,91.49,1755.4,0,No
CUST-15192,Female,0,No,No,37,Yes,No,Fiber optic,Yes,No,No,No,Yes,Yes,Month-to-month,Yes,Bank transfer (automatic),81.43,3028.16,1,Yes
CUST-15193,Female,0,No,No,48,Yes,No,Fiber optic,No,No,Yes,Yes,Yes,No,Month-to-month,Yes,Electronic check,84.95,4090.1,1,Yes
CUST-15194,Male,0,Yes,No,22,Yes,Yes,Fiber optic,Yes,Yes,Yes,Yes,No,Yes,Month-to-month,Yes,Bank transfer (automatic),87.09,1920.45,0,No
CUST-15195,Male,0,Yes,No,8,Yes,Yes,DSL,No,No,Yes,Yes,No,Yes,Two year,No,Mailed check,65.86,504.69,0,No
CUST-15196,Female,0,Yes,No,36,Yes,No,No,No internet service,No internet service,No internet service,No internet service,No internet service,No internet service,Month-to-month,No,Electronic check,18.0,630.04,0,No
CUST-15197,Female,0,No,Yes,26,No,No phone service,Fiber optic,Yes,No,No,Yes,No,No,Month-to-month,Yes,Bank transfer (automatic),76.34,1949.38,1,No
CUST-15198,Female,0,No,No,44,Yes,Yes,DSL,Yes,No,No,Yes,No,Yes,One year,Yes,Electronic check,60.76,2694.34,1,No
CUST-15199,Female,0,No,No,37,Yes,No,Fiber optic,No,Yes,Yes,No,Yes,No,Month-to-month,Yes,Mailed check,92.54,3425.05,0,Yes
CUST-15200,Female,0,Yes,Yes,59,Yes,No,No,No internet service,No internet service,No internet service,No internet service,No internet service,No internet service,Month-to-month,No,Bank transfer (automatic),23.16,1388.5,1,Yes
CUST-15201,Male,0,No,No,26,Yes,No,No,No internet service,No internet service,No internet service,No internet service,No internet service,No internet service,Month-to-month,Yes,Mailed check,29.46,740.43,2,No
CUST-15202,Male,1,No,No,69,Yes,No,Fiber optic,No,Yes,No,Yes,No,Yes,Two year,No,Bank transfer (automatic),79.76,5503.83,0,No
CUST-15203,Male,0,No,Yes,67,Yes,No,DSL,No,Yes,No,Yes,Yes,Yes,Two year,Yes,Electronic check,60.05,4010.74,1,No
CUST-15204,Female,0,No,No,41,Yes,No,Fiber optic,Yes,Yes,No,Yes,No,No,Month-to-month,Yes,Electronic check,85.25,3477.79,1,No
CUST-15205,Male,0,No,Yes,49,Yes,Yes,Fiber optic,Yes,Yes,Yes,No,No,Yes,One year,Yes,Electronic check,100.08,4886.75,0,No
CUST-15206,Male,0,Yes,No,59,Yes,No,DSL,Yes,Yes,No,No,Yes,Yes,Month-to-month,Yes,Electronic check,70.9,4239.06,1,Yes
CUST-15207,Male,0,No,No,20,Yes,Yes,No,No internet service,No internet service,No internet service,No internet service,No internet service,No internet service,One year,No,Mailed check,24.18,500.59,0,No
CUST-15208,Male,0,No,No,60,Yes,No,DSL,No,No,Yes,No,Yes,No,Month-to-month,No,Mailed check,51.0,3047.58,0,No
CUST-15209,Male,0,Yes,Yes,32,Yes,Yes,Fiber optic,No,Yes,Yes,No,No,Yes,Month-to-month,No,Bank transfer (automatic),84.63,2685.64,0,Yes
CUST-15210,Female,0,Yes,Yes,42,Yes,No,DSL,No,No,Yes,No,Yes,No,One year,No,Credit card (automatic),54.16,2263.69,0,No
CUST-15211,Male,0,No,Yes,47,Yes,No,No,No internet service,No internet service,No internet service,No internet service,No internet service,No internet service,Month-to-month,Yes,Bank transfer (automatic),21.96,1065.23,0,No
CUST-15212,Female,0,Yes,Yes,41,Yes,Yes,DSL,Yes,No,Yes,Yes,No,Yes,Month-to-month,No,Mailed check,70.91,2893.4,2,No
CUST-15213,Female,0,No,No,27,Yes,Yes,Fiber optic,No,No,Yes,No,Yes,No,Two year,No,Electronic check,80.93,2161.44,1,Yes
CUST-15214,Female,0,Yes,No,52,Yes,No,No,No internet service,No internet service,No internet service,No internet service,No internet service,No internet service,Two year,Yes,Mailed check,18.0,912.99,0,No
CUST-15215,Female,0,Yes,No,72,Yes,Yes,DSL,No,Yes,Yes,No,No,Yes,Month-to-month,Yes,Electronic check,57.87,4187.32,2,Yes
CUST-15216,Female,0,Yes,No,72,No,No phone service,DSL,Yes,No,Yes,No,Yes,Yes,One year,No,Bank transfer (automatic),70.13,5029.86,1,No
CUST-15217,Male,0,Yes,No,34,Yes,Yes,DSL,Yes,No,No,No,No,No,One year,No,Credit card (automatic),57.43,1978.5,0,No
CUST-15218,Male,0,Yes,No,56,No,No phone service,Fiber optic,No,No,No,Yes,Yes,No,Month-to-month,No,Mailed check,83.33,4669.49,2,No
CUST-15219,Female,0,No,No,72,Yes,Yes,Fiber optic,No,Yes,Yes,No,No,No,Two year,Yes,Electronic check,78.78,5689.51,0,No
CUST-15220,Female,1,No,Yes,18,Yes,No,Fiber optic,No,No,Yes,No,No,Yes,One year,No,Credit card (automatic),77.9,1429.71,1,Yes
CUST-15221,Female,0,No,No,42,Yes,No,DSL,Yes,No,Yes,No,Yes,Yes,One year,Yes,Electronic check,65.49,2738.09,0,No
CUST-15222,Male,0,Yes,No,42,Yes,No,Fiber optic,Yes,Yes,No,No,No,No,Month-to-month,Yes,Credit card (automatic),88.47,3731.05,1,Yes
CUST-15223,Female,1,No,No,72,Yes,Yes,No,No internet service,No internet service,No internet service,No internet service,No internet service,No internet service,Month-to-month,No,Credit card (automatic),18.0,1295.35,0,No
CUST-15224,Male,0,No,No,65,Yes,Yes,No,No internet service,No internet service,No internet service,No internet service,No internet service,No internet service,Month-to-month,No,Mailed check,18.0,1176.14,1,No
CUST-15225,Female,0,No,No,27,Yes,Yes,Fiber optic,No,No,No,Yes,Yes,No,Month-to-month,Yes,Electronic check,78.81,2175.64,0,No
CUST-15226,Male,0,No,Yes,30,Yes,No,No,No internet service,No internet service,No internet service,No internet service,No internet service,No internet service,Month-to-month,Yes,Credit card (automatic),20.58,616.46,0,Yes
CUST-15227,Female,0,Yes,Yes,14,Yes,Yes,No,No internet service,No internet service,No internet service,No internet service,No internet service,No internet service,Month-to-month,Yes,Bank transfer (automatic),18.15,273.51,2,No
CUST-15228,Male,0,Yes,No,9,Yes,Yes,Fiber optic,No,Yes,No,No,Yes,Yes,Month-to-month,Yes,Electronic check,84.31,794.78,1,Yes
CUST-15229,Female,0,Yes,No,39,Yes,Yes,DSL,No,Yes,Yes,No,Yes,Yes,Month-to-month,Yes,Mailed check,69.28,2690.19,1,No
CUST-15230,Male,0,Yes,No,36,Yes,No,No,No internet service,No internet service,No internet service,No internet service,No internet service,No internet service,Month-to-month,Yes,Bank transfer (automatic),18.0,630.27,2,No
CUST-15231,Male,0,No,No,23,Yes,No,No,No internet service,No internet service,No internet service,No internet service,No internet service,No internet service,Month-to-month,Yes,Electronic check,18.0,410.91,3,Yes
CUST-15232,Male,0,Yes,No,13,Yes,No,DSL,No,No,Yes,Yes,Yes,Yes,Month-to-month,No,Electronic check,66.27,842.65,1,No
CUST-15233,Male,0,No,No,19,No,No phone service,No,No internet service,No internet service,No internet service,No internet service,No internet service,No internet service,Month-to-month,Yes,Electronic check,22.0,408.9,5,Yes
CUST-15234,Male,0,No,Yes,72,Yes,No,Fiber optic,No,Yes,Yes,Yes,Yes,No,Month-to-month,Yes,Electronic check,88.86,6389.1,1,Yes
CUST-15235,Male,0,No,Yes,12,Yes,No,DSL,Yes,No,No,No,Yes,Yes,Two year,No,Electronic check,55.12,657.58,0,No
CUST-15236,Male,0,No,Yes,6,Yes,No,Fiber optic,Yes,No,No,No,Yes,Yes,One year,No,Electronic check,88.95,514.37,0,No
CUST-15237,Female,0,Yes,No,40,Yes,Yes,DSL,Yes,Yes,No,No,No,Yes,One year,Yes,Electronic check,73.75,2955.08,0,No
CUST-15238,Female,0,No,No,18,Yes,Yes,Fiber optic,Yes,No,No,Yes,Yes,Yes,Two year,Yes,Electronic check,91.24,1633.3,0,No
CUST-15239,Female,0,Yes,Yes,46,No,No phone service,Fiber optic,No,Yes,No,No,No,No,Month-to-month,No,Credit card (automatic),77.49,3558.57,1,Yes
CUST-15240,Female,0,No,Yes,42,Yes,Yes,Fiber optic,Yes,Yes,Yes,Yes,Yes,No,Month-to-month,Yes,Bank transfer (automatic),96.9,4082.58,2,Yes
CUST-15241,Female,0,No,No,7,Yes,No,Fiber optic,No,Yes,Yes,Yes,Yes,Yes,Month-to-month,No,Mailed check,95.37,673.62,2,No
CUST-15242,Male,0,No,No,39,Yes,No,Fiber optic,Yes,No,No,No,Yes,Yes,Month-to-month,Yes,Mailed check,89.55,3515.48,3,Yes
CUST-15243,Male,0,Yes,No,20,Yes,No,DSL,Yes,Yes,No,Yes,No,No,Month-to-month,No,Electronic check,60.02,1225.44,1,No
CUST-15244,Male,0,No,No,53,Yes,No,No,No internet service,No internet service,No internet service,No internet service,No internet service,No internet service,Two year,No,Credit card (automatic),18.0,946.45,1,No
CUST-15245,Male,0,Yes,Yes,53,Yes,Yes,Fiber optic,Yes,No,No,No,No,Yes,Month-to-month,Yes,Mailed check,81.08,4300.3,2,Yes
CUST-15246,Male,0,Yes,No,10,Yes,Yes,Fiber optic,Yes,No,No,Yes,Yes,Yes,Two year,Yes,Mailed check,85.59,862.74,1,No
CUST-15247,Female,0,No,Yes,6,Yes,Yes,Fiber optic,Yes,Yes,No,No,No,Yes,One year,Yes,Credit card (automatic),90.97,533.97,0,No
CUST-15248,Female,1,Yes,No,51,Yes,Yes,No,No internet service,No internet service,No internet service,No internet service,No internet service,No internet service,One year,Yes,Bank transfer (automatic),24.09,1209.63,2,No
CUST-15249,Female,0,No,No,47,Yes,Yes,DSL,Yes,No,No,Yes,No,Yes,Month-to-month,Yes,Electronic check,66.89,3159.12,1,No
CUST-15250,Female,1,Yes,No,10,Yes,Yes,DSL,No,No,No,No,Yes,Yes,Month-to-month,Yes,Credit card (automatic),50.42,527.33,2,Yes
CUST-15251,Male,1,No,No,52,Yes,Yes,No,No internet service,No internet service,No internet service,No internet service,No internet service,No internet service,Month-to-month,Yes,Credit card (automatic),19.97,1022.26,2,Yes
CUST-15252,Male,0,Yes,No,24,Yes,Yes,Fiber optic,Yes,No,No,No,Yes,Yes,Month-to-month,No,Credit card (automatic),97.58,2346.83,0,No
CUST-15253,Male,0,No,No,2,Yes,Yes,DSL,No,No,Yes,No,No,No,Two year,Yes,Electronic check,43.99,75.25,0,No
CUST-15254,Female,0,No,No,17,Yes,No,Fiber optic,No,No,No,Yes,No,Yes,Month-to-month,No,Credit card (automatic),78.63,1325.34,0,No
CUST-15255,Male,1,No,No,18,Yes,No,Fiber optic,No,Yes,No,No,Yes,Yes,Month-to-month,No,Mailed check,86.34,1546.6,1,Yes
CUST-15256,Female,0,Yes,Yes,1,Yes,Yes,Fiber optic,Yes,No,No,No,No,Yes,Two year,No,Bank transfer (automatic),78.54,93.58,0,No
CUST-15257,Male,1,No,No,59,Yes,No,Fiber optic,Yes,No,No,No,Yes,Yes,Month-to-month,No,Electronic check,84.28,4981.44,2,No
CUST-15258,Male,0,Yes,No,62,Yes,Yes,No,No internet service,No internet service,No internet service,No internet service,No internet service,No internet service,One year,No,Electronic check,18.15,1143.51,0,No
CUST-15259,Female,0,Yes,No,69,Yes,No,No,No internet service,No internet service,No internet service,No internet service,No internet service,No internet service,One year,No,Electronic check,18.0,1243.73,1,No
CUST-15260,Male,0,Yes,No,9,Yes,Yes,No,No internet service,No internet service,No internet service,No internet service,No internet service,No internet service,Month-to-month,Yes,Mailed check,18.0,134.5,0,Yes
CUST-15261,Male,0,No,No,17,No,No phone service,Fiber optic,No,Yes,No,No,Yes,No,Two year,Yes,Electronic check,78.18,1354.15,1,No
CUST-15262,Female,0,Yes,No,21,Yes,Yes,DSL,No,No,No,No,No,Yes,Two year,Yes,Electronic check,34.77,748.28,0,Yes
CUST-15263,Male,0,No,No,7,Yes,No,Fiber optic,No,Yes,No,Yes,Yes,No,Month-to-month,Yes,Credit card (automatic),80.97,522.75,0,Yes
CUST-15264,Female,0,No,Yes,32,Yes,No,Fiber optic,Yes,No,Yes,No,No,No,Month-to-month,Yes,Bank transfer (automatic),81.07,2588.76,2,Yes
CUST-15265,Male,0,Yes,Yes,11,Yes,Yes,DSL,Yes,Yes,Yes,Yes,Yes,Yes,Month-to-month,No,Mailed check,75.45,827.76,1,No
CUST-15266,Male,0,No,No,25,Yes,No,Fiber optic,No,No,No,Yes,Yes,No,One year,Yes,Bank transfer (automatic),76.23,1917.63,0,No
CUST-15267,Male,0,Yes,No,14,Yes,Yes,Fiber optic,No,No,No,Yes,No,No,One year,Yes,Bank transfer (automatic),74.54,1061.07,0,No
CUST-15268,Male,0,No,No,39,Yes,Yes,No,No internet service,No internet service,No internet service,No internet service,No internet service,No internet service,Month-to-month,Yes,Electronic check,18.58,734.6,2,Yes
CUST-15269,Male,0,Yes,No,49,Yes,Yes,DSL,No,No,No,No,Yes,No,Month-to-month,No,Bank transfer (automatic),53.54,2622.14,0,No
CUST-15270,Male,0,No,No,23,Yes,No,Fiber optic,Yes,No,Yes,No,Yes,Yes,Two year,Yes,Bank transfer (automatic),92.97,2112.71,0,No
CUST-15271,Male,0,Yes,No,21,Yes,Yes,Fiber optic,Yes,No,No,Yes,No,No,Month-to-month,No,Electronic check,80.1,1724.5,3,Yes
CUST-15272,Male,0,Yes,No,35,Yes,No,DSL,No,No,No,Yes,Yes,Yes,One year,Yes,Electronic check,56.1,1995.04,0,No
CUST-15273,Female,0,Yes,No,3,Yes,No,DSL,No,No,No,No,No,Yes,Two year,No,Mailed check,49.57,171.09,0,No
CUST-15274,Female,0,Yes,No,17,Yes,Yes,DSL,No,Yes,No,Yes,No,No,Month-to-month,Yes,Bank transfer (automatic),46.57,822.12,3,No
CUST-15275,Male,0,Yes,Yes,11,Yes,Yes,DSL,Yes,No,No,Yes,No,Yes,One year,Yes,Electronic check,71.45,765.95,0,No
CUST-15276,Male,0,Yes,Yes,62,Yes,No,DSL,Yes,Yes,No,Yes,Yes,Yes,Month-to-month,No,Bank transfer (automatic),64.58,4018.42,0,No
CUST-15277,Female,0,No,No,72,Yes,Yes,No,No internet service,No internet service,No internet service,No internet service,No internet service,No internet service,Two year,Yes,Mailed check,20.36,1482.15,0,No
CUST-15278,Male,0,No,No,7,Yes,Yes,DSL,Yes,No,No,Yes,Yes,No,Month-to-month,Yes,Bank transfer (automatic),59.15,376.65,0,Yes
CUST-15279,Male,0,No,Yes,27,Yes,No,No,No internet service,No internet service,No internet service,No internet service,No internet service,No internet service,Month-to-month,Yes,Credit card (automatic),19.36,532.99,1,Yes
CUST-15280,Female,0,No,Yes,9,Yes,Yes,No,No internet service,No internet service,No internet service,No internet service,No internet service,No internet service,Month-to-month,No,Credit card (automatic),20.52,169.08,1,No
CUST-15281,Male,1,No,No,11,Yes,Yes,Fiber optic,No,Yes,No,Yes,Yes,Yes,Two year,No,Bank transfer (automatic),86.78,964.8,0,No
CUST-15282,Male,1,No,No,28,Yes,No,DSL,No,Yes,No,Yes,No,Yes,Month-to-month,No,Electronic check,64.78,1830.02,1,No
CUST-15283,Female,0,No,Yes,20,Yes,No,Fiber optic,Yes,No,No,Yes,No,No,Month-to-month,Yes,Bank transfer (automatic),85.11,1702.26,3,Yes
CUST-15284,Male,0,Yes,Yes,27,Yes,No,DSL,No,No,Yes,No,No,Yes,Month-to-month,Yes,Bank transfer (automatic),54.62,1495.06,1,No
CUST-15285,Male,1,No,No,10,Yes,Yes,DSL,No,No,No,No,No,Yes,Month-to-month,No,Bank transfer (automatic),53.42,554.73,1,No
CUST-15286,Female,0,Yes,No,28,Yes,Yes,Fiber optic,No,No,Yes,Yes,No,No,One year,No,Credit card (automatic),89.69,2491.87,0,No
CUST-15287,Male,0,No,Yes,60,Yes,No,Fiber optic,No,No,Yes,Yes,Yes,No,Month-to-month,Yes,Electronic check,88.52,5276.62,3,No
CUST-15288,Female,0,No,No,44,Yes,No,Fiber optic,Yes,No,Yes,No,No,Yes,One year,No,Bank transfer (automatic),88.42,3864.42,1,No
CUST-15289,Male,0,Yes,No,6,Yes,Yes,Fiber optic,No,Yes,Yes,Yes,No,Yes,Two year,Yes,Electronic check,83.68,540.31,0,No
CUST-15290,Male,1,No,No,72,Yes,No,No,No internet service,No internet service,No internet service,No internet service,No internet service,No internet service,Two year,Yes,Mailed check,24.1,1712.52,1,No
CUST-15291,Female,0,Yes,No,9,Yes,No,DSL,No,Yes,No,No,Yes,No,One year,Yes,Mailed check,54.36,483.58,1,No
CUST-15292,Female,0,Yes,No,11,No,No phone service,DSL,Yes,No,No,No,Yes,Yes,Month-to-month,Yes,Mailed check,65.67,724.25,2,Yes
CUST-15293,Male,0,Yes,No,50,Yes,Yes,Fiber optic,No,No,No,No,No,No,Month-to-month,No,Bank transfer (automatic),71.14,3536.82,0,No
CUST-15294,Female,0,No,No,28,Yes,Yes,No,No internet service,No internet service,No internet service,No internet service,No internet service,No internet service,Two year,Yes,Bank transfer (automatic),18.0,498.96,0,Yes
CUST-15295,Female,1,No,Yes,22,Yes,No,No,No internet service,No internet service,No internet service,No internet service,No internet service,No internet service,Two year,Yes,Bank transfer (automatic),18.66,368.73,0,No
CUST-15296,Male,0,No,No,19,Yes,No,Fiber optic,Yes,No,Yes,Yes,Yes,Yes,Month-to-month,Yes,Credit card (automatic),103.14,1982.94,7,Yes
CUST-15297,Male,0,Yes,No,20,Yes,No,Fiber optic,No,Yes,Yes,No,Yes,Yes,Two year,Yes,Bank transfer (automatic),107.21,2156.94,0,No
CUST-15298,Male,0,No,No,20,Yes,No,Fiber optic,No,No,Yes,No,Yes,No,Two year,Yes,Credit card (automatic),76.51,1560.12,2,Yes
CUST-15299,Female,0,No,Yes,37,Yes,No,DSL,Yes,Yes,No,No,Yes,Yes,Two year,No,Bank transfer (automatic),59.44,2191.9,0,No
CUST-15300,Female,0,Yes,No,41,Yes,Yes,Fiber optic,No,No,Yes,Yes,Yes,Yes,One year,Yes,Mailed check,91.81,3757.46,1,No
CUST-15301,Female,0,No,Yes,20,Yes,No,Fiber optic,No,No,No,Yes,Yes,No,Two year,Yes,Mailed check,82.24,1650.16,0,No
CUST-15302,Female,0,Yes,No,66,Yes,Yes,Fiber optic,No,Yes,No,No,Yes,Yes,Two year,No,Bank transfer (automatic),89.39,5890.9,0,Yes
CUST-15303,Male,0,Yes,Yes,28,Yes,No,No,No internet service,No internet service,No internet service,No internet service,No internet service,No internet service,Month-to-month,No,Bank transfer (automatic),25.03,687.23,0,No
CUST-15304,Female,0,Yes,No,32,Yes,No,No,No internet service,No internet service,No internet service,No internet service,No internet service,No internet service,Two year,Yes,Bank transfer (automatic),22.26,674.03,0,No
CUST-15305,Male,0,No,No,56,Yes,No,DSL,Yes,No,Yes,Yes,No,Yes,Month-to-month,No,Bank transfer (automatic),63.16,3574.32,0,Yes
CUST-15306,Female,0,Yes,No,14,Yes,Yes,No,No internet service,No internet service,No internet service,No internet service,No internet service,No internet service,Month-to-month,No,Credit card (automatic),21.79,288.1,2,No
CUST-15307,Male,0,Yes,Yes,38,Yes,No,DSL,No,No,No,No,No,No,Two year,Yes,Electronic check,39.15,1485.03,1,No
CUST-15308,Male,0,Yes,No,12,Yes,Yes,DSL,No,No,No,Yes,No,Yes,One year,No,Mailed check,48.57,574.49,0,No
CUST-15309,Male,0,Yes,No,11,No,No phone service,No,No internet service,No internet service,No internet service,No internet service,No internet service,No internet service,Two year,Yes,Bank transfer (automatic),26.05,283.58,0,No
CUST-15310,Female,0,Yes,No,70,No,No phone service,Fiber optic,Yes,No,Yes,No,No,Yes,Month-to-month,Yes,Electronic check,91.58,6394.83,0,No
CUST-15311,Male,0,Yes,Yes,72,Yes,Yes,No,No internet service,No internet service,No internet service,No internet service,No internet service,No internet service,Month-to-month,Yes,Credit card (automatic),18.0,1288.78,1,No
CUST-15312,Male,0,No,Yes,32,Yes,No,DSL,No,Yes,No,Yes,Yes,Yes,Month-to-month,No,Bank transfer (automatic),72.95,2372.27,1,No
CUST-15313,Female,0,Yes,No,16,Yes,No,No,No internet service,No internet service,No internet service,No internet service,No internet service,No internet service,Month-to-month,No,Electronic check,20.76,346.88,1,No
CUST-15314,Male,0,No,No,37,Yes,Yes,No,No internet service,No internet service,No internet service,No internet service,No internet service,No internet service,One year,Yes,Mailed check,25.18,906.8,1,No
CUST-15315,Female,0,No,Yes,27,Yes,Yes,Fiber optic,No,No,No,No,Yes,Yes,Month-to-month,Yes,Bank transfer (automatic),72.57,1949.37,2,Yes
CUST-15316,Female,1,Yes,No,46,Yes,No,Fiber optic,No,No,No,No,No,Yes,Month-to-month,Yes,Electronic check,72.39,3305.34,1,Yes
CUST-15317,Male,0,Yes,No,26,Yes,No,No,No internet service,No internet service,No internet service,No internet service,No internet service,No internet service,Month-to-month,Yes,Mailed check,18.0,437.85,1,No
CUST-15318,Male,1,No,Yes,26,Yes,No,Fiber optic,Yes,No,Yes,Yes,Yes,No,One year,No,Mailed check,90.92,2383.08,0,Yes
CUST-15319,Female,0,Yes,No,11,Yes,No,Fiber optic,No,No,No,No,No,No,Month-to-month,Yes,Credit card (automatic),70.47,771.36,0,Yes
CUST-15320,Male,0,Yes,No,17,Yes,Yes,Fiber optic,Yes,Yes,No,Yes,Yes,Yes,One year,Yes,Credit card (automatic),86.53,1497.49,1,No
CUST-15321,Female,0,Yes,No,22,Yes,No,Fiber optic,Yes,Yes,Yes,No,No,No,Month-to-month,Yes,Electronic check,83.77,1825.26,1,Yes
CUST-15322,Female,0,No,No,38,Yes,Yes,No,No internet service,No internet service,No internet service,No internet service,No internet service,No internet service,Month-to-month,No,Credit card (automatic),18.0,706.2,2,No
CUST-15323,Female,0,No,No,15,Yes,Yes,DSL,Yes,No,Yes,Yes,No,Yes,Two year,No,Credit card (automatic),63.73,956.44,0,No
CUST-15324,Male,0,No,Yes,72,Yes,Yes,Fiber optic,No,Yes,No,No,No,No,Month-to-month,Yes,Mailed check,74.0,5327.16,1,Yes
CUST-15325,Female,0,No,Yes,26,Yes,Yes,Fiber optic,No,Yes,No,No,Yes,Yes,One year,Yes,Electronic check,97.91,2565.79,0,Yes
CUST-15326,Male,0,Yes,Yes,7,Yes,No,Fiber optic,No,No,No,No,No,No,One year,Yes,Bank transfer (automatic),69.42,491.55,0,No
CUST-15327,Male,1,Yes,No,20,Yes,No,DSL,No,Yes,No,No,Yes,No,One year,No,Electronic check,47.98,964.54,0,No
CUST-15328,Male,1,Yes,No,42,Yes,No,Fiber optic,No,Yes,No,No,No,No,One year,Yes,Mailed check,78.72,3319.62,0,No
CUST-15329,Male,0,Yes,No,21,Yes,Yes,No,No internet service,No internet service,No internet service,No internet service,No internet service,No internet service,One year,Yes,Electronic check,24.43,464.44,0,No
CUST-15330,Female,0,Yes,Yes,11,Yes,No,Fiber optic,No,Yes,No,Yes,Yes,Yes,One year,Yes,Mailed check,95.43,1062.02,2,Yes
CUST-15331,Male,0,Yes,No,18,Yes,Yes,DSL,No,No,Yes,Yes,No,No,Month-to-month,Yes,Mailed check,52.31,930.9,2,No
CUST-15332,Female,0,Yes,No,15,Yes,Yes,Fiber optic,No,No,No,No,No,Yes,Month-to-month,No,Bank transfer (automatic),81.09,1193.58,0,No
CUST-15333,Female,0,Yes,No,37,Yes,No,Fiber optic,No,Yes,No,Yes,Yes,No,Two year,Yes,Electronic check,89.34,3293.81,0,No
CUST-15334,Male,0,Yes,No,15,Yes,Yes,Fiber optic,No,No,No,No,No,Yes,Two year,Yes,Bank transfer (automatic),79.33,1174.46,0,No
CUST-15335,Female,0,No,No,4,Yes,Yes,Fiber optic,No,Yes,No,Yes,Yes,No,Month-to-month,Yes,Bank transfer (automatic),88.75,386.44,1,No
CUST-15336,Female,1,No,No,14,Yes,Yes,DSL,Yes,Yes,No,No,No,No,Month-to-month,Yes,Electronic check,60.84,834.59,1,No
CUST-15337,Male,0,No,Yes,52,Yes,Yes,Fiber optic,No,Yes,Yes,Yes,No,No,Month-to-month,Yes,Bank transfer (automatic),87.02,4535.57,3,Yes
CUST-15338,Female,0,Yes,No,36,Yes,Yes,Fiber optic,No,Yes,Yes,Yes,No,Yes,One year,No,Electronic check,93.84,3389.57,1,No
CUST-15339,Female,0,Yes,No,5,Yes,Yes,Fiber optic,No,Yes,Yes,No,Yes,Yes,Month-to-month,Yes,Bank transfer (automatic),90.05,442.03,2,Yes
CUST-15340,Female,0,Yes,No,49,No,No phone service,DSL,No,No,Yes,No,No,Yes,One year,Yes,Mailed check,53.94,2629.76,1,No
CUST-15341,Female,0,Yes,Yes,59,Yes,Yes,DSL,Yes,No,No,No,Yes,No,Two year,No,Mailed check,64.4,3798.96,1,No
CUST-15342,Male,0,Yes,No,39,Yes,No,No,No internet service,No internet service,No internet service,No internet service,No internet service,No internet service,Two year,No,Electronic check,18.0,684.88,0,No
CUST-15343,Female,0,No,Yes,12,Yes,Yes,Fiber optic,No,No,Yes,No,Yes,No,Month-to-month,Yes,Electronic check,79.44,937.64,0,Yes
CUST-15344,Female,1,No,No,53,Yes,No,DSL,No,Yes,Yes,No,No,No,Two year,Yes,Electronic check,54.16,2890.95,1,No
CUST-15345,Female,0,Yes,No,22,Yes,Yes,DSL,No,No,Yes,No,No,No,One year,No,Credit card (automatic),52.03,1179.53,2,No
CUST-15346,Female,0,Yes,No,15,Yes,Yes,DSL,No,No,No,No,No,No,Month-to-month,Yes,Bank transfer (automatic),37.68,565.47,2,No
CUST-15347,Male,0,Yes,Yes,22,Yes,Yes,Fiber optic,Yes,Yes,No,Yes,Yes,No,Month-to-month,No,Credit card (automatic),88.01,1909.26,1,No
CUST-15348,Female,0,Yes,No,34,Yes,Yes,Fiber optic,Yes,Yes,Yes,Yes,Yes,No,One year,No,Credit card (automatic),96.4,3301.65,0,No
CUST-15349,Male,0,Yes,No,39,Yes,No,DSL,Yes,No,Yes,No,Yes,Yes,Two year,Yes,Credit card (automatic),67.36,2637.27,1,No
CUST-15350,Female,0,Yes,Yes,29,Yes,No,Fiber optic,No,Yes,No,No,No,Yes,Month-to-month,Yes,Bank transfer (automatic),74.85,2192.01,0,No
CUST-15351,Male,0,Yes,No,24,Yes,Yes,DSL,No,No,Yes,Yes,Yes,Yes,Month-to-month,Yes,Electronic check,69.0,1648.0,2,No
CUST-15352,Male,1,Yes,Yes,11,Yes,No,DSL,No,Yes,No,Yes,No,No,Month-to-month,No,Credit card (automatic),52.79,601.26,3,No
CUST-15353,Male,0,Yes,No,36,Yes,Yes,No,No internet service,No internet service,No internet service,No internet service,No internet service,No internet service,Two year,No,Electronic check,20.47,731.04,1,No
CUST-15354,Male,0,Yes,No,30,Yes,Yes,Fiber optic,No,No,No,No,Yes,Yes,Two year,Yes,Mailed check,86.28,2570.83,0,No
CUST-15355,Male,0,Yes,No,38,Yes,Yes,No,No internet service,No internet service,No internet service,No internet service,No internet service,No internet service,Month-to-month,Yes,Credit card (automatic),20.92,771.66,2,Yes
CUST-15356,Female,0,No,No,23,No,No phone service,DSL,Yes,No,Yes,Yes,No,No,Month-to-month,No,Mailed check,64.3,1478.54,1,No
CUST-15357,Female,0,Yes,No,41,Yes,No,DSL,No,No,No,No,Yes,Yes,Two year,No,Electronic check,50.45,2106.97,1,No
CUST-15358,Female,0,No,No,38,Yes,Yes,Fiber optic,No,Yes,Yes,Yes,No,No,One year,No,Mailed check,78.7,3005.32,1,No
CUST-15359,Male,0,No,Yes,19,Yes,No,Fiber optic,Yes,No,No,No,No,Yes,Two year,Yes,Credit card (automatic),85.42,1607.59,0,No
CUST-15360,Female,0,No,No,25,Yes,Yes,Fiber optic,No,Yes,No,No,No,Yes,Two year,Yes,Credit card (automatic),88.58,2209.84,0,No
CUST-15361,Male,0,No,No,44,Yes,No,Fiber optic,Yes,No,Yes,Yes,No,Yes,Month-to-month,Yes,Bank transfer (automatic),98.85,4381.46,2,No
CUST-15362,Male,0,No,No,46,Yes,Yes,DSL,No,Yes,No,No,No,Yes,One year,No,Credit card (automatic),50.8,2346.55,0,No
CUST-15363,Female,0,No,No,57,Yes,No,Fiber optic,No,Yes,No,No,No,No,Month-to-month,Yes,Electronic check,72.45,4139.15,1,Yes
CUST-15364,Female,0,Yes,Yes,14,Yes,No,No,No internet service,No internet service,No internet service,No internet service,No internet service,No internet service,Two year,No,Electronic check,18.0,248.21,0,No
CUST-15365,Male,0,Yes,No,19,Yes,No,Fiber optic,Yes,No,No,No,No,Yes,One year,Yes,Mailed check,76.7,1440.54,2,No
CUST-15366,Male,0,No,No,72,Yes,No,DSL,No,Yes,No,No,No,No,Two year,Yes,Electronic check,49.79,3630.58,0,No
CUST-15367,Female,0,No,No,72,Yes,No,Fiber optic,No,No,No,No,Yes,Yes,Two year,No,Mailed check,82.94,5960.54,0,No
CUST-15368,Female,0,No,Yes,32,Yes,No,Fiber optic,No,No,No,No,No,No,Month-to-month,No,Electronic check,70.25,2275.92,1,Yes
CUST-15369,Female,0,No,No,25,Yes,Yes,DSL,Yes,No,Yes,No,No,Yes,Month-to-month,Yes,Mailed check,66.25,1655.17,1,No
CUST-15370,Female,0,No,Yes,72,Yes,No,Fiber optic,Yes,No,No,Yes,Yes,Yes,Month-to-month,Yes,Electronic check,96.54,6921.79,0,No
CUST-15371,Male,0,No,No,72,Yes,No,No,No internet service,No internet service,No internet service,No internet service,No internet service,No internet service,Two year,No,Electronic check,19.87,1440.07,0,No
CUST-15372,Female,0,No,No,44,Yes,No,Fiber optic,No,Yes,No,Yes,No,No,Two year,No,Credit card (automatic),84.43,3750.0,0,No
CUST-15373,Female,0,No,No,24,Yes,Yes,DSL,No,Yes,No,No,Yes,Yes,Two year,No,Electronic check,61.64,1473.67,0,No
CUST-15374,Female,0,No,No,34,Yes,Yes,Fiber optic,No,No,Yes,Yes,No,Yes,One year,Yes,Electronic check,91.81,3112.11,1,No
CUST-15375,Male,0,No,No,6,No,No phone service,DSL,No,Yes,No,No,Yes,No,Month-to-month,Yes,Electronic check,62.31,375.27,1,Yes
CUST-15376,Male,0,No,No,50,Yes,Yes,DSL,Yes,No,No,No,Yes,Yes,Month-to-month,No,Credit card (automatic),62.75,3113.07,1,No
CUST-15377,Male,0,No,No,15,Yes,No,DSL,No,Yes,No,Yes,No,Yes,Month-to-month,No,Bank transfer (automatic),63.46,940.37,0,No
CUST-15378,Male,0,Yes,No,70,Yes,No,DSL,Yes,No,No,No,Yes,Yes,One year,Yes,Bank transfer (automatic),63.5,4473.63,0,No
CUST-15379,Female,0,Yes,No,4,Yes,No,No,No internet service,No internet service,No internet service,No internet service,No internet service,No internet service,Two year,No,Electronic check,18.63,68.19,0,No
CUST-15380,Male,0,No,No,16,Yes,Yes,Fiber optic,Yes,No,Yes,Yes,Yes,No,Month-to-month,Yes,Mailed check,98.14,1543.05,0,No
CUST-15381,Female,0,No,No,29,Yes,No,Fiber optic,No,No,Yes,No,No,Yes,Two year,Yes,Electronic check,72.72,2102.58,1,No
CUST-15382,Female,0,Yes,Yes,28,Yes,No,No,No internet service,No internet service,No internet service,No internet service,No internet service,No internet service,Month-to-month,No,Electronic check,21.02,586.21,2,No
CUST-15383,Female,1,Yes,No,14,Yes,Yes,Fiber optic,Yes,Yes,Yes,No,Yes,Yes,Month-to-month,Yes,Bank transfer (automatic),100.3,1402.96,0,No
CUST-15384,Female,0,No,No,28,Yes,Yes,Fiber optic,No,Yes,No,No,No,No,Month-to-month,No,Credit card (automatic),75.28,2138.55,1,Yes
CUST-15385,Male,0,No,Yes,23,Yes,Yes,DSL,No,Yes,No,Yes,No,Yes,Month-to-month,Yes,Electronic check,59.08,1406.74,0,No
CUST-15386,Male,1,No,No,29,Yes,Yes,Fiber optic,No,No,No,No,Yes,No,Two year,Yes,Bank transfer (automatic),81.09,2356.22,0,Yes
CUST-15387,Male,0,No,No,18,Yes,Yes,Fiber optic,Yes,No,Yes,No,No,No,Month-to-month,Yes,Electronic check,74.3,1363.13,0,No
CUST-15388,Female,0,Yes,No,56,Yes,No,DSL,No,No,No,No,No,Yes,Month-to-month,Yes,Electronic check,54.11,3034.09,2,No
CUST-15389,Female,0,Yes,Yes,34,Yes,No,DSL,No,No,No,No,Yes,Yes,Two year,Yes,Electronic check,54.09,1804.55,0,No
CUST-15390,Female,0,Yes,No,19,Yes,No,DSL,Yes,Yes,No,No,No,No,Two year,Yes,Credit card (automatic),49.22,897.03,0,No
CUST-15391,Female,0,No,Yes,41,Yes,Yes,Fiber optic,No,No,No,No,Yes,Yes,One year,Yes,Electronic check,82.05,3355.13,1,Yes
CUST-15392,Female,1,Yes,Yes,16,Yes,Yes,DSL,No,No,No,Yes,No,No,Month-to-month,No,Bank transfer (automatic),44.21,686.23,3,No
CUST-15393,Male,0,No,No,16,Yes,No,Fiber optic,No,Yes,No,Yes,No,Yes,Month-to-month,Yes,Electronic check,81.12,1278.5,2,Yes
CUST-15394,Female,0,No,Yes,5,Yes,No,DSL,No,No,No,Yes,Yes,No,Month-to-month,No,Mailed check,54.88,241.25,1,Yes
CUST-15395,Male,0,No,No,36,No,No phone service,Fiber optic,Yes,No,Yes,No,Yes,Yes,Month-to-month,Yes,Mailed check,97.32,3539.79,0,Yes
CUST-15396,Female,0,No,Yes,30,Yes,No,Fiber optic,No,No,No,No,No,Yes,Two year,Yes,Electronic check,80.33,2444.67,1,No
CUST-15397,Female,0,Yes,No,12,Yes,No,Fiber optic,No,Yes,Yes,Yes,No,Yes,Month-to-month,Yes,Credit card (automatic),93.64,1132.34,1,Yes
CUST-15398,Male,1,No,No,12,Yes,Yes,DSL,No,No,Yes,Yes,Yes,No,Month-to-month,Yes,Bank transfer (automatic),64.52,757.12,1,Yes
CUST-15399,Male,1,Yes,No,36,No,No phone service,DSL,No,Yes,No,Yes,Yes,Yes,One year,No,Electronic check,70.26,2542.07,1,No
CUST-15400,Female,0,Yes,No,19,Yes,Yes,DSL,No,Yes,No,No,Yes,No,Two year,No,Bank transfer (automatic),50.34,962.16,1,No
CUST-15401,Female,1,Yes,No,36,No,No phone service,Fiber optic,Yes,No,No,No,Yes,Yes,Month-to-month,Yes,Mailed check,95.4,3447.97,1,Yes
CUST-15402,Female,0,Yes,No,5,No,No phone service,DSL,No,No,No,No,No,Yes,Month-to-month,Yes,Bank transfer (automatic),47.5,229.56,1,No
CUST-15403,Female,0,No,No,9,Yes,No,Fiber optic,No,No,Yes,No,Yes,Yes,Month-to-month,Yes,Bank transfer (automatic),78.91,680.4,2,No
CUST-15404,Male,0,No,No,52,Yes,Yes,DSL,No,No,No,No,Yes,No,Month-to-month,No,Electronic check,41.92,2173.73,1,Yes
CUST-15405,Female,0,Yes,No,32,Yes,No,No,No internet service,No internet service,No internet service,No internet service,No internet service,No internet service,Month-to-month,No,Credit card (automatic),18.0,571.93,1,No
CUST-15406,Male,0,Yes,No,44,Yes,Yes,Fiber optic,Yes,No,No,No,No,Yes,One year,Yes,Electronic check,76.44,3364.76,0,Yes
CUST-15407,Female,0,No,No,19,No,No phone service,DSL,Yes,No,No,No,Yes,No,Month-to-month,Yes,Electronic check,54.19,1008.57,2,No
CUST-15408,Male,0,No,No,14,Yes,No,DSL,No,No,Yes,Yes,No,No,Month-to-month,Yes,Bank transfer (automatic),53.5,743.02,2,No
CUST-15409,Male,0,Yes,No,49,Yes,Yes,DSL,No,No,No,No,No,No,Month-to-month,No,Electronic check,43.06,2121.7,2,No
CUST-15410,Female,0,No,Yes,0,Yes,No,No,No internet service,No internet service,No internet service,No internet service,No internet service,No internet service,Two year,No,Electronic check,18.0,,1,No
CUST-15411,Male,1,No,No,25,Yes,Yes,DSL,Yes,No,Yes,No,Yes,Yes,One year,No,Electronic check,68.95,1738.65,1,No
CUST-15412,Female,0,No,No,42,No,No phone service,No,No internet service,No internet service,No internet service,No internet service,No internet service,No internet service,Two year,Yes,Credit card (automatic),23.25,946.03,1,No
CUST-15413,Male,0,Yes,No,19,Yes,No,Fiber optic,Yes,Yes,No,No,Yes,No,Month-to-month,No,Electronic check,88.68,1705.19,1,No
CUST-15414,Female,0,No,No,72,Yes,Yes,No,No internet service,No internet service,No internet service,No internet service,No internet service,No internet service,Two year,Yes,Electronic check,18.0,1276.48,1,No
CUST-15415,Male,0,No,Yes,26,No,No phone service,No,No internet service,No internet service,No internet service,No internet service,No internet service,No internet service,Month-to-month,No,Electronic check,21.16,558.32,0,No
CUST-15416,Female,0,No,No,36,Yes,No,No,No internet service,No internet service,No internet service,No internet service,No internet service,No internet service,Month-to-month,Yes,Mailed check,18.37,663.65,0,Yes
CUST-15417,Female,0,No,No,13,No,No phone service,DSL,No,Yes,No,Yes,Yes,No,One year,No,Bank transfer (automatic),58.73,739.17,1,No
CUST-15418,Male,0,No,No,72,Yes,No,No,No internet service,No internet service,No internet service,No internet service,No internet service,No internet service,One year,Yes,Mailed check,26.41,1879.31,0,No
CUST-15419,Male,0,Yes,No,28,No,No phone service,DSL,Yes,Yes,No,No,Yes,No,Two year,Yes,Bank transfer (automatic),64.25,1788.05,2,Yes
CUST-15420,Male,0,No,No,20,Yes,Yes,DSL,No,No,No,No,Yes,No,One year,No,Bank transfer (automatic),42.74,863.74,0,No
CUST-15421,Male,0,No,No,27,No,No phone service,Fiber optic,No,No,Yes,Yes,Yes,No,Month-to-month,No,Mailed check,92.42,2513.27,1,Yes
CUST-15422,Female,0,No,No,40,Yes,Yes,Fiber optic,No,No,No,Yes,Yes,Yes,Month-to-month,No,Mailed check,81.36,3269.43,0,No
CUST-15423,Male,0,Yes,No,16,Yes,No,Fiber optic,No,Yes,No,Yes,Yes,Yes,Month-to-month,No,Bank transfer (automatic),89.56,1441.53,1,No
CUST-15424,Female,0,Yes,No,34,Yes,Yes,No,No internet service,No internet service,No internet service,No internet service,No internet service,No internet service,Month-to-month,No,Mailed check,19.19,668.63,1,No
CUST-15425,Male,0,No,No,5,Yes,Yes,No,No internet service,No internet service,No internet service,No internet service,No internet service,No internet service,One year,Yes,Credit card (automatic),18.0,80.35,0,No
CUST-15426,Female,0,No,No,7,Yes,No,Fiber optic,No,Yes,No,No,No,Yes,Month-to-month,Yes,Credit card (automatic),79.23,535.03,1,No
CUST-15427,Female,1,Yes,Yes,28,No,No phone service,Fiber optic,No,No,No,Yes,No,No,Two year,No,Bank transfer (automatic),69.46,1947.92,0,No
CUST-15428,Female,0,No,Yes,72,Yes,No,DSL,No,Yes,Yes,No,Yes,Yes,One year,No,Credit card (automatic),65.34,4743.52,0,No
CUST-15429,Female,0,Yes,Yes,4,Yes,No,Fiber optic,Yes,No,Yes,No,Yes,No,Month-to-month,Yes,Bank transfer (automatic),89.82,355.85,0,Yes
CUST-15430,Male,0,No,No,16,Yes,Yes,Fiber optic,Yes,No,No,Yes,No,Yes,Month-to-month,Yes,Electronic check,95.9,1537.11,1,No
CUST-15431,Male,0,No,No,9,Yes,No,Fiber optic,No,No,Yes,Yes,Yes,Yes,Month-to-month,No,Mailed check,100.49,913.36,0,Yes
CUST-15432,Female,0,Yes,No,19,Yes,Yes,No,No internet service,No internet service,No internet service,No internet service,No internet service,No internet service,Two year,No,Electronic check,18.0,340.26,0,No
CUST-15433,Male,1,No,No,27,Yes,No,DSL,No,No,No,No,Yes,No,Two year,Yes,Electronic check,61.47,1680.45,0,No
CUST-15434,Male,1,No,No,21,Yes,Yes,No,No internet service,No internet service,No internet service,No internet service,No internet service,No internet service,Month-to-month,Yes,Mailed check,18.0,364.03,0,No
CUST-15435,Female,0,Yes,No,2,Yes,Yes,Fiber optic,No,No,Yes,No,Yes,No,Two year,No,Electronic check,74.35,197.91,0,No
CUST-15436,Male,0,No,Yes,5,Yes,No,DSL,No,No,No,No,No,No,One year,Yes,Electronic check,43.97,212.58,0,No
CUST-15437,Male,0,Yes,No,9,Yes,Yes,Fiber optic,No,Yes,Yes,No,Yes,Yes,Two year,Yes,Mailed check,89.52,833.33,1,No
CUST-15438,Male,0,No,Yes,17,Yes,Yes,Fiber optic,No,No,Yes,No,No,No,Month-to-month,Yes,Electronic check,71.7,1257.7,4,Yes
CUST-15439,Female,0,Yes,Yes,13,Yes,No,Fiber optic,Yes,No,No,No,No,No,Month-to-month,Yes,Electronic check,71.84,906.29,2,Yes
CUST-15440,Male,0,Yes,Yes,18,Yes,Yes,DSL,No,Yes,No,No,No,Yes,Month-to-month,Yes,Bank transfer (automatic),61.2,1100.12,4,Yes
CUST-15441,Female,0,Yes,Yes,24,Yes,Yes,Fiber optic,No,No,Yes,No,No,No,Month-to-month,Yes,Mailed check,74.98,1819.17,2,Yes
CUST-15442,Male,0,Yes,Yes,20,Yes,Yes,DSL,Yes,No,Yes,Yes,No,No,Month-to-month,Yes,Credit card (automatic),57.39,1162.58,0,No
CUST-15443,Male,0,No,No,72,Yes,No,No,No internet service,No internet service,No internet service,No internet service,No internet service,No internet service,Month-to-month,No,Credit card (automatic),18.0,1290.56,3,No
CUST-15444,Male,0,Yes,Yes,72,Yes,Yes,No,No internet service,No internet service,No internet service,No internet service,No internet service,No internet service,One year,Yes,Bank transfer (automatic),18.0,1304.04,1,No
CUST-15445,Female,0,Yes,No,27,No,No phone service,Fiber optic,No,No,No,No,Yes,Yes,Month-to-month,Yes,Mailed check,78.71,2091.83,1,No
CUST-15446,Female,0,No,Yes,14,Yes,Yes,DSL,Yes,No,No,No,Yes,No,One year,Yes,Bank transfer (automatic),55.75,786.34,2,No
CUST-15447,Male,1,No,Yes,20,No,No phone service,Fiber optic,Yes,Yes,No,No,Yes,Yes,One year,Yes,Electronic check,93.57,1874.54,0,Yes
CUST-15448,Female,0,No,No,31,Yes,Yes,Fiber optic,Yes,Yes,Yes,No,Yes,No,Two year,Yes,Bank transfer (automatic),92.1,2854.06,0,No
CUST-15449,Male,0,No,No,11,Yes,No,No,No internet service,No internet service,No internet service,No internet service,No internet service,No internet service,Month-to-month,No,Mailed check,22.62,237.79,1,No
CUST-15450,Female,0,No,No,31,Yes,Yes,DSL,No,Yes,Yes,No,No,Yes,Month-to-month,Yes,Bank transfer (automatic),60.55,1876.4,1,No
CUST-15451,Female,0,Yes,No,20,Yes,No,Fiber optic,No,Yes,Yes,No,No,No,Month-to-month,Yes,Bank transfer (automatic),82.16,1622.22,2,No
CUST-15452,Male,0,Yes,No,72,Yes,No,Fiber optic,No,No,Yes,No,Yes,No,Month-to-month,No,Mailed check,76.12,5492.93,1,Yes
CUST-15453,Male,0,No,No,11,Yes,No,DSL,Yes,No,Yes,No,No,Yes,One year,Yes,Bank transfer (automatic),64.64,719.03,0,No
CUST-15454,Male,1,Yes,No,61,Yes,No,DSL,No,No,No,Yes,Yes,No,Month-to-month,Yes,Electronic check,57.88,3529.78,0,No
CUST-15455,Male,0,Yes,No,31,Yes,Yes,Fiber optic,No,No,Yes,Yes,Yes,Yes,Month-to-month,No,Bank transfer (automatic),97.42,3000.05,2,Yes
CUST-15456,Female,0,Yes,Yes,14,Yes,Yes,DSL,Yes,No,Yes,No,No,Yes,Month-to-month,No,Mailed check,67.55,965.98,2,No
CUST-15457,Female,0,Yes,No,42,Yes,No,No,No internet service,No internet service,No internet service,No internet service,No internet service,No internet service,Month-to-month,No,Mailed check,32.65,1348.33,2,No
CUST-15458,Female,1,No,No,17,No,No phone service,No,No internet service,No internet service,No internet service,No internet service,No internet service,No internet service,Two year,Yes,Mailed check,27.93,454.64,0,No
CUST-15459,Male,0,No,No,21,Yes,Yes,Fiber optic,No,No,No,Yes,Yes,No,Two year,No,Electronic check,82.83,1802.32,1,No
CUST-15460,Male,1,No,No,14,Yes,No,Fiber optic,No,No,No,No,Yes,No,One year,No,Electronic check,82.6,1160.06,0,No
CUST-15461,Female,1,No,Yes,51,Yes,No,DSL,No,No,No,No,Yes,Yes,Month-to-month,Yes,Bank transfer (automatic),64.66,3269.51,1,Yes
CUST-15462,Male,0,Yes,No,72,Yes,Yes,No,No internet service,No internet service,No internet service,No internet service,No internet service,No internet service,Two year,No,Mailed check,18.0,1303.84,0,No
CUST-15463,Female,0,Yes,Yes,11,Yes,Yes,Fiber optic,No,Yes,No,Yes,No,No,Two year,Yes,Electronic check,75.91,836.25,0,Yes
CUST-15464,Female,1,No,No,48,Yes,No,Fiber optic,Yes,Yes,Yes,Yes,Yes,Yes,Two year,Yes,Electronic check,95.14,4553.42,0,No
CUST-15465,Female,0,Yes,Yes,26,Yes,No,No,No internet service,No internet service,No internet service,No internet service,No internet service,No internet service,Month-to-month,Yes,Bank transfer (automatic),19.66,520.83,2,No
CUST-15466,Female,0,Yes,Yes,45,Yes,No,DSL,No,No,Yes,Yes,No,Yes,Month-to-month,Yes,Credit card (automatic),56.1,2526.75,0,Yes
CUST-15467,Female,0,No,No,30,Yes,No,Fiber optic,No,No,Yes,No,No,Yes,Month-to-month,Yes,Electronic check,90.22,2682.57,0,Yes
CUST-15468,Male,0,No,No,22,Yes,Yes,Fiber optic,No,No,Yes,Yes,No,Yes,Two year,Yes,Mailed check,76.08,1676.81,0,No
CUST-15469,Male,0,Yes,Yes,72,Yes,No,DSL,No,No,No,No,No,Yes,Two year,Yes,Credit card (automatic),47.83,3437.97,1,No
CUST-15470,Male,0,No,No,29,Yes,Yes,DSL,No,Yes,No,No,No,No,Month-to-month,No,Electronic check,56.28,1629.63,0,No
CUST-15471,Female,0,No,Yes,48,Yes,Yes,Fiber optic,No,No,Yes,No,No,Yes,Month-to-month,Yes,Electronic check,81.67,3919.84,4,Yes
CUST-15472,Female,0,Yes,Yes,14,Yes,No,Fiber optic,Yes,Yes,Yes,Yes,Yes,Yes,One year,No,Credit card (automatic),107.06,1491.89,0,No
CUST-15473,Female,0,No,Yes,71,Yes,Yes,DSL,No,No,No,Yes,No,No,Two year,Yes,Electronic check,45.3,3223.99,2,No
CUST-15474,Female,1,Yes,No,26,Yes,Yes,No,No internet service,No internet service,No internet service,No internet service,No internet service,No internet service,One year,No,Bank transfer (automatic),18.0,470.76,0,No
CUST-15475,Male,0,No,No,7,Yes,No,DSL,No,Yes,No,No,No,No,One year,Yes,Mailed check,53.66,353.21,0,No
CUST-15476,Male,0,No,No,19,Yes,No,Fiber optic,Yes,No,No,No,No,No,Month-to-month,No,Electronic check,77.98,1491.0,0,Yes
CUST-15477,Female,0,No,No,28,Yes,No,DSL,No,Yes,No,Yes,Yes,No,Month-to-month,No,Electronic check,65.18,1837.23,4,No
CUST-15478,Female,0,Yes,Yes,27,Yes,No,DSL,No,No,No,No,No,No,One year,No,Mailed check,44.37,1147.92,0,No
CUST-15479,Female,1,Yes,No,23,Yes,Yes,Fiber optic,Yes,No,No,No,No,No,Two year,Yes,Bank transfer (automatic),84.16,1877.36,0,No
CUST-15480,Male,0,Yes,No,27,Yes,Yes,Fiber optic,No,Yes,No,Yes,Yes,Yes,Month-to-month,Yes,Electronic check,92.91,2507.95,1,No
CUST-15481,Male,0,No,Yes,10,Yes,No,Fiber optic,Yes,Yes,No,No,No,No,Month-to-month,Yes,Bank transfer (automatic),84.82,842.84,1,Yes
CUST-15482,Male,1,Yes,No,26,Yes,Yes,Fiber optic,No,No,Yes,No,Yes,No,One year,Yes,Mailed check,83.25,2177.64,1,No
CUST-15483,Female,1,Yes,No,17,Yes,No,DSL,No,No,No,No,No,No,Month-to-month,Yes,Mailed check,34.94,579.01,1,Yes
CUST-15484,Female,0,Yes,No,36,Yes,No,Fiber optic,No,No,No,Yes,No,Yes,One year,No,Bank transfer (automatic),83.42,3007.25,1,No
CUST-15485,Male,0,Yes,No,27,Yes,Yes,Fiber optic,No,No,No,No,Yes,No,One year,Yes,Electronic check,78.9,2143.68,0,No
CUST-15486,Female,0,Yes,No,15,Yes,No,DSL,No,Yes,No,Yes,No,No,One year,Yes,Mailed check,60.84,922.15,1,No
CUST-15487,Male,0,No,No,38,Yes,Yes,No,No internet service,No internet service,No internet service,No internet service,No internet service,No internet service,Two year,No,Mailed check,18.0,667.96,0,No
CUST-15488,Female,0,Yes,No,50,Yes,Yes,Fiber optic,Yes,No,Yes,Yes,No,No,Month-to-month,Yes,Mailed check,91.44,4570.75,1,No
CUST-15489,Male,0,Yes,Yes,32,Yes,No,DSL,No,Yes,No,Yes,No,Yes,Month-to-month,Yes,Mailed check,55.17,1753.04,0,No
CUST-15490,Female,0,No,No,13,No,No phone service,Fiber optic,Yes,No,Yes,No,Yes,No,Month-to-month,No,Bank transfer (automatic),88.17,1148.5,1,Yes
CUST-15491,Male,0,No,Yes,72,Yes,No,No,No internet service,No internet service,No internet service,No internet service,No internet service,No internet service,Two year,Yes,Bank transfer (automatic),18.0,1302.77,0,No
CUST-15492,Male,0,Yes,Yes,24,Yes,No,Fiber optic,No,No,No,No,Yes,Yes,Two year,No,Bank transfer (automatic),74.72,1818.43,0,No
CUST-15493,Male,1,Yes,No,31,Yes,No,Fiber optic,Yes,Yes,No,Yes,Yes,No,Month-to-month,Yes,Credit card (automatic),86.93,2688.65,1,No
CUST-15494,Male,0,No,No,4,Yes,Yes,Fiber optic,No,No,No,No,Yes,No,Month-to-month,Yes,Credit card (automatic),80.95,342.74,2,Yes
CUST-15495,Male,1,Yes,No,26,Yes,No,Fiber optic,No,Yes,Yes,Yes,No,Yes,Month-to-month,No,Mailed check,97.29,2548.77,1,No
CUST-15496,Male,1,No,No,44,Yes,Yes,Fiber optic,No,Yes,Yes,No,Yes,Yes,One year,No,Mailed check,88.97,3912.39,0,No
CUST-15497,Female,0,Yes,Yes,20,No,No phone service,Fiber optic,No,No,No,No,Yes,Yes,Month-to-month,Yes,Bank transfer (automatic),80.11,1588.76,2,No
CUST-15498,Female,0,Yes,No,35,Yes,No,Fiber optic,Yes,Yes,Yes,No,No,No,One year,No,Electronic check,79.83,2792.45,2,No
CUST-15499,Female,0,Yes,Yes,36,Yes,No,DSL,No,No,Yes,Yes,Yes,No,One year,Yes,Mailed check,66.77,2418.13,1,No
CUST-15500,Male,0,No,No,47,Yes,Yes,DSL,No,No,Yes,No,Yes,No,One year,Yes,Mailed check,61.04,2870.41,0,No
CUST-15501,Male,0,No,No,25,Yes,No,No,No internet service,No internet service,No internet service,No internet service,No internet service,No internet service,Two year,No,Credit card (automatic),18.0,427.42,0,No
CUST-15502,Female,0,Yes,Yes,18,Yes,No,No,No internet service,No internet service,No internet service,No internet service,No internet service,No internet service,Month-to-month,Yes,Credit card (automatic),18.0,326.13,1,No
CUST-15503,Male,1,No,No,8,Yes,No,No,No internet service,No internet service,No internet service,No internet service,No internet service,No internet service,Two year,No,Credit card (automatic),28.92,212.51,0,No
CUST-15504,Male,0,Yes,No,36,Yes,Yes,Fiber optic,Yes,No,No,No,No,No,Month-to-month,No,Mailed check,79.38,2854.79,2,Yes
CUST-15505,Male,0,Yes,No,72,Yes,No,DSL,No,No,No,No,No,No,Month-to-month,No,Mailed check,46.04,3351.0,1,Yes
CUST-15506,Male,0,No,No,13,Yes,Yes,Fiber optic,No,No,No,Yes,Yes,No,Month-to-month,Yes,Electronic check,77.94,1037.93,1,No
CUST-15507,Male,0,Yes,Yes,42,Yes,Yes,Fiber optic,No,Yes,Yes,No,No,No,One year,No,Credit card (automatic),78.2,3276.12,1,No
CUST-15508,Female,1,No,Yes,72,Yes,No,DSL,Yes,No,No,Yes,Yes,No,Month-to-month,No,Bank transfer (automatic),61.57,4436.08,3,No
CUST-15509,Female,0,No,Yes,14,Yes,No,No,No internet service,No internet service,No internet service,No internet service,No internet service,No internet service,One year,Yes,Bank transfer (automatic),26.29,386.8,1,No
CUST-15510,Female,0,No,Yes,52,Yes,No,Fiber optic,No,Yes,Yes,No,Yes,No,Month-to-month,Yes,Electronic check,83.02,4302.92,3,Yes
CUST-15511,Female,0,No,No,7,Yes,Yes,Fiber optic,No,Yes,No,No,Yes,No,Two year,No,Mailed check,86.43,662.46,0,No
CUST-15512,Female,0,Yes,No,52,Yes,Yes,No,No internet service,No internet service,No internet service,No internet service,No internet service,No internet service,Month-to-month,Yes,Mailed check,18.0,905.32,1,No
CUST-15513,Male,0,Yes,No,4,Yes,Yes,No,No internet service,No internet service,No internet service,No internet service,No internet service,No internet service,One year,Yes,Electronic check,18.0,80.17,0,No
CUST-15514,Male,0,Yes,No,2,No,No phone service,Fiber optic,Yes,No,No,No,No,No,Two year,Yes,Mailed check,75.44,145.55,0,No
CUST-15515,Male,0,Yes,No,11,Yes,No,DSL,Yes,Yes,No,Yes,No,No,One year,Yes,Electronic check,65.16,719.09,0,No
CUST-15516,Male,1,No,No,37,No,No phone service,No,No internet service,No internet service,No internet service,No internet service,No internet service,No internet service,Month-to-month,Yes,Credit card (automatic),24.56,915.61,0,No
CUST-15517,Female,1,Yes,No,28,Yes,Yes,DSL,No,Yes,No,No,Yes,No,Month-to-month,Yes,Bank transfer (automatic),50.46,1415.23,2,No
CUST-15518,Female,0,No,No,53,Yes,No,Fiber optic,Yes,Yes,No,No,Yes,No,One year,Yes,Bank transfer (automatic),94.0,4958.23,1,No
CUST-15519,Female,1,Yes,No,24,Yes,Yes,No,No internet service,No internet service,No internet service,No internet service,No internet service,No internet service,Month-to-month,No,Electronic check,18.0,422.85,3,No
CUST-15520,Male,0,No,Yes,10,Yes,No,DSL,No,Yes,No,Yes,Yes,Yes,Month-to-month,Yes,Electronic check,68.9,652.2,2,Yes
CUST-15521,Female,0,No,No,29,Yes,No,Fiber optic,Yes,Yes,No,No,No,No,Month-to-month,Yes,Electronic check,74.98,2164.21,0,Yes
CUST-15522,Male,0,No,Yes,39,Yes,Yes,Fiber optic,Yes,Yes,No,Yes,No,No,One year,No,Mailed check,88.11,3440.44,0,No
CUST-15523,Female,0,Yes,No,35,Yes,Yes,Fiber optic,Yes,Yes,Yes,No,Yes,No,Month-to-month,No,Credit card (automatic),91.1,3201.48,0,No
CUST-15524,Female,0,No,No,36,Yes,No,No,No internet service,No internet service,No internet service,No internet service,No internet service,No internet service,Month-to-month,Yes,Electronic check,18.84,662.82,0,No
CUST-15525,Male,0,Yes,Yes,43,Yes,No,No,No internet service,No internet service,No internet service,No internet service,No internet service,No internet service,Month-to-month,Yes,Electronic check,24.29,1046.5,3,Yes
CUST-15526,Male,0,Yes,No,26,Yes,No,DSL,No,No,Yes,No,Yes,No,One year,Yes,Electronic check,59.55,1539.08,0,No
CUST-15527,Female,0,Yes,No,53,Yes,Yes,DSL,Yes,Yes,No,No,Yes,Yes,One year,Yes,Bank transfer (automatic),70.32,3736.3,0,No
CUST-15528,Female,0,No,No,6,Yes,No,No,No internet service,No internet service,No internet service,No internet service,No internet service,No internet service,One year,No,Credit card (automatic),18.0,102.6,2,No
CUST-15529,Male,0,Yes,No,55,Yes,No,Fiber optic,No,Yes,No,No,Yes,Yes,Month-to-month,Yes,Bank transfer (automatic),86.27,4754.17,3,Yes
CUST-15530,Female,1,No,Yes,54,No,No phone service,DSL,No,Yes,No,No,Yes,Yes,Two year,Yes,Mailed check,68.3,3685.66,0,No
CUST-15531,Female,0,No,No,24,Yes,No,Fiber optic,Yes,Yes,No,No,No,Yes,Month-to-month,Yes,Electronic check,83.93,2034.33,2,Yes
CUST-15532,Male,0,Yes,No,32,Yes,No,DSL,No,Yes,No,Yes,Yes,No,Month-to-month,Yes,Bank transfer (automatic),69.44,2246.79,4,Yes
CUST-15533,Female,0,No,Yes,38,No,No phone service,DSL,Yes,No,Yes,No,No,No,Two year,Yes,Electronic check,60.8,2277.32,0,Yes
CUST-15534,Male,0,No,No,72,Yes,No,Fiber optic,No,No,No,No,Yes,No,Two year,No,Mailed check,73.37,5282.24,1,No
CUST-15535,Female,0,Yes,No,23,No,No phone service,Fiber optic,Yes,No,Yes,Yes,Yes,Yes,One year,No,Electronic check,96.0,2196.71,1,Yes
CUST-15536,Male,0,No,Yes,24,Yes,No,DSL,No,No,No,Yes,Yes,Yes,Two year,Yes,Mailed check,51.2,1238.03,0,Yes
CUST-15537,Female,1,Yes,No,9,Yes,No,Fiber optic,Yes,No,Yes,No,Yes,Yes,Month-to-month,Yes,Electronic check,92.12,804.45,0,Yes
CUST-15538,Male,0,No,Yes,69,Yes,Yes,No,No internet service,No internet service,No internet service,No internet service,No internet service,No internet service,Month-to-month,Yes,Bank transfer (automatic),18.0,1230.78,0,No
CUST-15539,Female,1,Yes,No,35,Yes,No,Fiber optic,Yes,Yes,No,No,Yes,No,Month-to-month,No,Electronic check,78.66,2763.12,2,Yes
CUST-15540,Male,0,Yes,No,20,Yes,Yes,Fiber optic,No,No,No,Yes,No,Yes,One year,Yes,Credit card (automatic),88.58,1778.87,0,No
CUST-15541,Female,0,No,Yes,27,Yes,No,Fiber optic,Yes,No,Yes,No,No,No,One year,No,Credit card (automatic),77.01,2075.37,0,No
CUST-15542,Female,0,Yes,No,46,Yes,No,Fiber optic,Yes,Yes,No,No,No,Yes,Month-to-month,Yes,Mailed check,96.47,4419.52,2,No
CUST-15543,Female,0,Yes,Yes,28,Yes,No,Fiber optic,Yes,No,No,No,Yes,Yes,Two year,Yes,Electronic check,77.51,2173.86,0,No
CUST-15544,Female,0,Yes,No,35,Yes,Yes,DSL,Yes,No,Yes,No,Yes,No,Month-to-month,Yes,Bank transfer (automatic),52.93,1869.86,2,No
CUST-15545,Female,0,Yes,No,10,No,No phone service,DSL,No,No,No,No,Yes,Yes,Month-to-month,Yes,Credit card (automatic),58.15,574.43,1,Yes
CUST-15546,Female,0,No,No,12,Yes,No,Fiber optic,Yes,Yes,No,No,Yes,Yes,Month-to-month,No,Electronic check,95.39,1150.55,2,Yes
CUST-15547,Female,0,No,Yes,59,Yes,Yes,DSL,No,Yes,Yes,No,Yes,Yes,Two year,Yes,Credit card (automatic),77.61,4572.77,1,No
CUST-15548,Female,0,No,No,15,Yes,No,Fiber optic,No,No,Yes,No,Yes,No,Two year,No,Bank transfer (automatic),77.69,1148.88,0,No
CUST-15549,Female,0,No,No,12,Yes,No,DSL,No,Yes,No,No,No,No,One year,Yes,Credit card (automatic),49.62,576.68,1,No
CUST-15550,Male,1,Yes,No,3,Yes,Yes,DSL,No,Yes,No,No,No,No,Two year,Yes,Credit card (automatic),56.96,180.53,2,No
CUST-15551,Male,0,Yes,No,52,No,No phone service,Fiber optic,No,Yes,Yes,No,No,Yes,Two year,Yes,Electronic check,84.86,4430.07,1,No
CUST-15552,Female,0,No,Yes,17,No,No phone service,No,No internet service,No internet service,No internet service,No internet service,No internet service,No internet service,Two year,Yes,Mailed check,21.75,340.58,1,No
CUST-15553,Male,0,No,No,72,Yes,Yes,Fiber optic,No,No,No,Yes,Yes,Yes,Month-to-month,No,Electronic check,77.8,5595.75,1,Yes
CUST-15554,Female,0,Yes,No,14,Yes,Yes,DSL,No,No,No,No,No,Yes,One year,Yes,Electronic check,56.28,789.94,1,Yes
CUST-15555,Female,0,Yes,No,7,Yes,No,No,No internet service,No internet service,No internet service,No internet service,No internet service,No internet service,Month-to-month,Yes,Bank transfer (automatic),35.26,219.52,1,No
CUST-15556,Male,0,No,No,13,Yes,Yes,Fiber optic,Yes,No,Yes,No,Yes,Yes,Two year,Yes,Credit card (automatic),88.09,1151.17,2,Yes
CUST-15557,Female,0,No,No,27,Yes,No,DSL,No,Yes,No,No,No,No,Two year,Yes,Credit card (automatic),64.78,1745.07,0,Yes
CUST-15558,Female,0,No,Yes,72,Yes,Yes,Fiber optic,Yes,No,No,No,Yes,No,One year,No,Electronic check,86.86,6238.04,0,No
CUST-15559,Male,0,Yes,Yes,68,Yes,Yes,DSL,Yes,No,Yes,No,Yes,Yes,Month-to-month,No,Electronic check,72.07,4920.95,2,No
CUST-15560,Male,0,No,Yes,51,Yes,No,Fiber optic,No,No,Yes,No,No,Yes,Month-to-month,Yes,Mailed check,82.17,4190.41,1,Yes
CUST-15561,Female,1,Yes,Yes,72,No,No phone service,No,No internet service,No internet service,No internet service,No internet service,No internet service,No internet service,Month-to-month,No,Electronic check,20.71,1489.45,1,No
CUST-15562,Male,0,Yes,No,23,Yes,No,Fiber optic,Yes,No,No,Yes,No,Yes,Month-to-month,No,Electronic check,89.16,2063.72,2,No
CUST-15563,Male,1,No,No,17,Yes,Yes,Fiber optic,No,No,No,Yes,No,No,Month-to-month,Yes,Credit card (automatic),76.92,1298.83,3,No
CUST-15564,Female,0,Yes,No,54,Yes,Yes,DSL,No,No,No,No,Yes,Yes,Month-to-month,Yes,Credit card (automatic),44.31,2376.3,0,Yes
CUST-15565,Male,0,Yes,No,25,Yes,Yes,DSL,No,No,Yes,Yes,Yes,No,Two year,Yes,Credit card (automatic),62.84,1553.16,0,No
CUST-15566,Male,1,No,No,12,Yes,No,No,No internet service,No internet service,No internet service,No internet service,No internet service,No internet service,Month-to-month,Yes,Mailed check,29.35,308.07,0,Yes
CUST-15567,Female,1,No,No,0,Yes,Yes,Fiber optic,Yes,No,No,Yes,Yes,Yes,Two year,Yes,Mailed check,95.28,,0,No
CUST-15568,Male,0,No,No,11,Yes,No,Fiber optic,Yes,No,Yes,Yes,Yes,No,One year,Yes,Bank transfer (automatic),84.66,957.92,0,No
CUST-15569,Male,0,Yes,No,37,Yes,No,Fiber optic,Yes,Yes,No,No,No,Yes,Month-to-month,Yes,Electronic check,84.62,3100.41,6,No
CUST-15570,Female,0,Yes,No,12,Yes,Yes,DSL,No,Yes,No,No,Yes,No,Month-to-month,No,Credit card (automatic),62.52,755.1,2,No
CUST-15571,Female,0,No,Yes,47,Yes,No,No,No internet service,No internet service,No internet service,No internet service,No internet service,No internet service,Two year,Yes,Electronic check,22.35,1027.69,0,No
CUST-15572,Female,0,No,Yes,7,No,No phone service,DSL,No,No,Yes,Yes,No,Yes,One year,No,Credit card (automatic),67.92,439.54,1,No
CUST-15573,Male,0,No,No,11,Yes,No,Fiber optic,No,Yes,No,No,Yes,No,Month-to-month,No,Bank transfer (automatic),83.7,902.95,2,Yes
CUST-15574,Female,1,Yes,No,72,Yes,No,No,No internet service,No internet service,No internet service,No internet service,No internet service,No internet service,Month-to-month,No,Electronic check,26.13,1889.46,0,No
CUST-15575,Female,0,Yes,No,51,Yes,Yes,Fiber optic,No,Yes,No,No,Yes,No,One year,Yes,Bank transfer (automatic),84.28,4282.15,1,Yes
CUST-15576,Male,0,No,No,27,Yes,Yes,No,No internet service,No internet service,No internet service,No internet service,No internet service,No internet service,Month-to-month,Yes,Electronic check,21.41,558.79,1,Yes
CUST-15577,Female,0,No,No,27,Yes,No,Fiber optic,No,No,Yes,No,No,No,Month-to-month,Yes,Bank transfer (automatic),79.19,2170.57,2,No
CUST-15578,Female,0,Yes,No,13,Yes,No,Fiber optic,No,No,Yes,No,Yes,No,One year,No,Bank transfer (automatic),68.76,896.19,0,No
CUST-15579,Female,0,Yes,No,60,Yes,Yes,No,No internet service,No internet service,No internet service,No internet service,No internet service,No internet service,One year,No,Bank transfer (automatic),18.0,1089.54,0,No
CUST-15580,Female,0,No,No,60,Yes,No,No,No internet service,No internet service,No internet service,No internet service,No internet service,No internet service,Month-to-month,Yes,Credit card (automatic),24.39,1476.96,2,No
CUST-15581,Male,0,Yes,Yes,23,Yes,Yes,Fiber optic,No,No,No,No,No,No,Two year,Yes,Electronic check,61.65,1401.31,0,No
CUST-15582,Female,1,Yes,No,22,No,No phone service,Fiber optic,No,Yes,Yes,No,Yes,Yes,One year,No,Mailed check,97.64,2164.02,0,Yes
CUST-15583,Female,0,Yes,Yes,16,Yes,No,Fiber optic,No,Yes,Yes,No,Yes,No,Two year,No,Credit card (automatic),87.13,1376.73,0,No
CUST-15584,Male,0,No,No,32,Yes,No,DSL,No,Yes,No,Yes,Yes,No,Month-to-month,No,Mailed check,56.54,1810.98,1,No
CUST-15585,Female,0,Yes,No,4,Yes,No,DSL,No,No,Yes,No,Yes,Yes,Month-to-month,No,Credit card (automatic),62.08,237.62,1,Yes
CUST-15586,Male,1,No,No,25,Yes,No,DSL,No,Yes,Yes,No,No,Yes,Month-to-month,Yes,Mailed check,56.36,1411.38,1,No
CUST-15587,Male,0,Yes,No,51,Yes,Yes,No,No internet service,No internet service,No internet service,No internet service,No internet service,No internet service,Month-to-month,No,Credit card (automatic),23.88,1211.7,1,No
CUST-15588,Male,0,No,No,29,Yes,No,Fiber optic,No,Yes,Yes,No,No,No,Two year,No,Credit card (automatic),87.86,2549.81,0,Yes
CUST-15589,Female,0,Yes,No,42,Yes,No,No,No internet service,No internet service,No internet service,No internet service,No internet service,No internet service,Two year,No,Credit card (automatic),19.71,837.9,1,No
CUST-15590,Male,1,No,No,34,Yes,No,Fiber optic,No,Yes,No,Yes,Yes,No,One year,Yes,Credit card (automatic),94.84,3211.24,0,No
CUST-15591,Male,0,No,No,30,Yes,Yes,Fiber optic,Yes,No,Yes,No,Yes,Yes,Month-to-month,No,Electronic check,96.13,2897.53,0,No
CUST-15592,Male,0,No,No,26,Yes,No,DSL,No,No,No,Yes,No,No,One year,No,Mailed check,53.87,1393.62,0,No
CUST-15593,Female,1,No,No,47,Yes,No,Fiber optic,No,Yes,Yes,No,No,No,One year,Yes,Electronic check,84.06,3952.23,0,No
CUST-15594,Female,0,No,Yes,22,Yes,Yes,No,No internet service,No internet service,No internet service,No internet service,No internet service,No internet service,Month-to-month,Yes,Electronic check,18.0,377.48,3,No
CUST-15595,Female,0,No,Yes,11,Yes,No,No,No internet service,No internet service,No internet service,No internet service,No internet service,No internet service,Month-to-month,No,Mailed check,20.52,222.73,2,No
CUST-15596,Female,0,No,No,64,Yes,Yes,Fiber optic,No,Yes,No,No,Yes,Yes,One year,No,Credit card (automatic),87.49,5614.04,0,No
CUST-15597,Female,0,No,No,44,Yes,Yes,Fiber optic,Yes,No,No,No,Yes,Yes,Month-to-month,Yes,Bank transfer (automatic),86.9,3826.61,1,Yes
CUST-15598,Female,0,Yes,No,3,Yes,Yes,Fiber optic,No,Yes,No,No,No,No,Month-to-month,No,Credit card (automatic),73.38,219.03,2,No
CUST-15599,Female,0,No,No,32,Yes,Yes,DSL,Yes,No,No,Yes,No,No,Month-to-month,Yes,Credit card (automatic),54.35,1773.75,4,No
CUST-15600,Male,0,Yes,No,3,No,No phone service,DSL,Yes,No,No,No,No,Yes,One year,No,Electronic check,47.48,129.27,2,No
CUST-15601,Male,0,Yes,No,8,Yes,No,Fiber optic,No,No,No,No,No,Yes,Month-to-month,No,Electronic check,69.48,589.89,1,No
CUST-15602,Male,1,Yes,No,35,Yes,No,DSL,No,No,Yes,No,Yes,Yes,One year,Yes,Electronic check,59.31,2086.91,0,No
CUST-15603,Male,0,Yes,No,62,Yes,No,No,No internet service,No internet service,No internet service,No internet service,No internet service,No internet service,Month-to-month,No,Bank transfer (automatic),18.0,1151.54,4,No
CUST-15604,Female,0,No,No,72,Yes,Yes,Fiber optic,Yes,Yes,No,No,Yes,Yes,Month-to-month,Yes,Electronic check,93.92,6745.59,3,Yes
CUST-15605,Male,0,No,No,72,Yes,Yes,DSL,Yes,No,No,Yes,Yes,Yes,Two year,No,Bank transfer (automatic),74.07,5321.1,0,No
CUST-15606,Male,0,No,Yes,5,Yes,No,No,No internet service,No internet service,No internet service,No internet service,No internet service,No internet service,Month-to-month,Yes,Electronic check,18.0,109.84,2,No
CUST-15607,Male,0,No,Yes,72,Yes,No,Fiber optic,No,No,Yes,No,Yes,No,Month-to-month,Yes,Electronic check,86.9,6244.69,2,No
CUST-15608,Male,0,No,No,47,No,No phone service,DSL,No,No,No,No,No,Yes,Two year,No,Mailed check,57.18,2682.26,0,No
CUST-15609,Female,1,No,No,49,Yes,No,No,No internet service,No internet service,No internet service,No internet service,No internet service,No internet service,Month-to-month,No,Mailed check,18.0,928.56,4,No
CUST-15610,Female,0,Yes,No,16,Yes,No,Fiber optic,Yes,Yes,No,No,Yes,Yes,Two year,Yes,Credit card (automatic),92.0,1430.52,0,No
CUST-15611,Female,1,No,No,37,Yes,No,Fiber optic,Yes,Yes,Yes,Yes,Yes,Yes,Month-to-month,Yes,Credit card (automatic),96.02,3552.1,1,No
CUST-15612,Male,1,No,No,35,Yes,No,No,No internet service,No internet service,No internet service,No internet service,No internet service,No internet service,Month-to-month,Yes,Credit card (automatic),18.0,606.99,1,No
CUST-15613,Female,0,No,No,37,Yes,No,DSL,Yes,Yes,Yes,No,No,Yes,One year,No,Electronic check,69.21,2579.29,1,No
CUST-15614,Male,0,No,No,42,Yes,Yes,No,No internet service,No internet service,No internet service,No internet service,No internet service,No internet service,Month-to-month,Yes,Bank transfer (automatic),18.0,743.44,0,No
CUST-15615,Female,1,No,Yes,26,Yes,Yes,Fiber optic,No,No,Yes,No,Yes,Yes,Month-to-month,Yes,Mailed check,76.24,1976.99,0,Yes
CUST-15616,Female,1,Yes,Yes,22,Yes,No,DSL,No,Yes,Yes,Yes,No,No,Month-to-month,No,Electronic check,62.28,1395.4,3,No
CUST-15617,Female,0,Yes,No,28,Yes,No,Fiber optic,No,No,No,No,No,Yes,Month-to-month,No,Mailed check,73.33,2037.79,0,Yes
CUST-15618,Female,0,No,No,58,Yes,No,No,No internet service,No internet service,No internet service,No internet service,No internet service,No internet service,One year,Yes,Mailed check,18.22,1054.37,0,No
CUST-15619,Female,0,No,No,49,Yes,No,No,No internet service,No internet service,No internet service,No internet service,No internet service,No internet service,Two year,No,Mailed check,21.81,1045.86,0,No
CUST-15620,Male,1,No,No,55,Yes,Yes,Fiber optic,No,No,Yes,Yes,Yes,Yes,Two year,No,Electronic check,98.13,5362.6,0,No
CUST-15621,Female,0,Yes,No,35,Yes,No,DSL,No,No,Yes,Yes,Yes,Yes,Month-to-month,Yes,Credit card (automatic),66.8,2301.05,1,No
CUST-15622,Male,0,Yes,No,11,Yes,No,DSL,No,No,No,No,No,No,One year,No,Bank transfer (automatic),47.77,483.59,1,No
CUST-15623,Male,1,No,No,16,Yes,No,Fiber optic,No,No,Yes,Yes,No,Yes,Month-to-month,No,Electronic check,85.86,1333.94,1,No
CUST-15624,Male,0,Yes,No,49,Yes,No,Fiber optic,No,Yes,No,No,No,Yes,One year,Yes,Credit card (automatic),78.71,3835.14,0,No
CUST-15625,Male,0,No,Yes,59,Yes,Yes,No,No internet service,No internet service,No internet service,No internet service,No internet service,No internet service,Two year,Yes,Credit card (automatic),22.76,1350.6,1,No
CUST-15626,Male,0,Yes,No,54,Yes,No,Fiber optic,Yes,No,No,No,Yes,Yes,Month-to-month,No,Credit card (automatic),81.87,4402.31,0,Yes
CUST-15627,Female,1,Yes,No,28,Yes,Yes,DSL,Yes,No,No,No,Yes,No,Two year,Yes,Bank transfer (automatic),54.61,1514.33,1,No
CUST-15628,Female,0,No,No,31,Yes,Yes,DSL,Yes,No,No,Yes,Yes,No,Two year,Yes,Mailed check,52.19,1621.87,1,No
CUST-15629,Female,0,Yes,No,29,Yes,Yes,DSL,No,No,Yes,No,Yes,No,One year,Yes,Mailed check,47.23,1378.91,0,No
CUST-15630,Female,0,No,No,6,Yes,No,DSL,No,No,No,No,Yes,No,One year,Yes,Mailed check,51.87,322.54,0,No
CUST-15631,Male,0,No,No,10,Yes,No,Fiber optic,No,Yes,No,No,No,No,One year,Yes,Credit card (automatic),80.67,813.54,0,Yes
CUST-15632,Female,0,Yes,No,41,Yes,Yes,DSL,No,No,Yes,No,No,No,Two year,Yes,Bank transfer (automatic),49.67,2058.65,0,No
CUST-15633,Female,0,No,No,20,Yes,No,No,No internet service,No internet service,No internet service,No internet service,No internet service,No internet service,One year,Yes,Electronic check,20.63,421.55,0,No
CUST-15634,Male,0,No,Yes,3,Yes,Yes,Fiber optic,No,Yes,Yes,No,Yes,No,Month-to-month,Yes,Bank transfer (automatic),93.17,268.12,1,Yes
CUST-15635,Male,0,Yes,No,29,Yes,No,No,No internet service,No internet service,No internet service,No internet service,No internet service,No internet service,One year,Yes,Bank transfer (automatic),21.54,661.92,0,Yes
CUST-15636,Female,0,Yes,No,11,Yes,No,Fiber optic,No,No,Yes,No,No,No,Month-to-month,No,Credit card (automatic),78.8,902.51,2,Yes
CUST-15637,Female,0,Yes,No,10,Yes,No,Fiber optic,No,Yes,No,No,No,No,Two year,No,Electronic check,74.14,720.25,0,No
CUST-15638,Male,0,No,No,6,Yes,Yes,Fiber optic,Yes,No,No,Yes,No,No,Two year,Yes,Bank transfer (automatic),79.87,485.76,1,Yes
CUST-15639,Female,0,No,Yes,14,Yes,No,No,No internet service,No internet service,No internet service,No internet service,No internet service,No internet service,One year,No,Electronic check,18.0,245.3,0,No
CUST-15640,Female,0,No,No,1,Yes,No,No,No internet service,No internet service,No internet service,No internet service,No internet service,No internet service,One year,No,Electronic check,29.61,47.38,0,No
CUST-15641,Female,0,No,No,11,Yes,No,Fiber optic,Yes,No,No,No,Yes,No,Two year,No,Bank transfer (automatic),84.73,946.64,1,No
CUST-15642,Female,0,No,Yes,41,No,No phone service,Fiber optic,Yes,No,Yes,No,Yes,Yes,Month-to-month,Yes,Electronic check,83.66,3390.05,3,Yes
CUST-15643,Male,0,No,Yes,34,No,No phone service,DSL,Yes,No,No,No,Yes,Yes,One year,Yes,Bank transfer (automatic),61.27,2107.3,0,No
CUST-15644,Male,0,No,Yes,54,Yes,Yes,Fiber optic,No,No,No,No,No,No,Month-to-month,No,Electronic check,78.48,4247.48,0,Yes
CUST-15645,Male,0,Yes,No,36,Yes,No,No,No internet service,No internet service,No internet service,No internet service,No internet service,No internet service,One year,Yes,Credit card (automatic),18.05,667.45,1,No
CUST-15646,Female,0,No,Yes,1,Yes,No,DSL,Yes,No,No,Yes,Yes,No,Month-to-month,No,Credit card (automatic),68.39,90.61,1,Yes
CUST-15647,Female,0,No,Yes,20,Yes,Yes,Fiber optic,No,No,Yes,Yes,No,No,One year,Yes,Electronic check,96.55,1932.44,1,Yes
CUST-15648,Female,0,No,Yes,19,Yes,No,Fiber optic,No,Yes,Yes,No,No,Yes,Month-to-month,No,Bank transfer (automatic),86.1,1642.86,2,No
CUST-15649,Female,0,No,No,10,No,No phone service,No,No internet service,No internet service,No internet service,No internet service,No internet service,No internet service,Month-to-month,Yes,Electronic check,18.0,184.38,1,No
CUST-15650,Female,0,Yes,No,6,Yes,No,DSL,No,Yes,No,No,Yes,No,Month-to-month,Yes,Bank transfer (automatic),48.91,296.17,2,No
CUST-15651,Male,0,No,No,39,Yes,Yes,DSL,Yes,No,Yes,No,Yes,No,Month-to-month,No,Electronic check,66.65,2588.28,2,No
CUST-15652,Female,0,Yes,No,25,Yes,Yes,DSL,Yes,Yes,No,Yes,Yes,Yes,Month-to-month,Yes,Electronic check,72.65,1813.59,2,Yes
CUST-15653,Female,0,No,Yes,8,Yes,No,DSL,No,No,Yes,No,No,No,Month-to-month,Yes,Credit card (automatic),45.67,359.25,0,No
CUST-15654,Male,0,Yes,No,5,No,No phone service,Fiber optic,Yes,No,Yes,No,No,No,One year,Yes,Electronic check,81.62,448.33,0,Yes
CUST-15655,Female,0,No,No,47,Yes,Yes,DSL,No,Yes,Yes,Yes,No,No,Month-to-month,Yes,Bank transfer (automatic),62.12,2908.63,3,Yes
CUST-15656,Male,0,No,Yes,42,Yes,Yes,Fiber optic,No,Yes,Yes,Yes,No,Yes,One year,Yes,Electronic check,100.75,4234.06,0,No
CUST-15657,Male,0,No,No,42,Yes,No,No,No internet service,No internet service,No internet service,No internet service,No internet service,No internet service,One year,No,Bank transfer (automatic),28.11,1179.96,0,No
CUST-15658,Male,0,Yes,Yes,40,Yes,No,DSL,No,No,No,No,Yes,Yes,Month-to-month,No,Electronic check,51.74,2080.37,1,No
CUST-15659,Male,1,No,Yes,40,Yes,No,DSL,No,No,No,Yes,No,No,Month-to-month,No,Electronic check,52.85,2115.89,0,No
CUST-15660,Male,0,No,No,37,Yes,No,No,No internet service,No internet service,No internet service,No internet service,No internet service,No internet service,One year,Yes,Electronic check,18.0,697.05,0,No
CUST-15661,Female,0,No,No,15,Yes,Yes,Fiber optic,No,No,Yes,Yes,Yes,Yes,Month-to-month,Yes,Electronic check,87.72,1323.09,0,No
CUST-15662,Male,0,Yes,Yes,40,Yes,Yes,DSL,No,Yes,Yes,No,No,Yes,Month-to-month,No,Credit card (automatic),64.44,2597.17,1,No
CUST-15663,Male,0,No,No,28,Yes,Yes,DSL,No,Yes,No,Yes,No,No,Two year,No,Credit card (automatic),54.16,1516.16,0,No
CUST-15664,Female,0,Yes,No,11,Yes,No,No,No internet service,No internet service,No internet service,No internet service,No internet service,No internet service,One year,No,Credit card (automatic),22.07,202.27,0,No
CUST-15665,Female,0,No,No,25,Yes,No,DSL,No,No,Yes,No,No,Yes,Month-to-month,Yes,Electronic check,50.61,1251.67,0,No
CUST-15666,Male,0,Yes,No,59,Yes,No,Fiber optic,No,No,No,Yes,No,No,One year,No,Electronic check,82.74,4898.69,0,No
CUST-15667,Female,0,No,No,31,Yes,No,DSL,No,Yes,No,No,Yes,Yes,Two year,Yes,Bank transfer (automatic),60.53,1890.21,0,No
CUST-15668,Female,0,No,No,34,No,No phone service,Fiber optic,No,Yes,No,No,No,No,Two year,Yes,Credit card (automatic),67.28,2306.46,0,No
CUST-15669,Male,0,Yes,No,9,Yes,No,No,No internet service,No internet service,No internet service,No internet service,No internet service,No internet service,Month-to-month,No,Bank transfer (automatic),24.01,231.84,2,Yes
CUST-15670,Male,1,No,Yes,12,Yes,Yes,DSL,No,No,Yes,No,No,Yes,Month-to-month,Yes,Electronic check,63.47,762.41,3,Yes
CUST-15671,Female,0,No,No,28,Yes,Yes,DSL,No,No,Yes,Yes,Yes,No,One year,Yes,Credit card (automatic),61.88,1746.59,0,No
CUST-15672,Male,0,Yes,No,22,Yes,Yes,Fiber optic,No,No,No,Yes,Yes,Yes,Month-to-month,No,Electronic check,89.44,1991.07,0,Yes
CUST-15673,Male,0,No,Yes,19,Yes,Yes,Fiber optic,Yes,No,No,No,No,No,Two year,No,Credit card (automatic),72.54,1410.42,1,No
CUST-15674,Female,0,Yes,No,9,Yes,Yes,DSL,Yes,No,Yes,Yes,No,Yes,Month-to-month,No,Credit card (automatic),58.14,555.0,0,No
CUST-15675,Male,0,Yes,Yes,12,Yes,Yes,Fiber optic,No,Yes,Yes,No,Yes,No,Month-to-month,Yes,Credit card (automatic),88.72,1112.27,1,No
CUST-15676,Male,0,Yes,No,5,Yes,No,Fiber optic,No,No,No,Yes,No,No,Two year,Yes,Electronic check,75.58,350.77,2,Yes
CUST-15677,Male,0,No,Yes,16,No,No phone service,DSL,No,No,No,Yes,Yes,Yes,Month-to-month,Yes,Mailed check,65.41,1038.46,1,No
CUST-15678,Male,0,Yes,No,22,Yes,No,Fiber optic,No,No,No,No,No,Yes,Month-to-month,No,Bank transfer (automatic),71.9,1557.94,1,Yes
CUST-15679,Male,0,No,Yes,23,Yes,Yes,No,No internet service,No internet service,No internet service,No internet service,No internet service,No internet service,One year,Yes,Electronic check,18.43,404.91,0,No
CUST-15680,Female,0,No,Yes,58,Yes,Yes,DSL,Yes,Yes,No,No,No,Yes,Month-to-month,Yes,Mailed check,61.05,3562.76,1,No
CUST-15681,Female,0,Yes,No,2,Yes,No,Fiber optic,No,Yes,No,Yes,Yes,No,One year,Yes,Bank transfer (automatic),88.47,176.42,0,No
CUST-15682,Male,0,No,No,72,Yes,No,DSL,No,No,No,No,No,No,Month-to-month,Yes,Electronic check,39.55,2869.53,1,No
CUST-15683,Female,0,Yes,No,40,Yes,Yes,DSL,Yes,No,No,No,Yes,No,Month-to-month,No,Electronic check,58.74,2342.95,1,No
CUST-15684,Male,0,No,Yes,27,Yes,No,DSL,No,Yes,Yes,No,No,Yes,Month-to-month,Yes,Electronic check,59.39,1630.03,0,Yes
CUST-15685,Male,0,Yes,No,11,Yes,Yes,Fiber optic,No,Yes,No,Yes,No,No,One year,No,Credit card (automatic),74.67,826.06,1,No
CUST-15686,Male,0,Yes,No,17,Yes,Yes,DSL,No,No,Yes,No,No,No,Month-to-month,Yes,Credit card (automatic),47.43,810.7,0,No
CUST-15687,Male,0,No,No,40,Yes,No,Fiber optic,Yes,No,Yes,Yes,No,Yes,Month-to-month,Yes,Bank transfer (automatic),89.25,3584.97,1,No
CUST-15688,Male,0,No,No,13,Yes,Yes,No,No internet service,No internet service,No internet service,No internet service,No internet service,No internet service,Two year,No,Electronic check,22.25,288.1,0,No
CUST-15689,Female,0,Yes,No,43,No,No phone service,DSL,No,Yes,No,No,No,Yes,Two year,No,Bank transfer (automatic),56.36,2405.53,0,No
CUST-15690,Female,0,No,No,25,Yes,No,Fiber optic,No,No,Yes,No,No,Yes,One year,No,Electronic check,87.77,2165.11,0,No
CUST-15691,Male,0,Yes,No,24,Yes,No,DSL,Yes,No,Yes,Yes,No,No,Month-to-month,No,Bank transfer (automatic),58.36,1433.87,0,No
CUST-15692,Female,0,No,No,40,Yes,No,DSL,No,No,No,Yes,No,No,One year,Yes,Bank transfer (automatic),52.58,2100.07,0,No
CUST-15693,Male,0,No,No,8,Yes,Yes,DSL,No,Yes,Yes,No,No,Yes,One year,Yes,Credit card (automatic),58.49,452.63,1,No
CUST-15694,Female,0,Yes,No,19,Yes,No,Fiber optic,Yes,No,No,No,Yes,No,Two year,Yes,Electronic check,78.09,1479.99,1,No
CUST-15695,Male,0,Yes,No,22,Yes,Yes,DSL,No,No,No,No,Yes,No,Two year,No,Electronic check,48.48,1045.31,1,No
CUST-15696,Female,1,Yes,Yes,38,Yes,No,Fiber optic,Yes,Yes,No,No,No,No,Two year,No,Credit card (automatic),77.85,2967.31,1,No
CUST-15697,Male,0,Yes,No,55,Yes,No,DSL,No,No,No,Yes,Yes,No,Two year,Yes,Credit card (automatic),58.45,3220.38,0,No
CUST-15698,Male,0,Yes,No,8,Yes,Yes,Fiber optic,No,No,No,No,Yes,No,Month-to-month,No,Mailed check,78.86,641.06,0,No
CUST-15699,Female,0,No,No,25,Yes,No,Fiber optic,No,No,No,Yes,No,Yes,One year,Yes,Electronic check,76.05,1895.38,1,Yes
CUST-15700,Female,1,No,No,7,Yes,No,DSL,Yes,Yes,No,Yes,No,Yes,Two year,Yes,Mailed check,59.87,449.93,1,No
CUST-15701,Male,0,Yes,No,25,Yes,No,Fiber optic,Yes,No,No,No,Yes,No,Two year,Yes,Mailed check,84.83,2132.72,2,No
CUST-15702,Female,0,No,No,35,Yes,Yes,DSL,No,Yes,Yes,No,No,Yes,Two year,No,Credit card (automatic),64.28,2278.39,0,No
CUST-15703,Male,0,No,No,17,Yes,Yes,DSL,Yes,No,No,No,Yes,No,Month-to-month,No,Bank transfer (automatic),63.88,1068.94,1,No
CUST-15704,Female,0,No,No,56,Yes,No,No,No internet service,No internet service,No internet service,No internet service,No internet service,No internet service,One year,Yes,Electronic check,18.0,1032.71,1,No
CUST-15705,Female,0,No,No,35,Yes,Yes,DSL,No,No,Yes,Yes,Yes,Yes,Month-to-month,Yes,Bank transfer (automatic),67.77,2361.33,3,Yes
CUST-15706,Male,0,No,No,33,No,No phone service,No,No internet service,No internet service,No internet service,No internet service,No internet service,No internet service,One year,Yes,Electronic check,20.11,664.43,1,No
CUST-15707,Female,0,Yes,No,27,Yes,Yes,DSL,No,No,Yes,No,No,No,Month-to-month,Yes,Electronic check,55.99,1515.65,2,Yes
CUST-15708,Female,0,Yes,No,39,Yes,Yes,Fiber optic,No,Yes,No,No,No,Yes,Two year,Yes,Mailed check,85.4,3326.89,2,No
CUST-15709,Male,0,Yes,No,60,Yes,Yes,DSL,Yes,No,No,No,No,Yes,Two year,Yes,Electronic check,55.3,3338.42,0,No
CUST-15710,Female,0,Yes,No,29,Yes,No,Fiber optic,No,Yes,Yes,No,No,No,Two year,No,Credit card (automatic),81.68,2378.43,0,No
CUST-15711,Male,0,Yes,Yes,18,Yes,No,Fiber optic,No,Yes,No,Yes,Yes,No,Month-to-month,Yes,Mailed check,85.76,1504.92,1,No
CUST-15712,Male,0,No,No,72,Yes,No,DSL,No,No,Yes,No,No,Yes,Month-to-month,No,Bank transfer (automatic),44.51,3239.64,4,No
CUST-15713,Male,0,Yes,No,28,Yes,No,Fiber optic,Yes,No,No,No,Yes,No,One year,Yes,Bank transfer (automatic),79.01,2230.8,1,No
CUST-15714,Male,1,No,Yes,22,Yes,Yes,DSL,No,No,No,No,No,No,Month-to-month,Yes,Credit card (automatic),39.99,911.36,1,No
CUST-15715,Male,1,Yes,No,38,Yes,No,No,No internet service,No internet service,No internet service,No internet service,No internet service,No internet service,Month-to-month,Yes,Credit card (automatic),18.0,682.37,2,Yes
CUST-15716,Female,0,No,Yes,4,Yes,Yes,Fiber optic,No,Yes,No,No,Yes,Yes,Two year,No,Credit card (automatic),90.61,357.83,1,No
CUST-15717,Male,0,No,No,7,Yes,Yes,Fiber optic,Yes,No,No,No,No,Yes,Month-to-month,No,Mailed check,75.37,517.29,0,No
CUST-15718,Male,1,Yes,No,3,Yes,Yes,No,No internet service,No internet service,No internet service,No internet service,No internet service,No internet service,Month-to-month,Yes,Electronic check,19.71,59.54,1,Yes
CUST-15719,Female,0,Yes,No,3,Yes,No,DSL,No,Yes,No,No,No,Yes,One year,Yes,Bank transfer (automatic),54.53,176.24,1,No
CUST-15720,Female,0,No,No,10,Yes,Yes,DSL,No,Yes,No,No,Yes,Yes,Two year,No,Mailed check,57.24,571.09,1,No
CUST-15721,Female,0,Yes,No,17,No,No phone service,DSL,No,No,No,No,No,Yes,Two year,No,Electronic check,51.51,863.14,0,No
CUST-15722,Male,0,Yes,No,16,Yes,Yes,DSL,No,No,No,No,No,Yes,Two year,No,Electronic check,59.29,964.66,0,No
CUST-15723,Male,0,Yes,Yes,23,Yes,No,DSL,Yes,No,No,Yes,No,No,One year,Yes,Mailed check,49.58,1137.0,1,No
CUST-15724,Male,1,No,Yes,32,No,No phone service,Fiber optic,No,No,No,Yes,No,Yes,Month-to-month,No,Bank transfer (automatic),89.5,2871.29,0,No
CUST-15725,Female,0,No,No,18,No,No phone service,Fiber optic,Yes,No,No,Yes,Yes,Yes,Two year,Yes,Bank transfer (automatic),89.6,1586.64,0,Yes
CUST-15726,Male,0,No,No,32,Yes,No,DSL,Yes,No,No,No,No,No,Month-to-month,Yes,Bank transfer (automatic),63.48,2010.78,4,Yes
CUST-15727,Female,0,No,Yes,59,Yes,No,DSL,No,Yes,No,No,No,No,Month-to-month,Yes,Mailed check,48.9,2869.74,2,Yes
CUST-15728,Male,0,No,No,72,Yes,No,DSL,Yes,No,Yes,No,Yes,No,Month-to-month,Yes,Electronic check,61.16,4401.44,1,No
CUST-15729,Female,0,No,No,66,Yes,No,DSL,No,Yes,No,No,Yes,Yes,Two year,Yes,Mailed check,48.86,3209.37,0,No
CUST-15730,Male,0,No,No,72,Yes,No,Fiber optic,No,No,No,Yes,Yes,No,Two year,Yes,Credit card (automatic),88.12,6343.87,0,No
CUST-15731,Male,0,Yes,No,23,No,No phone service,Fiber optic,No,Yes,No,No,Yes,No,Month-to-month,Yes,Electronic check,78.88,1801.26,1,Yes
CUST-15732,Male,0,Yes,No,4,Yes,Yes,DSL,No,Yes,No,Yes,No,Yes,Month-to-month,No,Mailed check,58.05,272.56,2,No
CUST-15733,Female,0,No,No,21,Yes,Yes,No,No internet service,No internet service,No internet service,No internet service,No internet service,No internet service,Two year,No,Electronic check,24.87,536.33,0,No
CUST-15734,Female,0,No,No,9,No,No phone service,Fiber optic,No,Yes,No,Yes,Yes,No,Month-to-month,Yes,Electronic check,98.18,878.99,0,Yes
CUST-15735,Male,1,Yes,No,23,Yes,Yes,Fiber optic,No,Yes,No,Yes,No,No,One year,Yes,Mailed check,85.6,1992.41,0,Yes
CUST-15736,Male,0,Yes,No,7,Yes,Yes,DSL,No,No,Yes,No,No,No,Month-to-month,Yes,Bank transfer (automatic),43.84,314.02,3,Yes
CUST-15737,Male,0,No,Yes,27,Yes,Yes,DSL,Yes,No,No,No,Yes,No,Month-to-month,Yes,Mailed check,53.61,1446.69,5,Yes
CUST-15738,Female,0,No,Yes,12,Yes,Yes,Fiber optic,No,No,No,No,No,Yes,Month-to-month,Yes,Electronic check,65.67,769.26,2,Yes
CUST-15739,Male,0,Yes,Yes,12,Yes,Yes,No,No internet service,No internet service,No internet service,No internet service,No internet service,No internet service,Month-to-month,Yes,Bank transfer (automatic),23.8,287.35,2,Yes
CUST-15740,Male,0,No,No,54,Yes,No,Fiber optic,No,No,Yes,No,Yes,Yes,One year,Yes,Electronic check,85.4,4608.73,2,Yes
CUST-15741,Male,0,No,No,27,Yes,Yes,DSL,Yes,Yes,No,Yes,No,No,Two year,No,Mailed check,60.57,1665.09,0,No
CUST-15742,Male,0,No,No,24,Yes,Yes,DSL,No,No,No,Yes,No,Yes,Month-to-month,No,Electronic check,59.16,1389.24,4,Yes
CUST-15743,Female,0,Yes,No,45,Yes,Yes,Fiber optic,Yes,Yes,No,No,No,No,Two year,No,Credit card (automatic),85.14,3828.92,3,No
CUST-15744,Female,0,Yes,No,32,Yes,Yes,Fiber optic,No,Yes,Yes,Yes,Yes,Yes,One year,Yes,Electronic check,93.07,2963.35,0,No
CUST-15745,Male,0,Yes,No,45,Yes,Yes,DSL,No,No,No,No,Yes,No,Month-to-month,No,Mailed check,49.48,2218.72,0,No
CUST-15746,Male,0,Yes,No,22,Yes,Yes,Fiber optic,No,Yes,Yes,Yes,Yes,Yes,One year,Yes,Mailed check,87.61,1910.97,2,No
CUST-15747,Female,0,No,Yes,43,Yes,Yes,Fiber optic,No,Yes,No,Yes,No,Yes,One year,Yes,Bank transfer (automatic),87.99,3781.96,2,No
CUST-15748,Female,0,Yes,No,4,Yes,Yes,Fiber optic,Yes,Yes,No,Yes,No,Yes,Month-to-month,No,Bank transfer (automatic),92.13,341.07,3,Yes
CUST-15749,Male,0,No,No,21,Yes,Yes,Fiber optic,Yes,No,No,Yes,No,No,Month-to-month,No,Bank transfer (automatic),74.26,1554.87,1,No
CUST-15750,Female,0,Yes,No,30,Yes,No,Fiber optic,Yes,No,No,No,No,No,Two year,No,Bank transfer (automatic),66.75,2020.08,0,No
CUST-15751,Female,0,Yes,No,17,Yes,Yes,DSL,No,No,No,Yes,No,Yes,One year,Yes,Electronic check,57.0,972.45,2,No
CUST-15752,Male,0,No,Yes,22,Yes,No,Fiber optic,Yes,Yes,No,No,Yes,No,Month-to-month,No,Credit card (automatic),83.85,1849.77,3,No
CUST-15753,Female,0,No,No,46,Yes,No,No,No internet service,No internet service,No internet service,No internet service,No internet service,No internet service,Month-to-month,No,Mailed check,22.23,1038.76,0,Yes
CUST-15754,Female,1,Yes,No,47,Yes,No,No,No internet service,No internet service,No internet service,No internet service,No internet service,No internet service,Month-to-month,Yes,Electronic check,18.0,860.22,3,No
CUST-15755,Male,1,No,Yes,30,Yes,No,DSL,No,No,Yes,Yes,Yes,Yes,Month-to-month,Yes,Bank transfer (automatic),70.55,2098.12,3,No
CUST-15756,Male,0,No,No,61,Yes,No,Fiber optic,Yes,No,No,No,Yes,Yes,Month-to-month,Yes,Bank transfer (automatic),86.91,5314.56,2,No
CUST-15757,Female,0,No,No,9,Yes,Yes,No,No internet service,No internet service,No internet service,No internet service,No internet service,No internet service,Month-to-month,Yes,Electronic check,18.0,154.12,3,Yes
CUST-15758,Male,0,No,No,20,Yes,Yes,Fiber optic,No,No,Yes,No,Yes,No,Month-to-month,No,Credit card (automatic),80.95,1640.49,2,No
CUST-15759,Female,0,Yes,No,20,Yes,No,DSL,No,No,No,Yes,Yes,No,One year,Yes,Mailed check,53.22,1079.47,1,No
CUST-15760,Male,0,No,No,57,Yes,No,No,No internet service,No internet service,No internet service,No internet service,No internet service,No internet service,Month-to-month,No,Mailed check,18.0,1015.56,0,No
CUST-15761,Female,0,No,Yes,35,Yes,No,DSL,No,Yes,No,Yes,No,Yes,Month-to-month,No,Mailed check,55.37,1909.87,4,No
CUST-15762,Male,0,Yes,No,69,Yes,No,DSL,No,Yes,No,No,No,No,Month-to-month,Yes,Electronic check,60.83,4210.6,1,No
CUST-15763,Female,1,Yes,No,5,Yes,No,Fiber optic,No,No,Yes,Yes,Yes,No,Month-to-month,Yes,Credit card (automatic),96.54,484.69,0,No
CUST-15764,Female,0,No,No,31,Yes,Yes,DSL,No,No,No,No,No,No,Month-to-month,Yes,Bank transfer (automatic),41.51,1306.69,2,No
CUST-15765,Female,0,Yes,Yes,25,Yes,No,DSL,No,No,Yes,No,Yes,No,Month-to-month,Yes,Mailed check,55.08,1377.49,1,No
CUST-15766,Male,0,Yes,No,1,Yes,No,Fiber optic,Yes,No,Yes,No,Yes,No,Month-to-month,Yes,Bank transfer (automatic),95.48,86.78,0,Yes
CUST-15767,Male,0,No,No,12,Yes,No,Fiber optic,No,Yes,No,No,Yes,No,Month-to-month,Yes,Credit card (automatic),81.59,958.79,0,No
CUST-15768,Female,0,Yes,No,9,Yes,No,No,No internet service,No internet service,No internet service,No internet service,No internet service,No internet service,Two year,No,Bank transfer (automatic),27.14,229.39,0,No
CUST-15769,Female,0,Yes,Yes,35,Yes,Yes,Fiber optic,No,No,No,Yes,Yes,Yes,Month-to-month,No,Electronic check,97.44,3436.96,0,Yes
CUST-15770,Male,0,No,Yes,56,Yes,Yes,No,No internet service,No internet service,No internet service,No internet service,No internet service,No internet service,Month-to-month,No,Bank transfer (automatic),21.09,1178.24,0,Yes
CUST-15771,Male,0,No,Yes,18,Yes,Yes,Fiber optic,No,No,No,No,Yes,Yes,Month-to-month,No,Mailed check,83.17,1513.03,3,Yes
CUST-15772,Male,0,Yes,No,9,Yes,No,DSL,Yes,Yes,No,Yes,No,No,Two year,No,Credit card (automatic),68.07,592.97,1,No
CUST-15773,Male,0,No,Yes,7,Yes,Yes,Fiber optic,Yes,No,Yes,Yes,No,Yes,Two year,Yes,Bank transfer (automatic),90.92,608.45,1,Yes
CUST-15774,Male,1,No,No,71,Yes,No,Fiber optic,No,No,No,Yes,Yes,No,Month-to-month,Yes,Mailed check,88.72,6306.23,1,No
CUST-15775,Male,0,No,No,13,Yes,Yes,Fiber optic,No,Yes,No,Yes,No,No,Month-to-month,No,Electronic check,81.72,1079.45,0,Yes
CUST-15776,Female,1,Yes,No,0,Yes,No,DSL,No,Yes,No,No,Yes,No,Month-to-month,No,Mailed check,68.17,,0,No
CUST-15777,Male,0,Yes,No,15,Yes,No,Fiber optic,No,Yes,Yes,No,No,No,Month-to-month,Yes,Bank transfer (automatic),81.19,1183.96,2,Yes
CUST-15778,Female,0,Yes,No,5,Yes,Yes,Fiber optic,No,No,No,Yes,Yes,No,Month-to-month,Yes,Electronic check,85.28,408.55,5,Yes
CUST-15779,Male,0,No,No,26,No,No phone service,DSL,Yes,Yes,Yes,Yes,Yes,No,Month-to-month,Yes,Bank transfer (automatic),71.72,1884.37,5,No
CUST-15780,Male,0,No,No,24,Yes,Yes,No,No internet service,No internet service,No internet service,No internet service,No internet service,No internet service,Month-to-month,Yes,Credit card (automatic),18.0,410.51,1,No
CUST-15781,Female,1,No,Yes,18,Yes,Yes,Fiber optic,No,Yes,Yes,Yes,Yes,Yes,Month-to-month,Yes,Electronic check,103.45,1870.18,1,Yes
CUST-15782,Female,0,No,Yes,6,Yes,No,Fiber optic,No,Yes,No,No,Yes,Yes,One year,Yes,Bank transfer (automatic),93.11,562.62,0,No
CUST-15783,Male,0,No,No,23,Yes,No,DSL,No,No,No,No,No,No,Two year,No,Electronic check,35.0,828.38,0,No
CUST-15784,Female,0,Yes,No,20,Yes,No,Fiber optic,No,Yes,Yes,No,Yes,No,Month-to-month,No,Electronic check,80.39,1633.35,3,Yes
CUST-15785,Female,0,No,Yes,22,Yes,Yes,No,No internet service,No internet service,No internet service,No internet service,No internet service,No internet service,One year,No,Electronic check,22.02,492.38,1,Yes
CUST-15786,Female,0,No,No,16,Yes,Yes,DSL,Yes,No,No,No,Yes,No,Month-to-month,Yes,Bank transfer (automatic),54.9,904.18,2,No
CUST-15787,Female,0,No,No,40,No,No phone service,Fiber optic,Yes,Yes,Yes,Yes,Yes,Yes,Month-to-month,Yes,Credit card (automatic),107.32,4302.26,0,No
CUST-15788,Male,0,Yes,Yes,48,Yes,Yes,Fiber optic,No,Yes,Yes,Yes,No,Yes,Two year,Yes,Bank transfer (automatic),81.65,3907.39,1,No
CUST-15789,Female,0,No,No,7,No,No phone service,Fiber optic,Yes,No,Yes,No,No,Yes,Month-to-month,No,Electronic check,96.64,650.43,1,Yes
CUST-15790,Male,1,Yes,Yes,38,Yes,Yes,Fiber optic,Yes,Yes,No,No,No,No,One year,Yes,Electronic check,78.31,2960.89,0,No
CUST-15791,Male,0,Yes,No,50,Yes,Yes,Fiber optic,Yes,Yes,Yes,No,No,Yes,Month-to-month,Yes,Bank transfer (automatic),92.25,4597.08,2,No
CUST-15792,Male,0,No,No,72,Yes,No,Fiber optic,No,No,Yes,No,No,No,Month-to-month,Yes,Electronic check,77.02,5597.22,0,No
CUST-15793,Male,0,No,No,27,Yes,No,Fiber optic,Yes,No,Yes,No,Yes,Yes,One year,Yes,Credit card (automatic),100.48,2722.7,1,No
CUST-15794,Female,0,Yes,No,16,Yes,Yes,DSL,No,No,No,No,Yes,No,Month-to-month,Yes,Electronic check,43.11,675.3,1,Yes
CUST-15795,Female,0,No,No,43,Yes,No,No,No internet service,No internet service,No internet service,No internet service,No internet service,No internet service,Month-to-month,No,Electronic check,20.76,891.0,0,No
CUST-15796,Male,0,Yes,No,17,Yes,Yes,DSL,No,Yes,Yes,No,No,No,One year,Yes,Mailed check,49.7,805.4,0,No
CUST-15797,Male,0,Yes,No,52,Yes,No,Fiber optic,No,No,Yes,No,No,No,Month-to-month,Yes,Bank transfer (automatic),80.67,4184.97,2,No
CUST-15798,Male,0,Yes,No,22,Yes,No,DSL,No,No,Yes,No,No,Yes,Month-to-month,Yes,Electronic check,54.23,1158.14,0,No
CUST-15799,Male,0,No,No,12,No,No phone service,No,No internet service,No internet service,No internet service,No internet service,No internet service,No internet service,One year,No,Electronic check,22.32,265.31,1,No
CUST-15800,Female,0,No,No,26,Yes,No,No,No internet service,No internet service,No internet service,No internet service,No internet service,No internet service,Month-to-month,Yes,Mailed check,18.05,436.2,1,Yes
CUST-15801,Male,0,No,No,20,Yes,No,Fiber optic,No,No,Yes,Yes,Yes,No,One year,No,Mailed check,97.15,1932.98,1,No
CUST-15802,Female,0,No,Yes,18,No,No phone service,DSL,Yes,No,No,No,Yes,No,Two year,Yes,Credit card (automatic),52.31,925.93,1,No
CUST-15803,Male,1,Yes,Yes,3,Yes,No,Fiber optic,No,No,Yes,No,No,Yes,Month-to-month,Yes,Electronic check,83.96,240.16,0,Yes
CUST-15804,Male,0,Yes,No,50,Yes,Yes,DSL,Yes,Yes,No,Yes,No,Yes,Month-to-month,Yes,Electronic check,55.89,2770.35,2,No
CUST-15805,Male,1,No,Yes,50,Yes,Yes,Fiber optic,Yes,Yes,Yes,No,No,No,One year,Yes,Mailed check,89.5,4474.64,0,No
CUST-15806,Male,0,Yes,No,34,Yes,Yes,No,No internet service,No internet service,No internet service,No internet service,No internet service,No internet service,Month-to-month,No,Electronic check,18.0,637.76,0,No
CUST-15807,Female,0,No,No,36,Yes,No,Fiber optic,Yes,No,No,No,No,No,One year,No,Mailed check,84.64,3081.51,1,No
CUST-15808,Female,0,No,No,10,Yes,Yes,No,No internet service,No internet service,No internet service,No internet service,No internet service,No internet service,Month-to-month,No,Electronic check,18.0,143.81,0,No
CUST-15809,Female,0,No,No,1,Yes,Yes,DSL,Yes,Yes,No,Yes,Yes,No,Month-to-month,Yes,Credit card (automatic),62.02,48.12,1,No
CUST-15810,Male,0,Yes,No,28,Yes,Yes,No,No internet service,No internet service,No internet service,No internet service,No internet service,No internet service,Month-to-month,Yes,Electronic check,21.47,620.64,0,No
CUST-15811,Male,0,No,No,22,Yes,Yes,DSL,No,No,Yes,Yes,No,No,One year,No,Bank transfer (automatic),49.3,1072.4,0,No
CUST-15812,Female,1,No,Yes,28,Yes,Yes,DSL,Yes,No,Yes,No,Yes,No,Month-to-month,Yes,Credit card (automatic),57.31,1619.64,2,No
CUST-15813,Female,0,Yes,No,0,Yes,No,No,No internet service,No internet service,No internet service,No internet service,No internet service,No internet service,Two year,No,Credit card (automatic),21.22,,1,No
CUST-15814,Male,0,No,Yes,39,No,No phone service,Fiber optic,Yes,No,Yes,Yes,No,No,One year,No,Mailed check,83.65,3267.88,1,No
CUST-15815,Male,0,Yes,No,10,Yes,No,No,No internet service,No internet service,No internet service,No internet service,No internet service,No internet service,Month-to-month,Yes,Credit card (automatic),24.71,211.98,3,No
CUST-15816,Female,0,Yes,No,8,Yes,No,No,No internet service,No internet service,No internet service,No internet service,No internet service,No internet service,Month-to-month,Yes,Bank transfer (automatic),26.27,232.42,0,No
CUST-15817,Male,0,Yes,No,72,Yes,No,Fiber optic,Yes,No,No,No,Yes,No,Month-to-month,No,Electronic check,84.13,6082.72,2,No
CUST-15818,Male,0,Yes,No,64,Yes,No,DSL,No,No,Yes,No,No,Yes,One year,Yes,Credit card (automatic),49.48,3159.77,0,No
CUST-15819,Female,0,No,Yes,3,No,No phone service,Fiber optic,No,No,Yes,No,Yes,Yes,Two year,Yes,Mailed check,82.61,252.57,0,No
CUST-15820,Male,0,Yes,No,13,No,No phone service,DSL,No,Yes,No,No,No,Yes,Month-to-month,Yes,Electronic check,50.67,653.2,3,Yes
CUST-15821,Female,1,Yes,Yes,18,Yes,No,DSL,No,No,Yes,No,No,Yes,Month-to-month,Yes,Credit card (automatic),54.64,984.15,1,No
CUST-15822,Male,0,Yes,No,59,Yes,Yes,Fiber optic,Yes,No,No,Yes,No,No,Month-to-month,No,Bank transfer (automatic),83.21,4928.11,2,No
CUST-15823,Female,0,Yes,No,42,Yes,No,No,No internet service,No internet service,No internet service,No internet service,No internet service,No internet service,Month-to-month,Yes,Credit card (automatic),22.01,909.27,3,No
CUST-15824,Male,1,Yes,No,6,Yes,No,Fiber optic,No,No,Yes,Yes,Yes,No,Month-to-month,No,Credit card (automatic),95.8,587.68,0,Yes
CUST-15825,Female,0,Yes,No,26,Yes,No,DSL,No,Yes,No,No,No,No,Month-to-month,No,Electronic check,59.81,1569.97,5,No
CUST-15826,Female,0,No,No,18,Yes,No,No,No internet service,No internet service,No internet service,No internet service,No internet service,No internet service,Month-to-month,Yes,Electronic check,22.69,428.39,1,No
CUST-15827,Female,0,No,Yes,19,Yes,No,No,No internet service,No internet service,No internet service,No internet service,No internet service,No internet service,Month-to-month,No,Bank transfer (automatic),23.36,444.05,1,Yes
CUST-15828,Female,0,No,No,14,Yes,No,DSL,Yes,Yes,Yes,No,No,Yes,Month-to-month,Yes,Bank transfer (automatic),60.77,830.36,0,Yes
CUST-15829,Male,0,No,No,19,Yes,No,DSL,No,No,Yes,No,No,Yes,Month-to-month,No,Electronic check,60.96,1152.74,1,No
CUST-15830,Male,0,Yes,No,39,Yes,Yes,DSL,Yes,Yes,No,No,No,Yes,Month-to-month,No,Electronic check,64.14,2505.05,1,No
CUST-15831,Female,0,No,No,20,Yes,No,Fiber optic,Yes,Yes,Yes,Yes,Yes,Yes,Month-to-month,Yes,Electronic check,105.29,2127.73,2,No
CUST-15832,Male,0,No,No,22,Yes,No,DSL,No,Yes,No,Yes,Yes,Yes,Month-to-month,No,Bank transfer (automatic),68.03,1508.22,0,No
CUST-15833,Male,0,Yes,No,42,Yes,No,Fiber optic,No,No,No,Yes,Yes,No,Month-to-month,Yes,Electronic check,88.92,3710.61,0,Yes
CUST-15834,Male,1,No,Yes,32,Yes,No,Fiber optic,No,No,No,Yes,No,Yes,Month-to-month,No,Electronic check,90.58,2867.71,0,Yes
CUST-15835,Male,0,Yes,No,42,Yes,No,Fiber optic,Yes,No,No,No,Yes,No,Month-to-month,No,Mailed check,81.73,3416.14,2,No
CUST-15836,Male,0,Yes,No,11,Yes,No,No,No internet service,No internet service,No internet service,No internet service,No internet service,No internet service,Month-to-month,No,Electronic check,23.0,241.09,4,No
CUST-15837,Female,0,No,No,24,Yes,No,Fiber optic,No,No,No,No,No,Yes,Month-to-month,Yes,Electronic check,72.58,1724.66,0,Yes
CUST-15838,Female,1,Yes,No,23,Yes,No,DSL,No,No,Yes,No,Yes,No,Month-to-month,No,Credit card (automatic),57.46,1263.47,0,No
CUST-15839,Female,0,Yes,No,21,Yes,No,Fiber optic,No,Yes,No,No,No,No,Month-to-month,No,Bank transfer (automatic),78.95,1640.02,2,Yes
CUST-15840,Female,0,Yes,Yes,18,Yes,Yes,No,No internet service,No internet service,No internet service,No internet service,No internet service,No internet service,Month-to-month,Yes,Electronic check,18.0,325.77,3,No
CUST-15841,Male,1,Yes,No,63,Yes,No,DSL,No,Yes,No,No,No,No,Month-to-month,Yes,Credit card (automatic),45.68,2902.21,2,Yes
CUST-15842,Male,0,Yes,Yes,16,Yes,Yes,DSL,No,Yes,Yes,No,No,No,One year,Yes,Electronic check,59.19,973.1,1,No
CUST-15843,Female,1,No,No,52,Yes,Yes,Fiber optic,No,Yes,No,No,No,No,Month-to-month,Yes,Bank transfer (automatic),76.78,4011.55,1,No
CUST-15844,Male,0,No,No,72,No,No phone service,DSL,No,No,No,Yes,Yes,Yes,Month-to-month,Yes,Mailed check,62.55,4507.41,1,No
CUST-15845,Male,0,No,No,8,Yes,No,Fiber optic,Yes,No,No,No,No,No,Month-to-month,Yes,Bank transfer (automatic),76.12,645.86,2,No
CUST-15846,Female,1,Yes,No,6,No,No phone service,Fiber optic,Yes,Yes,Yes,No,No,No,Month-to-month,No,Mailed check,92.35,550.32,4,Yes
CUST-15847,Male,0,No,Yes,2,Yes,No,No,No internet service,No internet service,No internet service,No internet service,No internet service,No internet service,Month-to-month,No,Electronic check,24.8,61.22,1,Yes
CUST-15848,Female,0,No,No,52,Yes,No,Fiber optic,No,No,Yes,No,No,No,Month-to-month,No,Bank transfer (automatic),73.25,3804.6,1,Yes
CUST-15849,Female,0,Yes,Yes,53,Yes,No,DSL,No,No,No,No,Yes,Yes,Month-to-month,No,Bank transfer (automatic),62.61,3317.7,0,No
CUST-15850,Male,1,No,Yes,9,Yes,Yes,Fiber optic,No,No,No,No,No,No,Two year,Yes,Mailed check,70.02,645.4,1,No
CUST-15851,Male,0,No,No,43,Yes,Yes,DSL,Yes,Yes,No,No,Yes,No,Month-to-month,Yes,Bank transfer (automatic),53.34,2276.17,1,No
CUST-15852,Female,0,No,Yes,12,Yes,No,No,No internet service,No internet service,No internet service,No internet service,No internet service,No internet service,Two year,No,Mailed check,22.44,284.72,1,No
CUST-15853,Female,0,Yes,No,25,Yes,Yes,Fiber optic,No,Yes,No,No,Yes,Yes,Two year,No,Credit card (automatic),79.37,1970.62,0,No
CUST-15854,Male,0,Yes,No,49,No,No phone service,Fiber optic,Yes,No,Yes,Yes,Yes,No,Two year,Yes,Bank transfer (automatic),95.23,4670.98,0,No
CUST-15855,Female,0,No,No,33,Yes,No,Fiber optic,Yes,Yes,No,Yes,No,Yes,Two year,Yes,Electronic check,88.69,2935.18,0,No
CUST-15856,Female,0,No,No,11,No,No phone service,Fiber optic,Yes,No,No,No,Yes,Yes,Month-to-month,Yes,Credit card (automatic),75.21,841.08,0,No
CUST-15857,Female,0,No,No,26,Yes,No,DSL,No,Yes,Yes,No,Yes,No,Month-to-month,Yes,Credit card (automatic),62.77,1629.28,0,Yes
CUST-15858,Male,0,No,No,17,Yes,No,DSL,Yes,No,No,Yes,Yes,Yes,Month-to-month,Yes,Credit card (automatic),74.93,1247.1,1,No
CUST-15859,Female,0,No,No,42,Yes,No,DSL,Yes,Yes,No,No,Yes,Yes,Month-to-month,No,Mailed check,64.4,2730.26,1,No
CUST-15860,Male,0,Yes,Yes,32,Yes,No,Fiber optic,No,No,Yes,Yes,No,Yes,Month-to-month,No,Bank transfer (automatic),88.57,2837.53,2,No
CUST-15861,Female,0,No,No,32,Yes,No,Fiber optic,No,No,No,No,Yes,No,Two year,Yes,Credit card (automatic),76.77,2431.75,0,No
CUST-15862,Male,1,Yes,No,10,Yes,Yes,Fiber optic,No,No,No,No,No,Yes,Month-to-month,Yes,Electronic check,64.62,700.02,2,Yes
CUST-15863,Female,0,No,No,10,Yes,No,No,No internet service,No internet service,No internet service,No internet service,No internet service,No internet service,Month-to-month,No,Credit card (automatic),21.13,229.46,2,No
CUST-15864,Male,0,No,Yes,27,Yes,Yes,Fiber optic,No,No,No,No,Yes,No,One year,Yes,Electronic check,78.41,2144.28,1,Yes
CUST-15865,Male,0,Yes,Yes,47,Yes,No,Fiber optic,Yes,No,No,Yes,No,No,Month-to-month,No,Electronic check,78.79,3699.82,0,No
CUST-15866,Male,0,No,No,72,Yes,No,No,No internet service,No internet service,No internet service,No internet service,No internet service,No internet service,Month-to-month,Yes,Electronic check,18.25,1347.14,2,No
CUST-15867,Female,0,Yes,No,3,Yes,Yes,Fiber optic,No,No,No,No,Yes,Yes,Month-to-month,Yes,Bank transfer (automatic),79.32,214.45,1,No
CUST-15868,Female,0,Yes,No,25,Yes,No,No,No internet service,No internet service,No internet service,No internet service,No internet service,No internet service,Two year,Yes,Electronic check,23.07,581.62,0,No
CUST-15869,Female,0,Yes,No,50,Yes,No,Fiber optic,Yes,No,No,Yes,No,No,Month-to-month,No,Electronic check,74.14,3716.73,0,No
CUST-15870,Male,1,Yes,No,39,No,No phone service,DSL,Yes,Yes,No,No,No,Yes,One year,Yes,Bank transfer (automatic),53.38,2062.88,1,No
CUST-15871,Female,0,Yes,No,31,Yes,No,No,No internet service,No internet service,No internet service,No internet service,No internet service,No internet service,Month-to-month,Yes,Mailed check,23.47,718.44,0,No
CUST-15872,Male,0,Yes,Yes,49,Yes,Yes,No,No internet service,No internet service,No internet service,No internet service,No internet service,No internet service,Two year,Yes,Credit card (automatic),18.0,880.48,2,No
CUST-15873,Female,0,No,No,9,Yes,Yes,Fiber optic,No,Yes,Yes,No,Yes,Yes,Month-to-month,No,Electronic check,96.74,839.49,0,Yes
CUST-15874,Male,1,No,Yes,40,Yes,No,Fiber optic,No,No,No,Yes,No,Yes,One year,No,Electronic check,81.92,3284.32,1,No
CUST-15875,Male,0,No,No,51,Yes,Yes,Fiber optic,No,No,Yes,No,No,No,Two year,Yes,Electronic check,72.22,3672.67,0,No
CUST-15876,Male,0,Yes,No,8,No,No phone service,No,No internet service,No internet service,No internet service,No internet service,No internet service,No internet service,Month-to-month,Yes,Mailed check,18.0,142.48,1,Yes
CUST-15877,Female,0,No,No,32,Yes,Yes,No,No internet service,No internet service,No internet service,No internet service,No internet service,No internet service,Month-to-month,No,Mailed check,18.0,594.09,0,No
CUST-15878,Female,0,No,No,43,Yes,No,DSL,Yes,Yes,Yes,No,Yes,No,Month-to-month,No,Electronic check,63.81,2757.45,3,No
CUST-15879,Female,0,Yes,Yes,45,Yes,Yes,Fiber optic,No,No,No,Yes,No,No,Month-to-month,No,Mailed check,75.76,3392.32,1,Yes
CUST-15880,Male,0,No,No,3,No,No phone service,Fiber optic,No,No,Yes,No,No,No,Two year,No,Credit card (automatic),76.81,223.39,0,Yes
CUST-15881,Male,0,Yes,No,14,Yes,No,DSL,Yes,Yes,No,No,Yes,No,Month-to-month,No,Electronic check,53.43,738.38,3,No
CUST-15882,Female,0,No,No,1,Yes,No,Fiber optic,No,No,No,Yes,No,Yes,Two year,Yes,Mailed check,77.63,65.8,0,No
CUST-15883,Female,0,Yes,No,62,Yes,Yes,DSL,Yes,No,Yes,No,Yes,No,One year,No,Electronic check,68.25,4224.09,1,No
CUST-15884,Female,0,Yes,No,18,Yes,Yes,No,No internet service,No internet service,No internet service,No internet service,No internet service,No internet service,Month-to-month,No,Electronic check,31.21,552.9,0,No
CUST-15885,Male,0,No,Yes,9,Yes,No,DSL,No,No,No,No,No,No,Month-to-month,Yes,Electronic check,48.45,421.45,0,No
CUST-15886,Male,0,Yes,No,8,Yes,No,No,No internet service,No internet service,No internet service,No internet service,No internet service,No internet service,Month-to-month,Yes,Mailed check,20.06,132.63,2,Yes
CUST-15887,Male,0,Yes,Yes,15,Yes,Yes,No,No internet service,No internet service,No internet service,No internet service,No internet service,No internet service,Month-to-month,No,Mailed check,18.0,273.71,2,Yes
CUST-15888,Male,0,No,No,51,Yes,No,DSL,No,No,Yes,No,No,No,Month-to-month,Yes,Credit card (automatic),50.62,2569.18,0,No
CUST-15889,Male,0,No,No,10,Yes,Yes,Fiber optic,No,Yes,No,Yes,No,Yes,Month-to-month,No,Credit card (automatic),83.67,818.82,1,No
CUST-15890,Female,0,No,No,68,Yes,No,Fiber optic,Yes,Yes,Yes,No,No,No,Two year,Yes,Bank transfer (automatic),94.57,6414.34,0,No
CUST-15891,Male,0,Yes,No,6,Yes,Yes,No,No internet service,No internet service,No internet service,No internet service,No internet service,No internet service,Month-to-month,Yes,Electronic check,18.08,109.63,3,No
CUST-15892,Male,1,Yes,Yes,72,Yes,Yes,No,No internet service,No internet service,No internet service,No internet service,No internet service,No internet service,Month-to-month,Yes,Credit card (automatic),24.52,1738.1,1,No
CUST-15893,Male,0,No,No,15,Yes,Yes,Fiber optic,Yes,Yes,Yes,No,No,Yes,Month-to-month,No,Credit card (automatic),90.51,1392.25,1,No
CUST-15894,Male,0,Yes,Yes,69,No,No phone service,No,No internet service,No internet service,No internet service,No internet service,No internet service,No internet service,One year,No,Credit card (automatic),26.15,1814.46,0,No
CUST-15895,Male,0,Yes,Yes,62,Yes,No,DSL,No,No,No,Yes,No,Yes,One year,Yes,Electronic check,55.61,3438.34,0,Yes
CUST-15896,Female,0,No,No,62,Yes,No,Fiber optic,Yes,Yes,No,No,No,Yes,Month-to-month,Yes,Bank transfer (automatic),88.73,5475.24,1,No
CUST-15897,Male,0,Yes,Yes,23,Yes,No,No,No internet service,No internet service,No internet service,No internet service,No internet service,No internet service,Two year,Yes,Credit card (automatic),19.78,471.2,1,No
CUST-15898,Male,0,Yes,Yes,7,Yes,Yes,DSL,No,No,No,No,No,No,Two year,Yes,Bank transfer (automatic),48.34,328.04,1,No
CUST-15899,Male,1,Yes,No,29,Yes,Yes,No,No internet service,No internet service,No internet service,No internet service,No internet service,No internet service,One year,Yes,Bank transfer (automatic),18.0,495.49,0,No
CUST-15900,Female,0,Yes,No,12,Yes,No,Fiber optic,Yes,No,No,No,Yes,No,Two year,Yes,Bank transfer (automatic),86.17,1018.48,0,Yes
CUST-15901,Female,1,Yes,Yes,63,Yes,No,Fiber optic,No,No,Yes,No,No,No,One year,No,Mailed check,65.8,4128.27,0,No
CUST-15902,Female,0,Yes,No,28,Yes,No,DSL,No,No,No,No,No,Yes,Two year,No,Credit card (automatic),53.22,1495.26,1,No
CUST-15903,Male,0,Yes,No,25,Yes,No,DSL,No,Yes,No,No,Yes,No,Month-to-month,Yes,Credit card (automatic),50.49,1252.9,2,No
CUST-15904,Female,0,No,No,12,Yes,Yes,DSL,No,Yes,Yes,No,No,Yes,Month-to-month,No,Credit card (automatic),65.08,795.73,1,Yes
CUST-15905,Male,0,No,No,17,No,No phone service,Fiber optic,Yes,Yes,No,No,No,Yes,Two year,Yes,Credit card (automatic),93.15,1577.48,0,Yes
CUST-15906,Male,0,Yes,No,37,Yes,No,No,No internet service,No internet service,No internet service,No internet service,No internet service,No internet service,Month-to-month,Yes,Mailed check,18.0,669.59,0,Yes
CUST-15907,Female,0,No,No,33,Yes,No,Fiber optic,Yes,No,No,No,No,Yes,Month-to-month,No,Electronic check,75.58,2470.86,1,Yes
CUST-15908,Male,0,Yes,No,43,Yes,No,Fiber optic,No,No,No,No,No,Yes,Month-to-month,Yes,Electronic check,70.68,3035.67,1,Yes
CUST-15909,Male,1,Yes,Yes,45,Yes,No,DSL,Yes,No,No,Yes,Yes,No,Month-to-month,Yes,Credit card (automatic),68.89,3093.93,2,No
CUST-15910,Male,0,Yes,No,48,No,No phone service,DSL,Yes,No,No,No,No,Yes,Month-to-month,Yes,Electronic check,48.73,2338.66,1,No
CUST-15911,Female,0,No,No,8,Yes,Yes,No,No internet service,No internet service,No internet service,No internet service,No internet service,No internet service,One year,No,Mailed check,18.0,134.69,0,No
CUST-15912,Male,1,No,No,34,Yes,Yes,DSL,Yes,No,Yes,Yes,No,No,Two year,No,Mailed check,52.07,1755.92,0,No
CUST-15913,Male,0,No,Yes,32,Yes,Yes,DSL,Yes,No,No,Yes,Yes,No,Month-to-month,Yes,Electronic check,63.8,2030.94,1,No
CUST-15914,Female,0,Yes,No,6,Yes,No,Fiber optic,No,No,No,No,No,No,One year,No,Bank transfer (automatic),72.19,409.91,2,No
CUST-15915,Male,0,Yes,No,36,Yes,No,Fiber optic,Yes,No,Yes,Yes,No,No,Month-to-month,Yes,Bank transfer (automatic),75.57,2726.14,0,No
CUST-15916,Male,0,No,No,62,Yes,No,DSL,No,Yes,No,No,Yes,No,Month-to-month,No,Electronic check,63.22,3913.42,2,No
CUST-15917,Female,0,Yes,No,36,Yes,No,No,No internet service,No internet service,No internet service,No internet service,No internet service,No internet service,One year,No,Bank transfer (automatic),22.65,776.37,0,No
CUST-15918,Male,0,No,No,6,Yes,No,Fiber optic,Yes,Yes,No,No,Yes,No,Two year,Yes,Bank transfer (automatic),81.16,491.12,0,Yes
CUST-15919,Male,0,No,Yes,12,Yes,No,DSL,Yes,No,No,Yes,No,No,Month-to-month,No,Mailed check,47.54,550.19,1,No
CUST-15920,Male,0,No,No,31,Yes,No,No,No internet service,No internet service,No internet service,No internet service,No internet service,No internet service,Month-to-month,No,Electronic check,29.25,890.52,2,No
CUST-15921,Male,0,No,No,10,No,No phone service,DSL,Yes,Yes,No,No,Yes,Yes,Month-to-month,No,Credit card (automatic),69.47,760.24,3,Yes
CUST-15922,Male,0,No,Yes,39,Yes,Yes,Fiber optic,No,Yes,No,Yes,Yes,No,Two year,No,Mailed check,87.12,3408.67,0,No
CUST-15923,Female,0,No,No,25,Yes,Yes,No,No internet service,No internet service,No internet service,No internet service,No internet service,No internet service,Month-to-month,Yes,Mailed check,26.09,641.15,2,Yes
CUST-15924,Female,0,No,No,47,Yes,Yes,No,No internet service,No internet service,No internet service,No internet service,No internet service,No internet service,Month-to-month,Yes,Bank transfer (automatic),21.29,1001.39,3,Yes
CUST-15925,Female,0,Yes,No,20,Yes,No,Fiber optic,Yes,Yes,No,No,No,No,Two year,Yes,Credit card (automatic),76.24,1518.7,0,No
CUST-15926,Female,0,No,No,31,Yes,No,DSL,Yes,No,No,No,No,No,One year,Yes,Mailed check,39.12,1273.04,0,No
CUST-15927,Male,0,Yes,Yes,13,Yes,No,Fiber optic,Yes,No,No,No,Yes,Yes,Two year,Yes,Bank transfer (automatic),94.65,1236.47,1,No
CUST-15928,Male,0,Yes,Yes,72,No,No phone service,No,No internet service,No internet service,No internet service,No internet service,No internet service,No internet service,Two year,Yes,Mailed check,26.26,1901.46,1,No
CUST-15929,Male,1,Yes,Yes,25,Yes,No,Fiber optic,No,No,No,No,Yes,No,Month-to-month,Yes,Electronic check,74.69,1836.19,1,No
CUST-15930,Male,0,Yes,No,8,Yes,Yes,Fiber optic,Yes,Yes,No,No,No,Yes,One year,No,Electronic check,87.22,695.43,1,No
CUST-15931,Male,0,No,No,52,Yes,Yes,DSL,No,No,No,No,No,No,Month-to-month,No,Electronic check,49.89,2574.29,1,No
CUST-15932,Female,0,No,No,19,Yes,No,Fiber optic,No,No,Yes,Yes,No,No,Two year,Yes,Electronic check,78.95,1520.18,0,No
CUST-15933,Female,0,Yes,No,50,Yes,No,No,No internet service,No internet service,No internet service,No internet service,No internet service,No internet service,Month-to-month,Yes,Mailed check,18.0,927.06,1,Yes
CUST-15934,Male,0,Yes,Yes,19,Yes,No,Fiber optic,Yes,Yes,No,No,No,No,One year,Yes,Electronic check,78.53,1471.38,0,No
CUST-15935,Male,0,No,Yes,10,Yes,Yes,DSL,Yes,No,Yes,No,No,Yes,Month-to-month,No,Credit card (automatic),62.48,602.18,2,Yes
CUST-15936,Male,0,No,No,24,Yes,Yes,Fiber optic,No,No,No,No,Yes,Yes,Month-to-month,Yes,Credit card (automatic),86.66,2058.95,1,No
CUST-15937,Female,1,No,Yes,7,Yes,Yes,Fiber optic,Yes,Yes,Yes,No,Yes,No,Month-to-month,No,Mailed check,86.39,643.54,2,No
CUST-15938,Male,0,Yes,Yes,19,Yes,No,Fiber optic,Yes,Yes,Yes,No,Yes,No,One year,No,Mailed check,90.03,1696.84,2,No
CUST-15939,Male,0,No,No,46,Yes,No,DSL,No,Yes,No,No,No,No,Month-to-month,No,Mailed check,38.77,1777.2,1,No
CUST-15940,Male,0,No,No,35,Yes,No,DSL,No,No,No,Yes,Yes,Yes,Month-to-month,Yes,Bank transfer (automatic),72.18,2537.57,2,No
CUST-15941,Female,0,Yes,No,27,Yes,No,No,No internet service,No internet service,No internet service,No internet service,No internet service,No internet service,Month-to-month,Yes,Bank transfer (automatic),19.51,484.76,3,Yes
CUST-15942,Male,1,Yes,No,19,Yes,No,Fiber optic,Yes,No,Yes,No,Yes,No,Month-to-month,No,Mailed check,93.53,1792.9,4,Yes
CUST-15943,Female,1,Yes,No,65,Yes,No,No,No internet service,No internet service,No internet service,No internet service,No internet service,No internet service,Month-to-month,Yes,Mailed check,18.0,1177.39,0,No
CUST-15944,Female,0,Yes,No,28,Yes,No,Fiber optic,No,Yes,Yes,No,No,No,Month-to-month,Yes,Bank transfer (automatic),87.77,2433.97,2,Yes
CUST-15945,Female,1,No,Yes,14,Yes,No,Fiber optic,No,Yes,No,Yes,No,Yes,Month-to-month,Yes,Mailed check,92.26,1278.16,1,Yes
CUST-15946,Female,0,Yes,No,45,Yes,No,DSL,No,No,No,Yes,Yes,No,Month-to-month,Yes,Bank transfer (automatic),49.87,2230.02,2,No
CUST-15947,Female,1,Yes,Yes,37,Yes,Yes,Fiber optic,No,Yes,No,No,Yes,No,One year,No,Credit card (automatic),80.36,2984.15,1,No
CUST-15948,Female,0,Yes,Yes,12,Yes,Yes,DSL,No,No,No,Yes,No,No,One year,Yes,Bank transfer (automatic),44.58,557.86,1,No
CUST-15949,Male,0,Yes,Yes,57,Yes,No,No,No internet service,No internet service,No internet service,No internet service,No internet service,No internet service,Two year,No,Electronic check,21.73,1236.21,1,No
CUST-15950,Male,0,No,No,29,Yes,No,DSL,No,Yes,Yes,Yes,Yes,Yes,Month-to-month,No,Bank transfer (automatic),80.6,2353.58,0,No
CUST-15951,Male,0,Yes,No,32,Yes,Yes,DSL,No,No,No,No,No,No,Two year,Yes,Mailed check,47.84,1515.42,0,No
CUST-15952,Female,0,No,No,59,Yes,Yes,DSL,No,No,Yes,Yes,No,No,Month-to-month,No,Bank transfer (automatic),56.69,3344.89,1,No
CUST-15953,Male,0,Yes,No,6,Yes,No,Fiber optic,No,Yes,Yes,No,Yes,Yes,Month-to-month,No,Credit card (automatic),98.69,583.06,2,Yes
CUST-15954,Female,0,No,No,12,Yes,Yes,No,No internet service,No internet service,No internet service,No internet service,No internet service,No internet service,Month-to-month,No,Electronic check,19.09,226.26,1,No
CUST-15955,Female,0,No,No,60,Yes,Yes,DSL,No,Yes,No,Yes,No,No,Month-to-month,No,Electronic check,61.89,3692.11,1,Yes
CUST-15956,Female,0,No,No,12,Yes,No,Fiber optic,No,No,No,No,No,Yes,Month-to-month,Yes,Mailed check,67.86,779.36,2,No
CUST-15957,Male,1,No,No,25,Yes,Yes,DSL,Yes,No,No,No,No,Yes,One year,Yes,Electronic check,59.16,1484.52,1,No
CUST-15958,Female,0,No,No,66,Yes,Yes,Fiber optic,No,No,No,No,Yes,No,Month-to-month,Yes,Bank transfer (automatic),78.09,5148.85,2,Yes
CUST-15959,Female,1,Yes,No,9,Yes,No,DSL,Yes,No,No,Yes,No,Yes,One year,Yes,Bank transfer (automatic),57.88,512.28,1,Yes
CUST-15960,Male,0,No,No,3,Yes,No,Fiber optic,No,Yes,No,No,Yes,No,One year,Yes,Mailed check,76.89,227.5,0,No
CUST-15961,Male,0,No,Yes,8,Yes,Yes,Fiber optic,No,Yes,No,No,Yes,No,Month-to-month,Yes,Mailed check,74.14,612.32,0,Yes
CUST-15962,Female,0,No,No,25,Yes,No,DSL,No,No,Yes,No,No,Yes,Month-to-month,Yes,Bank transfer (automatic),52.62,1271.69,0,No
CUST-15963,Female,0,Yes,No,21,Yes,No,Fiber optic,No,No,No,No,Yes,No,Month-to-month,Yes,Electronic check,82.36,1783.13,0,No
CUST-15964,Male,0,Yes,No,19,No,No phone service,Fiber optic,No,No,No,Yes,Yes,Yes,Month-to-month,Yes,Bank transfer (automatic),87.39,1641.85,2,Yes
CUST-15965,Male,0,No,No,17,Yes,Yes,Fiber optic,No,Yes,No,No,Yes,No,Month-to-month,Yes,Mailed check,79.51,1340.94,0,Yes
CUST-15966,Male,0,Yes,No,11,Yes,Yes,Fiber optic,No,No,No,Yes,Yes,Yes,Month-to-month,No,Bank transfer (automatic),80.93,915.24,0,No
CUST-15967,Female,0,Yes,No,18,Yes,No,Fiber optic,Yes,Yes,Yes,Yes,Yes,Yes,Month-to-month,Yes,Bank transfer (automatic),107.7,1965.77,1,No
CUST-15968,Male,0,Yes,No,34,Yes,No,Fiber optic,No,Yes,No,No,Yes,Yes,Month-to-month,No,Bank transfer (automatic),91.74,3084.22,1,Yes
CUST-15969,Male,0,No,No,42,Yes,Yes,No,No internet service,No internet service,No internet service,No internet service,No internet service,No internet service,Month-to-month,No,Electronic check,23.66,975.88,4,Yes
CUST-15970,Male,0,No,No,36,Yes,No,No,No internet service,No internet service,No internet service,No internet service,No internet service,No internet service,Two year,Yes,Bank transfer (automatic),18.0,652.23,1,No
CUST-15971,Female,0,No,No,17,Yes,No,Fiber optic,No,Yes,No,No,No,Yes,Two year,No,Bank transfer (automatic),81.48,1363.18,0,No
CUST-15972,Male,0,Yes,Yes,21,Yes,Yes,No,No internet service,No internet service,No internet service,No internet service,No internet service,No internet service,Month-to-month,No,Bank transfer (automatic),21.77,466.24,2,No
CUST-15973,Male,0,Yes,No,46,Yes,No,No,No internet service,No internet service,No internet service,No internet service,No internet service,No internet service,Month-to-month,Yes,Electronic check,20.89,957.93,3,Yes
CUST-15974,Male,0,Yes,Yes,46,Yes,Yes,DSL,No,Yes,No,No,No,Yes,Month-to-month,Yes,Electronic check,45.75,2066.92,0,Yes
CUST-15975,Male,0,No,No,72,Yes,Yes,No,No internet service,No internet service,No internet service,No internet service,No internet service,No internet service,Month-to-month,No,Credit card (automatic),22.03,1609.59,1,No
CUST-15976,Male,0,No,Yes,19,Yes,Yes,DSL,No,No,No,Yes,Yes,No,Month-to-month,No,Mailed check,45.67,882.97,3,No
CUST-15977,Female,0,Yes,No,7,Yes,No,DSL,Yes,Yes,Yes,No,No,No,Month-to-month,Yes,Bank transfer (automatic),70.46,496.56,5,Yes
CUST-15978,Female,0,No,Yes,26,No,No phone service,No,No internet service,No internet service,No internet service,No internet service,No internet service,No internet service,Month-to-month,No,Mailed check,18.0,504.09,1,No
CUST-15979,Female,0,No,Yes,38,Yes,No,DSL,No,No,No,No,No,Yes,Two year,No,Bank transfer (automatic),57.97,2213.03,0,No
CUST-15980,Male,0,Yes,No,48,Yes,No,Fiber optic,Yes,Yes,Yes,Yes,No,Yes,Two year,No,Electronic check,96.57,4616.38,0,No
CUST-15981,Female,0,Yes,No,16,Yes,Yes,No,No internet service,No internet service,No internet service,No internet service,No internet service,No internet service,Two year,No,Electronic check,19.84,289.93,1,No
CUST-15982,Female,0,No,Yes,30,Yes,No,DSL,No,Yes,No,Yes,Yes,Yes,Month-to-month,No,Electronic check,67.55,1979.89,1,Yes
CUST-15983,Female,0,Yes,No,41,Yes,Yes,DSL,Yes,No,No,Yes,No,Yes,Two year,Yes,Mailed check,60.92,2476.55,0,No
CUST-15984,Male,0,No,No,25,Yes,No,Fiber optic,No,No,Yes,No,Yes,Yes,Month-to-month,Yes,Credit card (automatic),75.52,1893.48,2,Yes
CUST-15985,Male,0,Yes,Yes,21,Yes,No,Fiber optic,No,Yes,No,Yes,Yes,No,One year,No,Mailed check,84.78,1776.38,0,No
CUST-15986,Female,0,No,No,34,Yes,Yes,No,No internet service,No internet service,No internet service,No internet service,No internet service,No internet service,Two year,Yes,Bank transfer (automatic),18.0,604.13,0,No
CUST-15987,Female,1,No,No,2,Yes,Yes,No,No internet service,No internet service,No internet service,No internet service,No internet service,No internet service,Two year,Yes,Electronic check,18.0,40.5,0,No
CUST-15988,Male,0,No,No,19,Yes,No,DSL,No,No,No,No,Yes,Yes,One year,Yes,Credit card (automatic),52.12,995.02,0,No
CUST-15989,Male,0,No,No,72,Yes,No,Fiber optic,Yes,No,No,No,No,No,Month-to-month,Yes,Mailed check,75.25,5439.89,3,No
CUST-15990,Female,0,No,No,33,Yes,No,Fiber optic,No,No,No,No,Yes,Yes,Month-to-month,Yes,Mailed check,75.19,2496.01,2,No
CUST-15991,Male,0,No,Yes,72,Yes,No,Fiber optic,No,No,No,No,Yes,Yes,One year,No,Bank transfer (automatic),80.3,5778.88,1,No
CUST-15992,Female,0,Yes,No,28,Yes,Yes,DSL,No,No,No,Yes,No,Yes,Two year,No,Mailed check,55.33,1544.05,0,No
CUST-15993,Male,0,Yes,Yes,56,Yes,No,DSL,Yes,No,No,No,No,No,One year,Yes,Electronic check,49.16,2771.08,0,No
CUST-15994,Female,0,No,No,17,Yes,No,DSL,No,Yes,No,No,No,No,Month-to-month,No,Electronic check,46.87,801.03,2,No
CUST-15995,Female,0,No,Yes,19,Yes,Yes,No,No internet service,No internet service,No internet service,No internet service,No internet service,No internet service,Month-to-month,No,Electronic check,19.15,353.31,2,No
CUST-15996,Male,0,Yes,No,14,Yes,Yes,No,No internet service,No internet service,No internet service,No internet service,No internet service,No internet service,Month-to-month,Yes,Bank transfer (automatic),19.19,239.87,3,Yes
CUST-15997,Female,1,Yes,No,53,Yes,No,DSL,No,No,No,Yes,No,No,Two year,Yes,Credit card (automatic),43.33,2326.87,1,No
CUST-15998,Female,0,No,No,11,Yes,No,DSL,Yes,No,No,No,No,Yes,Month-to-month,Yes,Electronic check,56.59,644.95,0,Yes
CUST-15999,Female,1,Yes,No,4,Yes,Yes,Fiber optic,No,No,Yes,No,Yes,Yes,One year,No,Mailed check,92.43,356.28,0,No
